INSERT INTO `almacen` (`id`, `id_unidad_id`, `descripcion`, `activo`, `codigo`) VALUES
(1, 1, 'Almacén de Materiales y Mercancias', 1, '01'),
(2, 1, 'Almacén Mercancias para la Venta', 1, '02'),
(3, 1, 'Almacén de Productos Terminados', 1, '03');

INSERT INTO `cargo` (`id`, `nombre`, `activo`) VALUES
(1, 'Administrador del Sistema', 1);

INSERT INTO `categoria_cliente` (`id`, `nombre`, `prefijo`) VALUES
(1, 'Factura de Crédito Fiscal', 'B01'),
(2, 'Factura de Consumo', 'B02'),
(3, 'Nota de Débito', 'B03'),
(4, 'Nota de Crédito', 'B04'),
(5, 'Comprobante de Compra', 'B11'),
(6, 'Registro Único de Ingreso', 'B12'),
(7, 'Comprobante para Gastos Menor', 'B13'),
(8, 'Comprobante para Regímen Especial', 'B14'),
(9, 'Comprobante Gubernamental', 'B15'),
(10, 'Comprobante para Exportación', 'B16'),
(11, 'Comprobante de Pago al Exterior', 'B17');

INSERT INTO `centro_costo` (`id`, `id_unidad_id`, `activo`, `codigo`, `nombre`) VALUES
(22, 1, 1, '0150', 'Combo de aseo'),
(23, 1, 1, '0160', 'Combo de Medicamento'),
(24, 1, 1, '0170', 'Combo de Alimento'),
(25, 1, 1, '0180', 'Otros');

INSERT INTO `criterio_analisis` (`id`, `nombre`, `abreviatura`, `activo`) VALUES
(1, 'ALMACéN', 'ALM', 1),
(2, 'UNIDADES', 'UNID', 1),
(3, 'CENTROS DE COSTO', 'CCT', 1),
(4, 'OBJETOS DE OBRAS', 'OBO', 1),
(5, 'ELEMENTOS DE GASTOS', 'EG', 1),
(6, 'CLIENTES Y PROVEEDORES', 'CLIPRO', 1),
(7, 'TARJETAS MAGNETICAS', 'TM', 1),
(8, 'TRABAJADORES', 'TRAB', 1),
(9, 'PROYECTOS', 'PRO', 1),
(10, 'ORDEN DE TRABAJO', 'OT', 1),
(11, 'EXPEDIENTE', 'EXP', 1),
(12, 'AREAS DE RESPONSABILIDAD', 'AR', 1),
(13, 'GRUPOS DE ACTIVOS FIJOS', 'GA', 1),
(14, 'CREDITOS  BANCARIOS', 'CRB', 1),
(15, 'ACCIONISTAS', 'ACC', 1),
(16, 'CUENTAS DE INGRESOS', 'ING', 1),
(17, 'CUENTAS DE GASTOS', 'GAT', 1);

INSERT INTO `cuenta` (`id`, `id_tipo_cuenta_id`, `nro_cuenta`, `nombre`, `deudora`, `mixta`, `obligacion_deudora`, `obligacion_acreedora`, `activo`, `produccion`) VALUES
(1, 1, 103, 'Efectivo en Caja', 1, 0, 0, 0, 1, 0),
(2, 1, 109, 'Efectivo en Banco', 1, 0, 0, 0, 1, 0),
(3, 1, 131, 'Efectos por Cobrar a Corto Plazo', 1, 0, 1, 0, 1, 0),
(4, 1, 134, 'Cuenta en Participacion', 1, 0, 1, 0, 1, 0),
(5, 1, 142, 'Prestamos y Otras Operaciones Crediticias', 1, 0, 0, 0, 1, 0),
(6, 1, 146, 'Pagos Anticipados a Suministradores', 1, 0, 0, 0, 1, 0),
(7, 1, 160, 'Anticipos a Justificar', 1, 0, 0, 0, 1, 0),
(8, 1, 135, 'Cuentas por Cobrar', 1, 0, 1, 0, 1, 0),
(9, 1, 164, 'Adeudos con el  Estado', 1, 0, 0, 0, 1, 0),
(10, 1, 183, 'Materias Primas y Materiales', 1, 0, 0, 0, 1, 0),
(11, 1, 184, 'Combustible  Lubricantes', 1, 0, 0, 0, 1, 0),
(12, 1, 185, 'Partes  y  Piezas de  Repuesto', 1, 0, 0, 0, 1, 0),
(13, 1, 187, 'Utiles y Herramientas', 1, 0, 0, 0, 1, 0),
(14, 1, 188, 'Produccion Terminada', 1, 0, 0, 0, 1, 0),
(15, 1, 189, 'Mercancias para la Venta', 1, 0, 0, 0, 1, 0),
(16, 1, 190, 'Medicamentos', 1, 0, 0, 0, 1, 0),
(17, 1, 193, 'Alimentos', 1, 0, 0, 0, 1, 0),
(18, 2, 216, 'Efectos por Cobrar a Largo Plazo', 1, 0, 1, 0, 1, 0),
(19, 2, 220, 'Cuentas por Cobrar a Largo Plazo', 1, 0, 1, 0, 1, 0),
(20, 2, 225, 'Prestamos Concedidos a Largo Plazo', 1, 0, 1, 0, 1, 0),
(21, 2, 227, 'Inversiones a Largo Plazo', 1, 0, 0, 0, 1, 0),
(22, 3, 240, 'Activos Fijos', 1, 0, 0, 0, 1, 0),
(23, 3, 255, 'Activos Fijos Intangibles', 1, 0, 0, 0, 1, 0),
(24, 3, 265, 'Inversiones en Proceso', 1, 0, 0, 0, 1, 0),
(25, 3, 290, 'Compra de Activos Fijos', 1, 0, 1, 0, 1, 0),
(26, 3, 292, 'Compra de Activos Fijos Intangibles', 1, 0, 1, 0, 1, 0),
(27, 4, 300, 'Gastos de Produccion y Servicios Diferidos', 1, 0, 0, 0, 1, 0),
(28, 4, 306, 'Gastos Financieros Diferidos', 1, 0, 0, 0, 1, 0),
(29, 5, 330, 'Perdida en Investigacion', 1, 0, 0, 0, 1, 0),
(30, 5, 332, 'Faltantes de Bienes', 1, 0, 0, 0, 1, 0),
(31, 2, 335, 'Cuentas por Cobrar Diversas', 1, 0, 1, 0, 1, 0),
(32, 6, 373, 'Desgaste de Utiles y Herramientas', 0, 0, 0, 0, 1, 0),
(33, 6, 375, 'Depreciacion de Activos Fijos Tangibles', 0, 0, 0, 0, 1, 0),
(34, 6, 390, 'Amortizacion de Activos Fijos Intangibles', 0, 0, 0, 0, 1, 0),
(35, 7, 401, 'Efectos por pagar a Corto Plazo', 0, 0, 0, 1, 1, 0),
(36, 7, 405, 'Cuentas por pagar a Corto Plazo', 0, 0, 0, 1, 1, 0),
(37, 7, 421, 'Cuentas por Pagar - Activos Fijos', 0, 0, 0, 1, 1, 0),
(38, 7, 425, 'Cuentas por Pagar del Proceso Inversionista', 0, 0, 0, 1, 1, 0),
(39, 7, 430, 'Cobros Anticipados', 0, 0, 0, 1, 1, 0),
(40, 7, 435, 'Depositos Recibidos', 0, 0, 0, 1, 1, 0),
(41, 7, 440, 'Obligacion con el Estado', 0, 0, 0, 1, 1, 0),
(42, 7, 455, 'Nominas por Pagar', 0, 0, 0, 1, 1, 0),
(43, 7, 470, 'Prestamos Recibidos', 0, 0, 0, 1, 1, 0),
(44, 7, 492, 'Provision para Vacaciones', 0, 0, 0, 0, 1, 0),
(45, 8, 510, 'Efectos por pagar a largo plazo', 0, 0, 0, 1, 1, 0),
(46, 8, 515, 'Cuentas por Pagar a Largo Plazo', 0, 0, 0, 1, 1, 0),
(47, 8, 520, 'Prestamos Recibidos a Largo Plazo', 0, 0, 0, 1, 1, 0),
(48, 8, 540, 'Bonos por Pagar', 0, 0, 0, 1, 1, 0),
(49, 9, 545, 'Ingresos Diferidos', 0, 0, 0, 0, 1, 0),
(50, 10, 555, 'Sobrantes en Investigacion', 0, 0, 0, 0, 1, 0),
(51, 10, 565, 'Cuentas por Pagar Diversas', 0, 0, 0, 0, 1, 0),
(52, 10, 569, 'Cuentas por Pagar Compra de Monedas', 0, 0, 0, 0, 1, 0),
(53, 10, 570, 'Ingresos de Periodos Futuros', 0, 0, 0, 0, 1, 0),
(54, 11, 600, 'Capital Contable', 0, 0, 0, 0, 1, 0),
(55, 11, 605, 'Acciones por Emitir', 1, 0, 0, 0, 1, 0),
(56, 11, 608, 'Acciones Suscritas', 0, 0, 0, 0, 1, 0),
(57, 11, 615, 'Revalorizacion de Activos Fijos Tangibles', 1, 0, 0, 0, 1, 0),
(58, 11, 620, 'Donaciones Recibidas', 0, 0, 0, 0, 1, 0),
(59, 11, 630, 'Utilidades Retenidas', 0, 0, 0, 0, 1, 0),
(60, 11, 640, 'Perdidas', 1, 0, 0, 0, 1, 0),
(61, 11, 696, 'Operaciones entre Dependencias Activos', 1, 0, 0, 0, 1, 0),
(62, 11, 697, 'Operaciones entre Dependencia Pasivo', 0, 0, 0, 0, 1, 0),
(63, 2, 700, 'Producciones en Proceso', 1, 0, 0, 0, 1, 1),
(64, 12, 730, 'Reparaciones Capitales con Medios Propios', 1, 0, 0, 0, 1, 0),
(65, 13, 800, 'Devoluciones en Ventas', 1, 0, 0, 0, 1, 0),
(66, 13, 806, 'Impuestos por las Ventas', 1, 0, 0, 0, 1, 0),
(67, 13, 810, 'Costo de Ventas de Produccion', 1, 0, 0, 0, 1, 0),
(68, 13, 815, 'Costo de Ventas de Mercancias', 1, 0, 0, 0, 1, 0),
(69, 13, 823, 'Gastos de Administracion', 1, 0, 0, 0, 1, 0),
(70, 13, 819, 'Gastos de Distribucion y Ventas', 1, 0, 0, 0, 1, 0),
(71, 13, 839, 'Gastos por Perdidas en Tasas de Cambio', 1, 0, 0, 0, 1, 0),
(72, 13, 845, 'Gastos por Perdidas', 1, 0, 0, 0, 1, 0),
(73, 13, 850, 'Gastos por Faltantes', 1, 0, 0, 0, 1, 0),
(74, 13, 855, 'Otros Impuestos y Contribuciones', 1, 0, 0, 0, 1, 0),
(75, 14, 901, 'Ventas de Mercancias', 0, 0, 0, 0, 1, 0),
(76, 14, 900, 'Ventas de Produccion', 0, 0, 0, 0, 1, 0),
(77, 14, 920, 'Ingresos Financieros', 0, 0, 0, 0, 1, 0),
(78, 14, 924, 'Ingresos por Variacion de Tasas de Cambio', 0, 0, 0, 0, 1, 0),
(79, 14, 930, 'Ingresos por Sobrantes de Bienes', 0, 0, 0, 0, 1, 0),
(80, 14, 950, 'Otros Ingresos', 0, 0, 0, 0, 1, 0),
(81, 14, 953, 'Ingresos por Donaciones Recibidas', 0, 0, 0, 0, 1, 0),
(82, 15, 999, 'Resultados', 0, 1, 0, 0, 1, 0),
(83, 14, 903, 'Venta de Servicios Prestados', 0, 0, 0, 0, 1, 0),
(84, 13, 816, 'Costo de Venta de Servicios Prestados', 1, 0, 0, 0, 1, 0),
(85, 11, 646, 'Reservas para Inversiones', 0, 0, 0, 0, 1, 0),
(86, 8, 526, 'Obligaciones a Largo Plazo', 0, 0, 0, 1, 1, 0);

INSERT INTO `cuenta_criterio_analisis` (`id`, `id_cuenta_id`, `id_criterio_analisis_id`, `orden`) VALUES
(10, 3, 6, NULL),
(11, 5, 14, NULL),
(13, 6, 6, NULL),
(14, 4, 15, NULL),
(15, 7, 8, NULL),
(16, 8, 6, NULL),
(18, 10, 1, NULL),
(19, 11, 1, NULL),
(21, 13, 1, NULL),
(23, 12, 1, NULL),
(26, 14, 1, NULL),
(28, 16, 1, NULL),
(29, 17, 1, NULL),
(30, 18, 6, NULL),
(31, 19, 6, NULL),
(32, 20, 6, NULL),
(33, 21, 4, NULL),
(36, 23, 2, NULL),
(37, 24, 4, NULL),
(38, 25, 6, NULL),
(39, 26, 6, NULL),
(43, 35, 6, NULL),
(48, 38, 6, NULL),
(51, 36, 6, NULL),
(52, 37, 6, NULL),
(54, 39, 6, NULL),
(55, 40, 6, NULL),
(57, 43, 6, NULL),
(58, 44, 8, NULL),
(59, 45, 6, NULL),
(60, 46, 6, NULL),
(65, 48, 6, NULL),
(66, 50, 11, NULL),
(67, 51, 6, NULL),
(68, 52, 6, NULL),
(69, 55, 15, NULL),
(74, 15, 1, NULL),
(79, 27, 5, NULL),
(80, 28, 11, NULL),
(81, 29, 11, NULL),
(82, 30, 11, NULL),
(83, 31, 6, NULL),
(84, 31, 8, NULL),
(85, 56, 15, NULL),
(96, 64, 4, NULL),
(97, 64, 5, NULL),
(136, 61, 2, 1),
(137, 61, 1, 2),
(138, 63, 3, 1),
(139, 63, 10, 2),
(140, 63, 5, 3),
(141, 62, 2, 1),
(142, 62, 1, 2),
(148, 70, 3, 1),
(149, 70, 5, 2),
(155, 69, 3, 1),
(156, 69, 5, 2),
(160, 22, 12, 2),
(161, 22, 3, 3),
(162, 86, 6, 1),
(164, 42, 8, 1);

INSERT INTO `elemento_gasto` (`id`, `codigo`, `descripcion`, `activo`) VALUES
(1, '1001', 'Materiales de Oficina', 1),
(2, '1002', 'Materiales y Productos de Aseo', 1),
(3, '1003', 'Alimentos', 1),
(4, '1004', 'Materiales de Limpieza', 1),
(5, '1005', 'Desgaste de Utiles y Herramientas', 1),
(6, '1006', 'Piezas de Repuestos', 1),
(7, '1007', 'Otros Materiales', 1),
(8, '3001', 'Gasolina', 1),
(9, '3002', 'Diesel', 1),
(10, '3003', 'Grasas y Lubricantes', 1),
(11, '3004', 'Otros Combustibles', 1),
(12, '4001', 'Energia Electrica', 1),
(13, '5001', 'Gasto de Sueldo', 1),
(14, '5002', 'Seguridad Social', 1),
(15, '5003', 'Vacaciones', 1),
(16, '6001', 'Impuestos Utilizacion Fuerza de Trabajo', 1),
(17, '7001', 'Depreciacion de Activos Fijos', 1),
(18, '7002', 'Amortizacion de Gastos Diferidos', 1),
(19, '8001', 'Servicios de Reparacion y Mantenimiento', 1),
(20, '8002', 'Servicios de Comunicaciones', 1),
(21, '8003', 'Servicios de Transportacion', 1),
(22, '8004', 'Viaticos', 1),
(23, '8005', 'Otros Servicios', 1),
(24, 'Traspasos de Gastos Indirectos', '9000', 1);

INSERT INTO `instrumento_cobro` (`id`, `nombre`, `activo`) VALUES
(1, 'Cheque', 1),
(2, 'Transferencia', 1),
(3, 'Efectivo', 1);

INSERT INTO `moneda` (`id`, `nombre`, `activo`) VALUES
(1, 'USD', 1),
(2, 'EUR', 1),
(3, 'RD$', 1),
(4, 'CUP', 1);

INSERT INTO `subcuenta` (`id`, `id_cuenta_id`, `nro_subcuenta`, `elemento_gasto`, `descripcion`, `deudora`, `activo`) VALUES
(1, 1, '0001', 0, 'Efectivo', 1, 1),
(2, 13, '00001', 0, 'En Almacen', 1, 1),
(3, 13, '0002', 0, 'En Uso', 1, 1),
(4, 14, '0020', 0, 'Produccion', 1, 1),
(5, 14, '0030', 0, 'Ventas', 0, 1),
(6, 14, '0040', 0, 'Otros Aumentos', 1, 1),
(7, 14, '0050', 0, 'Otras Disminuciones', 0, 1),
(8, 24, '01', 0, 'Saldo de Inico', 1, 1),
(9, 24, '0010', 0, 'Construccion y Montaje', 1, 1),
(10, 24, '00020', 0, 'Equipos', 1, 1),
(11, 24, '00030', 0, 'Otros Gastos', 1, 1),
(12, 24, '0999', 0, 'Traspaso a Activos Fijos', 0, 1),
(13, 25, '0100', 0, 'Compras del Periodo', 1, 1),
(14, 25, '0300', 0, 'Adquisicion del Periodo por Donaciones', 1, 1),
(15, 25, '0999', 0, 'Traspaso a Activos Fijos Tangibles', 0, 1),
(16, 2, '001', 0, 'fkldjskfljdslkf', 1, 0),
(17, 9, '0001', 0, 'Impuesto sobre las ventas', 1, 1),
(18, 9, '0002', 0, 'Aranceles de Aduana', 1, 1),
(19, 9, '0004', 0, 'Impuesto sobre Utilidades', 1, 1),
(20, 26, '0100', 0, 'Compras del Periodo', 1, 1),
(21, 26, '0999', 0, 'Traspaso a activos fijos intangibles', 0, 1),
(22, 27, '0010', 0, 'Saldo al Incio', 1, 1),
(23, 27, '0020', 1, 'Gastos por Elementos del Periodo', 1, 1),
(24, 27, '0030', 0, 'Amortizacion de Gastos', 0, 1),
(25, 28, '0010', 0, 'Saldo al Inicio', 1, 1),
(26, 28, '0020', 0, 'Gastos del Periodo', 1, 1),
(27, 28, '0030', 0, 'Amortizacion de Gastos', 0, 1),
(28, 29, '0010', 0, 'Perdidas por Deterioros', 1, 1),
(29, 29, '0020', 0, 'Perdidas de Cuentas por Cobrar', 1, 1),
(30, 30, '0010', 0, 'Medios Monetarios', 1, 1),
(31, 30, '0020', 0, 'Medios  Materiales', 1, 1),
(32, 31, '0010', 0, 'Ventas a Entidades', 1, 1),
(33, 31, '0020', 0, 'Ventas a Trabajadores', 1, 1),
(34, 41, '0001', 0, 'Impuesto sobre Ventas', 0, 1),
(35, 41, '0003', 0, 'Aranceles de Aduana', 0, 1),
(36, 41, '0004', 0, 'Impuesto sobre Utilidades', 0, 1),
(37, 41, '0005', 0, 'Impuesto Sobre la Renta', 0, 1),
(38, 54, '0010', 0, 'Compra o Adquisición de Activos Fijos', 0, 1),
(39, 54, '0020', 0, 'Activos Fijos Intangibles', 0, 1),
(40, 54, '0030', 0, 'Recursos Monetarios', 0, 1),
(41, 54, '0040', 0, 'Recursos Materiales-Inventarios', 0, 1),
(42, 47, '0010', 0, 'Prestamos Recibidos de Entidades', 0, 1),
(43, 47, '0020', 0, 'Prestamos Recibidos de Bancos', 0, 1),
(44, 61, '0010', 0, 'Transferencias Recibidas de Unidades', 1, 1),
(45, 61, '0020', 0, 'Transferencias entre Almacenes', 1, 1),
(46, 61, '0099', 0, 'Operaciones de Ajustes en Inventarios', 1, 1),
(47, 62, '0010', 0, 'Transferencias entre Unidades', 0, 1),
(48, 62, '0020', 0, 'Transferencias de Inventarios entre almacenes', 0, 1),
(49, 62, '0099', 0, 'Operaciones de Ajustes de Inventarios', 0, 1),
(50, 63, '0010', 0, 'Saldo Inicio', 1, 1),
(51, 63, '0020', 1, 'Gastos del Periodo', 1, 1),
(52, 63, '0030', 0, 'Aumentos', 1, 1),
(53, 63, '0040', 0, 'Disminuciones', 0, 1),
(54, 63, '0050', 0, 'Traspaso a Produccion Terminada', 0, 1),
(55, 64, '0010', 0, 'Con Terceros', 1, 1),
(56, 64, '0020', 1, 'Con Medios Propios', 1, 1),
(57, 65, '0010', 0, 'Produccion', 1, 1),
(58, 65, '0020', 0, 'Mercancias', 1, 1),
(59, 15, '0010', 0, 'Recargas', 1, 1),
(60, 15, '0020', 0, 'Productos de Aseo y Perfumeria', 1, 1),
(61, 15, '0030', 0, 'Productos Alimenticios', 1, 1),
(62, 15, '0040', 0, 'Otros Productos', 1, 1),
(63, 36, '0010', 0, 'Proveedores Principales', 0, 1),
(64, 36, '0020', 0, 'Otros Proveedores', 0, 1),
(65, 10, '0010', 0, 'Materiales y Productos Aseo', 1, 1),
(66, 10, '0020', 0, 'Materiales y Produtos de Alimentos', 1, 1),
(67, 10, '0030', 0, 'Materiales y Productos de Medicamentos', 1, 1),
(68, 10, '0999', 0, 'Otros Materiales', 1, 1),
(69, 50, '0010', 0, 'Medios Monetarios', 0, 1),
(70, 50, '0020', 0, 'Recursos Materiales', 0, 1),
(71, 8, '0030', 0, 'Clientes Externos', 1, 1),
(72, 8, '0010', 0, 'Personas Naturales', 1, 1),
(73, 67, '0150', 0, 'Combo de Aseo', 1, 1),
(74, 67, '0170', 0, 'Combo de Alimentos', 1, 1),
(75, 67, '0160', 0, 'Combo de Medicamentos', 1, 1),
(76, 76, '0020', 0, 'Combo de Alimento', 1, 0),
(77, 76, '0010', 0, 'Combo de Aseo', 1, 0),
(78, 76, '0030', 0, 'Combo de Medicamentos', 1, 0),
(79, 76, '0150', 0, 'Combo de Aseo', 0, 1),
(80, 76, '0160', 0, 'Combo de Medicamento', 0, 1),
(81, 76, '0170', 0, 'Combo de Alimento', 0, 1),
(82, 75, '0010', 0, 'Recargas', 0, 1),
(83, 75, '0020', 0, 'Producción', 0, 1),
(84, 75, '0030', 0, 'Alimento', 0, 1),
(85, 75, '0040', 0, 'Otros Productos', 0, 1),
(86, 75, '0050', 0, 'Medicamentos', 0, 0),
(87, 68, '0010', 0, 'Recargas', 1, 1),
(88, 68, '0020', 0, 'Producción', 1, 1),
(89, 68, '0030', 0, 'Alimento', 1, 1),
(90, 68, '0040', 0, 'Otros Productos', 1, 1),
(91, 68, '0050', 0, 'Medicamentos', 1, 0),
(92, 66, '0010', 0, 'Mercancias', 1, 1),
(93, 66, '0020', 0, 'Produccion', 1, 1),
(94, 70, '0010', 0, '0010 Distribucion', 1, 0),
(95, 70, '0010', 1, 'Ventas', 1, 1),
(96, 70, '0020', 1, 'Distribucion', 1, 1),
(97, 69, '0010', 1, 'Agencia Horizontes', 1, 1),
(98, 83, '0010', 0, 'Venta de boletos de avion', 0, 0),
(99, 83, '0020', 0, 'Servicio de Remesas', 0, 0),
(100, 83, '0030', 0, 'Servicio de paqueteria', 0, 0),
(101, 84, '0010', 0, 'Costo de Venta de Boletos de Avion', 1, 0),
(102, 84, '0020', 0, 'Costo de Servicios de Remesa', 1, 0),
(103, 84, '0030', 0, 'Costo de Paqueteria', 1, 0),
(104, 8, '0020', 0, 'Clientes Internos', 1, 1),
(105, 84, '0010', 0, 'Recarga Cubacell', 1, 1),
(106, 84, '0020', 0, 'Recarga Nauta', 1, 1),
(107, 84, '0030', 0, 'Larga Distancia', 1, 1),
(108, 84, '0040', 0, 'Envio de Remesas', 1, 1),
(109, 84, '0050', 0, 'Boletos Aéreos', 1, 1),
(110, 84, '0060', 0, 'Renta de Hoteles', 1, 1),
(111, 84, '0070', 0, 'Renta de Autos', 1, 1),
(112, 84, '0080', 0, 'Excursiones', 1, 1),
(113, 84, '0090', 0, 'Envio de paquetes', 1, 1),
(114, 84, '0100', 0, 'Paquetes Turísticos', 1, 1),
(115, 84, '0110', 0, 'Trámites Migratorios', 1, 1),
(116, 84, '0120', 0, 'Desarrollo de Software', 1, 1),
(117, 84, '0130', 0, 'Diseño', 1, 1),
(118, 84, '0140', 0, 'Marketing y redes Sociales', 1, 1),
(119, 83, '0010', 0, 'Recarga Cubacell', 0, 1),
(120, 83, '0020', 0, 'Recarga Nauta', 0, 1),
(121, 83, '0030', 0, 'Larga Distancia', 0, 1),
(122, 83, '0040', 0, 'Envio de Remesas', 0, 1),
(123, 83, '0050', 0, 'Boletos Aéreos', 0, 1),
(124, 83, '0060', 0, 'Renta de Hoteles', 0, 1),
(125, 83, '0070', 0, 'Renta de Autos', 0, 1),
(126, 83, '0080', 0, 'Excursiones', 0, 1),
(127, 83, '0090', 0, 'Envio de paquetes', 0, 1),
(128, 83, '0100', 0, 'Paquetes Turísticos', 0, 1),
(129, 83, '0110', 0, 'Trámites Migratorios', 0, 1),
(130, 83, '0120', 0, 'Desarrollo de Software', 0, 1),
(131, 83, '0130', 0, 'Diseño', 0, 1),
(132, 83, '0140', 0, 'Marketing y redes Sociales', 0, 1),
(133, 2, '0001', 0, 'Efectivo', 1, 1),
(134, 33, '0010', 0, 'Depreciacion de Activos Fijos Tangibles', 0, 1),
(135, 80, '0010', 0, 'Otros ingresos', 1, 1),
(136, 85, '0010', 0, 'Compra de Activo Fijo', 0, 1),
(137, 54, '0050', 0, 'Entrega o Vaja de Activos Fijos', 1, 1),
(138, 22, '0010', 0, 'Activo Fijos', 1, 1),
(139, 74, '0010', 0, 'Gastos de ARS Patrimonial', 1, 1),
(140, 74, '0020', 0, 'Gastos AFP Patrimonial', 1, 1),
(141, 74, '0030', 0, 'Gastos  SRL-1.1%', 1, 1),
(142, 74, '0040', 0, 'Gastos Infotep-1%', 1, 1),
(143, 41, '0006', 0, 'ARS por Pagar', 0, 1),
(144, 41, '0007', 0, 'AFP por Pagar', 0, 1),
(145, 41, '0008', 0, 'Cooperativa por Pagar', 0, 1),
(146, 41, '0009', 0, 'Plan Médico Adicional  por Pagar', 0, 1),
(147, 41, '0010', 0, 'Restaurant por Pagar', 0, 1),
(148, 41, '0011', 0, 'ARS Patrimonial por Pagar', 0, 1),
(149, 41, '0012', 0, 'AFP Patrimonial por Pagar', 0, 1),
(150, 41, '0013', 0, 'SRL-1.1% por Pagar', 0, 1),
(151, 41, '0014', 0, 'Infotep-1.1% por Pagar', 0, 1),
(152, 42, '0010', 0, 'Nominas por Pagar', 0, 1),
(153, 86, '0010', 0, 'Recarga Cubacell', 0, 1),
(154, 86, '0020', 0, 'Recarga Nauta', 0, 1),
(155, 86, '0030', 0, 'Larga Distancia', 0, 1),
(156, 86, '0040', 0, 'Envio de Remesas', 0, 1),
(157, 86, '0050', 0, 'Boletos Aéreos', 0, 1),
(158, 86, '0060', 0, 'Renta de Hoteles', 0, 1),
(159, 86, '0070', 0, 'Renta de Autos', 0, 1),
(160, 86, '0080', 0, 'Excursiones', 0, 1),
(161, 86, '0090', 0, 'Envio de paquetes', 0, 1),
(162, 86, '0100', 0, 'Paquetes Turísticos', 0, 1),
(163, 86, '0110', 0, 'Trámites Migratorios', 0, 1),
(164, 86, '0120', 0, 'Desarrollo de Software', 0, 1),
(165, 86, '0130', 0, 'Diseño', 0, 1),
(166, 86, '0140', 0, 'Marketing y redes Sociales', 0, 1),
(167, 39, '0010', 0, 'Cobros Anticipados', 0, 1),
(168, 66, '0030', 0, 'Servicios', 1, 1);

INSERT INTO `subcuenta_criterio_analisis` (`id`, `id_subcuenta_id`, `id_criterio_analisis_id`) VALUES
(1, 16, 2),
(2, 16, 3),
(3, 16, 4),
(4, 16, 5),
(5, 22, 11),
(7, 24, 11),
(8, 27, 11),
(9, 25, 11),
(10, 26, 11),
(11, 28, 11),
(12, 29, 11),
(13, 30, 11),
(14, 31, 11),
(15, 32, 6),
(16, 33, 8),
(17, 23, 11),
(24, 42, 6),
(25, 43, 14),
(26, 44, 2),
(27, 45, 1),
(28, 46, 1),
(29, 47, 2),
(30, 48, 1),
(31, 49, 1),
(38, 52, 11),
(39, 53, 11),
(41, 55, 4),
(42, 55, 6),
(43, 56, 4),
(44, 59, 1),
(45, 60, 1),
(46, 61, 1),
(47, 62, 1),
(50, 63, 6),
(51, 64, 6),
(54, 66, 1),
(55, 67, 1),
(56, 68, 1),
(57, 65, 1),
(58, 50, 3),
(59, 50, 10),
(64, 69, 11),
(65, 70, 11),
(66, 51, 3),
(67, 51, 5),
(68, 51, 10),
(69, 54, 3),
(70, 54, 10),
(73, 95, 3),
(74, 95, 5),
(75, 96, 3),
(76, 96, 5),
(77, 97, 3),
(78, 97, 5),
(81, 72, 6),
(82, 104, 6),
(83, 71, 6),
(88, 153, 6),
(89, 154, 6),
(91, 155, 6),
(92, 156, 6),
(93, 157, 6),
(94, 158, 6),
(95, 159, 6),
(96, 160, 6),
(97, 161, 6),
(98, 162, 6),
(99, 163, 6),
(100, 164, 6),
(101, 165, 6),
(102, 166, 6);

INSERT INTO `tipo_comprobante` (`id`, `descripcion`, `activo`, `abreviatura`) VALUES
(1, 'COMPROBANTE DE APERTURA', 1, 'AP'),
(2, 'COMPROBANTE DE OPERACIONES', 1, '00');

INSERT INTO `tipo_cuenta` (`id`, `nombre`, `activo`) VALUES
(1, 'Activos Circulantes', 1),
(2, 'Activos a Largo Plazo', 1),
(3, 'Activos Fijos', 1),
(4, 'Activos Diferidos', 1),
(5, 'Otros Activos', 1),
(6, 'Cuentas Reguladoras de Activos', 1),
(7, 'Pasivos Circulantes', 1),
(8, 'Pasivos a Largo Plazo', 1),
(9, 'Pasivos Diferidos', 1),
(10, 'Otros Pasivos', 1),
(11, 'Capital Contable', 1),
(12, 'Gastos de Produccion', 1),
(13, 'Cuentas Nominales Deudoras', 1),
(14, 'Cuentas Nominales Acreedoras', 1),
(15, 'Cuenta de Resultado', 1);

INSERT INTO `tipo_documento` (`id`, `nombre`, `activo`) VALUES
(1, 'INFORME DE RECECIÓN MERCANCIA', 1),
(2, 'INFORME DE RECECIÓN PRODUCTO', 1),
(3, 'AJUSTE DE ENTRADA', 1),
(4, 'AJUSTE DE SALIDA', 1),
(5, 'TRANSFERENCIA DE ENTRADA', 1),
(6, 'TRANSFERENCIA DE SALIDA', 1),
(7, 'VALE DE SALIDA MERCANCIA', 1),
(8, 'VALE DE SALIDA PRODUCTO', 1),
(9, 'DEVOLUCION', 1),
(10, 'VENTA', 1),
(11, 'DEVOLUCION VENTA', 1),
(12, 'APERTURA', 1),
(13, 'APERTURA PRODUCTO', 1);

INSERT INTO `tipo_movimiento` (`id`, `descripcion`, `activo`, `codigo`) VALUES
(1, 'APERTURA', 1, 'AP'),
(2, 'COMPRA', 1, 'A'),
(3, 'TRASLADO INTERNO', 1, 'TI'),
(4, 'TRASLADOS ENVIADOS', 1, 'TE'),
(5, 'TRASLADOS RECIBIDOS', 1, 'TR'),
(6, 'BAJAS DE ACTIVOS', 1, 'BA'),
(7, 'VENTA DE ACTIVOS', 1, 'VA');

INSERT INTO `unidad` (`id`, `id_padre_id`, `id_moneda_id`, `nombre`, `activo`, `codigo`, `direccion`, `telefono`, `correo`, `rnc`, `url`) VALUES
(1, NULL, NULL, 'Grupo Horizontes Admin', 1, NULL, 'Calle Juan Sanchez Ramirez esq Wenceslao Alvarez  #52 local B1 Zona Universitaria, Santo  Domingo , República Dominicana', NULL, NULL, NULL, NULL);

INSERT INTO `unidad_medida` (`id`, `nombre`, `abreviatura`, `activo`) VALUES
(1, 'Centímetro', 'cm', 1),
(2, 'Metro', 'm', 1),
(3, 'Milímetro', 'mm', 1),
(4, 'Kilómetro', 'km', 1),
(5, 'Gramo', 'g', 1),
(6, 'Miligramo', 'mg', 1),
(7, 'Libra', 'lb', 1),
(8, 'Kilogramo', 'kg', 1),
(9, 'Mililitro', 'ml', 1),
(10, 'Litro', 'l', 1),
(11, 'Metro cuadrado', 'm²', 1),
(12, 'Metro cúbico', 'm³', 1),
(13, 'Unidad', 'u', 1),
(14, 'Blister', 'Blister', 1);