INSERT INTO `cargo` (`id`, `nombre`, `activo`) VALUES (1, 'Administrador del Sistema', 1);
INSERT INTO `cargo` (`id`, `nombre`, `activo`) VALUES (2, 'Cajero', 1);
INSERT INTO `categoria_cliente` (`id`, `nombre`, `prefijo`) VALUES (1, 'Factura de Crédito Fiscal', 'B01');
INSERT INTO `categoria_cliente` (`id`, `nombre`, `prefijo`) VALUES (2, 'Factura de Consumo', 'B02');
INSERT INTO `categoria_cliente` (`id`, `nombre`, `prefijo`) VALUES (3, 'Nota de Débito', 'B03');
INSERT INTO `categoria_cliente` (`id`, `nombre`, `prefijo`) VALUES (4, 'Nota de Crédito', 'B04');
INSERT INTO `categoria_cliente` (`id`, `nombre`, `prefijo`) VALUES (5, 'Comprobante de Compra', 'B11');
INSERT INTO `categoria_cliente` (`id`, `nombre`, `prefijo`) VALUES (6, 'Registro Único de Ingreso', 'B12');
INSERT INTO `categoria_cliente` (`id`, `nombre`, `prefijo`) VALUES (7, 'Comprobante para Gastos Menor', 'B13');
INSERT INTO `categoria_cliente` (`id`, `nombre`, `prefijo`) VALUES (8, 'Comprobante para Regímen Especial', 'B14');
INSERT INTO `categoria_cliente` (`id`, `nombre`, `prefijo`) VALUES (9, 'Comprobante Gubernamental', 'B15');
INSERT INTO `categoria_cliente` (`id`, `nombre`, `prefijo`) VALUES (10, 'Comprobante para Exportación', 'B16');
INSERT INTO `categoria_cliente` (`id`, `nombre`, `prefijo`) VALUES (11, 'Comprobante de Pago al Exterior', 'B17');
INSERT INTO `centro_costo` (`id`, `id_unidad_id`, `activo`, `codigo`, `nombre`) VALUES (22, 1, 1, '0150', 'Combo de aseo');
INSERT INTO `centro_costo` (`id`, `id_unidad_id`, `activo`, `codigo`, `nombre`) VALUES (23, 1, 1, '0160', 'Combo de Medicamento');
INSERT INTO `centro_costo` (`id`, `id_unidad_id`, `activo`, `codigo`, `nombre`) VALUES (24, 1, 1, '0170', 'Combo de Alimento');
INSERT INTO `centro_costo` (`id`, `id_unidad_id`, `activo`, `codigo`, `nombre`) VALUES (25, 1, 1, '0180', 'Otros');
INSERT INTO `criterio_analisis` (`id`, `nombre`, `abreviatura`, `activo`) VALUES (1, 'ALMACÉN', 'ALM', 1);
INSERT INTO `criterio_analisis` (`id`, `nombre`, `abreviatura`, `activo`) VALUES (2, 'UNIDADES', 'UNID', 1);
INSERT INTO `criterio_analisis` (`id`, `nombre`, `abreviatura`, `activo`) VALUES (3, 'CENTROS DE COSTO', 'CCT', 1);
INSERT INTO `criterio_analisis` (`id`, `nombre`, `abreviatura`, `activo`) VALUES (4, 'OBJETOS DE OBRAS', 'OBO', 1);
INSERT INTO `criterio_analisis` (`id`, `nombre`, `abreviatura`, `activo`) VALUES (5, 'ELEMENTOS DE GASTOS', 'EG', 1);
INSERT INTO `criterio_analisis` (`id`, `nombre`, `abreviatura`, `activo`) VALUES (6, 'CLIENTES Y PROVEEDORES', 'CLIPRO', 1);
INSERT INTO `criterio_analisis` (`id`, `nombre`, `abreviatura`, `activo`) VALUES (7, 'TARJETAS MAGNETICAS', 'TM', 1);
INSERT INTO `criterio_analisis` (`id`, `nombre`, `abreviatura`, `activo`) VALUES (8, 'TRABAJADORES', 'TRAB', 1);
INSERT INTO `criterio_analisis` (`id`, `nombre`, `abreviatura`, `activo`) VALUES (9, 'PROYECTOS', 'PRO', 1);
INSERT INTO `criterio_analisis` (`id`, `nombre`, `abreviatura`, `activo`) VALUES (10, 'ORDEN DE TRABAJO', 'OT', 1);
INSERT INTO `criterio_analisis` (`id`, `nombre`, `abreviatura`, `activo`) VALUES (11, 'EXPEDIENTE', 'EXP', 1);
INSERT INTO `criterio_analisis` (`id`, `nombre`, `abreviatura`, `activo`) VALUES (12, 'AREAS DE RESPONSABILIDAD', 'AR', 1);
INSERT INTO `criterio_analisis` (`id`, `nombre`, `abreviatura`, `activo`) VALUES (13, 'GRUPOS DE ACTIVOS FIJOS', 'GA', 1);
INSERT INTO `criterio_analisis` (`id`, `nombre`, `abreviatura`, `activo`) VALUES (14, 'CREDITOS  BANCARIOS', 'CRB', 1);
INSERT INTO `criterio_analisis` (`id`, `nombre`, `abreviatura`, `activo`) VALUES (15, 'ACCIONISTAS', 'ACC', 1);
INSERT INTO `criterio_analisis` (`id`, `nombre`, `abreviatura`, `activo`) VALUES (16, 'CUENTAS DE INGRESOS', 'ING', 1);
INSERT INTO `criterio_analisis` (`id`, `nombre`, `abreviatura`, `activo`) VALUES (17, 'CUENTAS DE GASTOS', 'GAT', 1);
INSERT INTO `criterio_analisis` (`id`, `nombre`, `abreviatura`, `activo`) VALUES (18, 'BANCO', 'B', 0);
INSERT INTO `criterio_analisis` (`id`, `nombre`, `abreviatura`, `activo`) VALUES (19, 'NÚMERO DE CUENTA', 'NRO-CTA', 1);
INSERT INTO `cuenta` (`id`, `id_tipo_cuenta_id`, `nro_cuenta`, `nombre`, `deudora`, `mixta`, `obligacion_deudora`, `obligacion_acreedora`, `activo`, `produccion`) VALUES (1, 1, 103, 'Efectivo en Caja', 1, 0, 0, 0, 1, 0);
INSERT INTO `cuenta` (`id`, `id_tipo_cuenta_id`, `nro_cuenta`, `nombre`, `deudora`, `mixta`, `obligacion_deudora`, `obligacion_acreedora`, `activo`, `produccion`) VALUES (2, 1, 109, 'Efectivo en Banco', 1, 0, 0, 0, 1, 0);
INSERT INTO `cuenta` (`id`, `id_tipo_cuenta_id`, `nro_cuenta`, `nombre`, `deudora`, `mixta`, `obligacion_deudora`, `obligacion_acreedora`, `activo`, `produccion`) VALUES (3, 1, 131, 'Efectos por Cobrar a Corto Plazo', 1, 0, 1, 0, 1, 0);
INSERT INTO `cuenta` (`id`, `id_tipo_cuenta_id`, `nro_cuenta`, `nombre`, `deudora`, `mixta`, `obligacion_deudora`, `obligacion_acreedora`, `activo`, `produccion`) VALUES (4, 1, 134, 'Cuenta en Participacion', 1, 0, 1, 0, 1, 0);
INSERT INTO `cuenta` (`id`, `id_tipo_cuenta_id`, `nro_cuenta`, `nombre`, `deudora`, `mixta`, `obligacion_deudora`, `obligacion_acreedora`, `activo`, `produccion`) VALUES (5, 1, 142, 'Prestamos y Otras Operaciones Crediticias', 1, 0, 0, 0, 1, 0);
INSERT INTO `cuenta` (`id`, `id_tipo_cuenta_id`, `nro_cuenta`, `nombre`, `deudora`, `mixta`, `obligacion_deudora`, `obligacion_acreedora`, `activo`, `produccion`) VALUES (6, 1, 146, 'Pagos Anticipados a Suministradores', 1, 0, 0, 0, 1, 0);
INSERT INTO `cuenta` (`id`, `id_tipo_cuenta_id`, `nro_cuenta`, `nombre`, `deudora`, `mixta`, `obligacion_deudora`, `obligacion_acreedora`, `activo`, `produccion`) VALUES (7, 1, 160, 'Anticipos a Justificar', 1, 0, 0, 0, 1, 0);
INSERT INTO `cuenta` (`id`, `id_tipo_cuenta_id`, `nro_cuenta`, `nombre`, `deudora`, `mixta`, `obligacion_deudora`, `obligacion_acreedora`, `activo`, `produccion`) VALUES (8, 1, 135, 'Cuentas por Cobrar', 1, 0, 1, 0, 1, 0);
INSERT INTO `cuenta` (`id`, `id_tipo_cuenta_id`, `nro_cuenta`, `nombre`, `deudora`, `mixta`, `obligacion_deudora`, `obligacion_acreedora`, `activo`, `produccion`) VALUES (9, 1, 164, 'Adeudos con el  Estado', 1, 0, 0, 0, 1, 0);
INSERT INTO `cuenta` (`id`, `id_tipo_cuenta_id`, `nro_cuenta`, `nombre`, `deudora`, `mixta`, `obligacion_deudora`, `obligacion_acreedora`, `activo`, `produccion`) VALUES (10, 1, 183, 'Materias Primas y Materiales', 1, 0, 0, 0, 1, 0);
INSERT INTO `cuenta` (`id`, `id_tipo_cuenta_id`, `nro_cuenta`, `nombre`, `deudora`, `mixta`, `obligacion_deudora`, `obligacion_acreedora`, `activo`, `produccion`) VALUES (11, 1, 184, 'Combustible  Lubricantes', 1, 0, 0, 0, 1, 0);
INSERT INTO `cuenta` (`id`, `id_tipo_cuenta_id`, `nro_cuenta`, `nombre`, `deudora`, `mixta`, `obligacion_deudora`, `obligacion_acreedora`, `activo`, `produccion`) VALUES (12, 1, 185, 'Partes  y  Piezas de  Repuesto', 1, 0, 0, 0, 1, 0);
INSERT INTO `cuenta` (`id`, `id_tipo_cuenta_id`, `nro_cuenta`, `nombre`, `deudora`, `mixta`, `obligacion_deudora`, `obligacion_acreedora`, `activo`, `produccion`) VALUES (13, 1, 187, 'Utiles y Herramientas', 1, 0, 0, 0, 1, 0);
INSERT INTO `cuenta` (`id`, `id_tipo_cuenta_id`, `nro_cuenta`, `nombre`, `deudora`, `mixta`, `obligacion_deudora`, `obligacion_acreedora`, `activo`, `produccion`) VALUES (14, 1, 188, 'Produccion Terminada', 1, 0, 0, 0, 1, 0);
INSERT INTO `cuenta` (`id`, `id_tipo_cuenta_id`, `nro_cuenta`, `nombre`, `deudora`, `mixta`, `obligacion_deudora`, `obligacion_acreedora`, `activo`, `produccion`) VALUES (15, 1, 189, 'Mercancias para la Venta', 1, 0, 0, 0, 1, 0);
INSERT INTO `cuenta` (`id`, `id_tipo_cuenta_id`, `nro_cuenta`, `nombre`, `deudora`, `mixta`, `obligacion_deudora`, `obligacion_acreedora`, `activo`, `produccion`) VALUES (16, 1, 190, 'Medicamentos', 1, 0, 0, 0, 1, 0);
INSERT INTO `cuenta` (`id`, `id_tipo_cuenta_id`, `nro_cuenta`, `nombre`, `deudora`, `mixta`, `obligacion_deudora`, `obligacion_acreedora`, `activo`, `produccion`) VALUES (17, 1, 193, 'Alimentos', 1, 0, 0, 0, 1, 0);
INSERT INTO `cuenta` (`id`, `id_tipo_cuenta_id`, `nro_cuenta`, `nombre`, `deudora`, `mixta`, `obligacion_deudora`, `obligacion_acreedora`, `activo`, `produccion`) VALUES (18, 2, 216, 'Efectos por Cobrar a Largo Plazo', 1, 0, 1, 0, 1, 0);
INSERT INTO `cuenta` (`id`, `id_tipo_cuenta_id`, `nro_cuenta`, `nombre`, `deudora`, `mixta`, `obligacion_deudora`, `obligacion_acreedora`, `activo`, `produccion`) VALUES (19, 2, 220, 'Cuentas por Cobrar a Largo Plazo', 1, 0, 1, 0, 1, 0);
INSERT INTO `cuenta` (`id`, `id_tipo_cuenta_id`, `nro_cuenta`, `nombre`, `deudora`, `mixta`, `obligacion_deudora`, `obligacion_acreedora`, `activo`, `produccion`) VALUES (20, 2, 225, 'Prestamos Concedidos a Largo Plazo', 1, 0, 1, 0, 1, 0);
INSERT INTO `cuenta` (`id`, `id_tipo_cuenta_id`, `nro_cuenta`, `nombre`, `deudora`, `mixta`, `obligacion_deudora`, `obligacion_acreedora`, `activo`, `produccion`) VALUES (21, 2, 227, 'Inversiones a Largo Plazo', 1, 0, 0, 0, 1, 0);
INSERT INTO `cuenta` (`id`, `id_tipo_cuenta_id`, `nro_cuenta`, `nombre`, `deudora`, `mixta`, `obligacion_deudora`, `obligacion_acreedora`, `activo`, `produccion`) VALUES (22, 3, 240, 'Activos Fijos', 1, 0, 0, 0, 1, 0);
INSERT INTO `cuenta` (`id`, `id_tipo_cuenta_id`, `nro_cuenta`, `nombre`, `deudora`, `mixta`, `obligacion_deudora`, `obligacion_acreedora`, `activo`, `produccion`) VALUES (23, 3, 255, 'Activos Fijos Intangibles', 1, 0, 0, 0, 1, 0);
INSERT INTO `cuenta` (`id`, `id_tipo_cuenta_id`, `nro_cuenta`, `nombre`, `deudora`, `mixta`, `obligacion_deudora`, `obligacion_acreedora`, `activo`, `produccion`) VALUES (24, 3, 265, 'Inversiones en Proceso', 1, 0, 0, 0, 1, 0);
INSERT INTO `cuenta` (`id`, `id_tipo_cuenta_id`, `nro_cuenta`, `nombre`, `deudora`, `mixta`, `obligacion_deudora`, `obligacion_acreedora`, `activo`, `produccion`) VALUES (25, 3, 290, 'Compra de Activos Fijos', 1, 0, 1, 0, 1, 0);
INSERT INTO `cuenta` (`id`, `id_tipo_cuenta_id`, `nro_cuenta`, `nombre`, `deudora`, `mixta`, `obligacion_deudora`, `obligacion_acreedora`, `activo`, `produccion`) VALUES (26, 3, 292, 'Compra de Activos Fijos Intangibles', 1, 0, 1, 0, 1, 0);
INSERT INTO `cuenta` (`id`, `id_tipo_cuenta_id`, `nro_cuenta`, `nombre`, `deudora`, `mixta`, `obligacion_deudora`, `obligacion_acreedora`, `activo`, `produccion`) VALUES (27, 4, 300, 'Gastos de Produccion y Servicios Diferidos', 1, 0, 0, 0, 1, 0);
INSERT INTO `cuenta` (`id`, `id_tipo_cuenta_id`, `nro_cuenta`, `nombre`, `deudora`, `mixta`, `obligacion_deudora`, `obligacion_acreedora`, `activo`, `produccion`) VALUES (28, 4, 306, 'Gastos Financieros Diferidos', 1, 0, 0, 0, 1, 0);
INSERT INTO `cuenta` (`id`, `id_tipo_cuenta_id`, `nro_cuenta`, `nombre`, `deudora`, `mixta`, `obligacion_deudora`, `obligacion_acreedora`, `activo`, `produccion`) VALUES (29, 5, 330, 'Perdida en Investigacion', 1, 0, 0, 0, 1, 0);
INSERT INTO `cuenta` (`id`, `id_tipo_cuenta_id`, `nro_cuenta`, `nombre`, `deudora`, `mixta`, `obligacion_deudora`, `obligacion_acreedora`, `activo`, `produccion`) VALUES (30, 5, 332, 'Faltantes de Bienes', 1, 0, 0, 0, 1, 0);
INSERT INTO `cuenta` (`id`, `id_tipo_cuenta_id`, `nro_cuenta`, `nombre`, `deudora`, `mixta`, `obligacion_deudora`, `obligacion_acreedora`, `activo`, `produccion`) VALUES (31, 2, 335, 'Cuentas por Cobrar Diversas', 1, 0, 1, 0, 1, 0);
INSERT INTO `cuenta` (`id`, `id_tipo_cuenta_id`, `nro_cuenta`, `nombre`, `deudora`, `mixta`, `obligacion_deudora`, `obligacion_acreedora`, `activo`, `produccion`) VALUES (32, 6, 373, 'Desgaste de Utiles y Herramientas', 0, 0, 0, 0, 1, 0);
INSERT INTO `cuenta` (`id`, `id_tipo_cuenta_id`, `nro_cuenta`, `nombre`, `deudora`, `mixta`, `obligacion_deudora`, `obligacion_acreedora`, `activo`, `produccion`) VALUES (33, 6, 375, 'Depreciacion de Activos Fijos Tangibles', 0, 0, 0, 0, 1, 0);
INSERT INTO `cuenta` (`id`, `id_tipo_cuenta_id`, `nro_cuenta`, `nombre`, `deudora`, `mixta`, `obligacion_deudora`, `obligacion_acreedora`, `activo`, `produccion`) VALUES (34, 6, 390, 'Amortizacion de Activos Fijos Intangibles', 0, 0, 0, 0, 1, 0);
INSERT INTO `cuenta` (`id`, `id_tipo_cuenta_id`, `nro_cuenta`, `nombre`, `deudora`, `mixta`, `obligacion_deudora`, `obligacion_acreedora`, `activo`, `produccion`) VALUES (35, 7, 401, 'Efectos por pagar a Corto Plazo', 0, 0, 0, 1, 1, 0);
INSERT INTO `cuenta` (`id`, `id_tipo_cuenta_id`, `nro_cuenta`, `nombre`, `deudora`, `mixta`, `obligacion_deudora`, `obligacion_acreedora`, `activo`, `produccion`) VALUES (36, 7, 405, 'Cuentas por pagar a Corto Plazo', 0, 0, 0, 1, 1, 0);
INSERT INTO `cuenta` (`id`, `id_tipo_cuenta_id`, `nro_cuenta`, `nombre`, `deudora`, `mixta`, `obligacion_deudora`, `obligacion_acreedora`, `activo`, `produccion`) VALUES (37, 7, 421, 'Cuentas por Pagar - Activos Fijos', 0, 0, 0, 1, 1, 0);
INSERT INTO `cuenta` (`id`, `id_tipo_cuenta_id`, `nro_cuenta`, `nombre`, `deudora`, `mixta`, `obligacion_deudora`, `obligacion_acreedora`, `activo`, `produccion`) VALUES (38, 7, 425, 'Cuentas por Pagar en Proceso', 0, 0, 0, 1, 1, 0);
INSERT INTO `cuenta` (`id`, `id_tipo_cuenta_id`, `nro_cuenta`, `nombre`, `deudora`, `mixta`, `obligacion_deudora`, `obligacion_acreedora`, `activo`, `produccion`) VALUES (39, 7, 430, 'Cobros Anticipados', 0, 0, 0, 1, 1, 0);
INSERT INTO `cuenta` (`id`, `id_tipo_cuenta_id`, `nro_cuenta`, `nombre`, `deudora`, `mixta`, `obligacion_deudora`, `obligacion_acreedora`, `activo`, `produccion`) VALUES (40, 7, 435, 'Depositos Recibidos', 0, 0, 0, 1, 1, 0);
INSERT INTO `cuenta` (`id`, `id_tipo_cuenta_id`, `nro_cuenta`, `nombre`, `deudora`, `mixta`, `obligacion_deudora`, `obligacion_acreedora`, `activo`, `produccion`) VALUES (41, 7, 440, 'Obligacion con el Estado', 0, 0, 0, 1, 1, 0);
INSERT INTO `cuenta` (`id`, `id_tipo_cuenta_id`, `nro_cuenta`, `nombre`, `deudora`, `mixta`, `obligacion_deudora`, `obligacion_acreedora`, `activo`, `produccion`) VALUES (42, 7, 455, 'Nominas por Pagar', 0, 0, 0, 1, 1, 0);
INSERT INTO `cuenta` (`id`, `id_tipo_cuenta_id`, `nro_cuenta`, `nombre`, `deudora`, `mixta`, `obligacion_deudora`, `obligacion_acreedora`, `activo`, `produccion`) VALUES (43, 7, 470, 'Prestamos Recibidos', 0, 0, 0, 1, 1, 0);
INSERT INTO `cuenta` (`id`, `id_tipo_cuenta_id`, `nro_cuenta`, `nombre`, `deudora`, `mixta`, `obligacion_deudora`, `obligacion_acreedora`, `activo`, `produccion`) VALUES (112, 1, 480, "Gastos acumulados por pagar", 0, 0, 0, 0, 1, 0);
INSERT INTO `cuenta` (`id`, `id_tipo_cuenta_id`, `nro_cuenta`, `nombre`, `deudora`, `mixta`, `obligacion_deudora`, `obligacion_acreedora`, `activo`, `produccion`) VALUES (44, 7, 492, 'Provision para Vacaciones', 0, 0, 0, 0, 1, 0);
INSERT INTO `cuenta` (`id`, `id_tipo_cuenta_id`, `nro_cuenta`, `nombre`, `deudora`, `mixta`, `obligacion_deudora`, `obligacion_acreedora`, `activo`, `produccion`) VALUES (45, 8, 510, 'Efectos por pagar a largo plazo', 0, 0, 0, 1, 1, 0);
INSERT INTO `cuenta` (`id`, `id_tipo_cuenta_id`, `nro_cuenta`, `nombre`, `deudora`, `mixta`, `obligacion_deudora`, `obligacion_acreedora`, `activo`, `produccion`) VALUES (46, 8, 515, 'Cuentas por Pagar a Largo Plazo', 0, 0, 0, 1, 1, 0);
INSERT INTO `cuenta` (`id`, `id_tipo_cuenta_id`, `nro_cuenta`, `nombre`, `deudora`, `mixta`, `obligacion_deudora`, `obligacion_acreedora`, `activo`, `produccion`) VALUES (47, 8, 520, 'Prestamos Recibidos a Largo Plazo', 0, 0, 0, 1, 1, 0);
INSERT INTO `cuenta` (`id`, `id_tipo_cuenta_id`, `nro_cuenta`, `nombre`, `deudora`, `mixta`, `obligacion_deudora`, `obligacion_acreedora`, `activo`, `produccion`) VALUES (48, 8, 540, 'Bonos por Pagar', 0, 0, 0, 1, 1, 0);
INSERT INTO `cuenta` (`id`, `id_tipo_cuenta_id`, `nro_cuenta`, `nombre`, `deudora`, `mixta`, `obligacion_deudora`, `obligacion_acreedora`, `activo`, `produccion`) VALUES (49, 9, 545, 'Ingresos Diferidos', 0, 0, 0, 0, 1, 0);
INSERT INTO `cuenta` (`id`, `id_tipo_cuenta_id`, `nro_cuenta`, `nombre`, `deudora`, `mixta`, `obligacion_deudora`, `obligacion_acreedora`, `activo`, `produccion`) VALUES (50, 10, 555, 'Sobrantes en Investigacion', 0, 0, 0, 0, 1, 0);
INSERT INTO `cuenta` (`id`, `id_tipo_cuenta_id`, `nro_cuenta`, `nombre`, `deudora`, `mixta`, `obligacion_deudora`, `obligacion_acreedora`, `activo`, `produccion`) VALUES (51, 10, 565, 'Cuentas por Pagar Diversas', 0, 0, 0, 0, 1, 0);
INSERT INTO `cuenta` (`id`, `id_tipo_cuenta_id`, `nro_cuenta`, `nombre`, `deudora`, `mixta`, `obligacion_deudora`, `obligacion_acreedora`, `activo`, `produccion`) VALUES (52, 10, 569, 'Cuentas por Pagar Compra de Monedas', 0, 0, 0, 0, 1, 0);
INSERT INTO `cuenta` (`id`, `id_tipo_cuenta_id`, `nro_cuenta`, `nombre`, `deudora`, `mixta`, `obligacion_deudora`, `obligacion_acreedora`, `activo`, `produccion`) VALUES (53, 10, 570, 'Ingresos de Periodos Futuros', 0, 0, 0, 0, 1, 0);
INSERT INTO `cuenta` (`id`, `id_tipo_cuenta_id`, `nro_cuenta`, `nombre`, `deudora`, `mixta`, `obligacion_deudora`, `obligacion_acreedora`, `activo`, `produccion`) VALUES (54, 11, 600, 'Capital Contable', 0, 0, 0, 0, 1, 0);
INSERT INTO `cuenta` (`id`, `id_tipo_cuenta_id`, `nro_cuenta`, `nombre`, `deudora`, `mixta`, `obligacion_deudora`, `obligacion_acreedora`, `activo`, `produccion`) VALUES (55, 11, 605, 'Acciones por Emitir', 1, 0, 0, 0, 1, 0);
INSERT INTO `cuenta` (`id`, `id_tipo_cuenta_id`, `nro_cuenta`, `nombre`, `deudora`, `mixta`, `obligacion_deudora`, `obligacion_acreedora`, `activo`, `produccion`) VALUES (56, 11, 608, 'Acciones Suscritas', 0, 0, 0, 0, 1, 0);
INSERT INTO `cuenta` (`id`, `id_tipo_cuenta_id`, `nro_cuenta`, `nombre`, `deudora`, `mixta`, `obligacion_deudora`, `obligacion_acreedora`, `activo`, `produccion`) VALUES (57, 11, 615, 'Revalorizacion de Activos Fijos Tangibles', 1, 0, 0, 0, 1, 0);
INSERT INTO `cuenta` (`id`, `id_tipo_cuenta_id`, `nro_cuenta`, `nombre`, `deudora`, `mixta`, `obligacion_deudora`, `obligacion_acreedora`, `activo`, `produccion`) VALUES (58, 11, 620, 'Donaciones Recibidas', 0, 0, 0, 0, 1, 0);
INSERT INTO `cuenta` (`id`, `id_tipo_cuenta_id`, `nro_cuenta`, `nombre`, `deudora`, `mixta`, `obligacion_deudora`, `obligacion_acreedora`, `activo`, `produccion`) VALUES (59, 11, 630, 'Utilidades Retenidas', 0, 0, 0, 0, 1, 0);
INSERT INTO `cuenta` (`id`, `id_tipo_cuenta_id`, `nro_cuenta`, `nombre`, `deudora`, `mixta`, `obligacion_deudora`, `obligacion_acreedora`, `activo`, `produccion`) VALUES (60, 11, 640, 'Perdidas', 1, 0, 0, 0, 1, 0);
INSERT INTO `cuenta` (`id`, `id_tipo_cuenta_id`, `nro_cuenta`, `nombre`, `deudora`, `mixta`, `obligacion_deudora`, `obligacion_acreedora`, `activo`, `produccion`) VALUES (61, 11, 696, 'Operaciones entre Dependencias Activos', 1, 0, 0, 0, 1, 0);
INSERT INTO `cuenta` (`id`, `id_tipo_cuenta_id`, `nro_cuenta`, `nombre`, `deudora`, `mixta`, `obligacion_deudora`, `obligacion_acreedora`, `activo`, `produccion`) VALUES (62, 11, 697, 'Operaciones entre Dependencia Pasivo', 0, 0, 0, 0, 1, 0);
INSERT INTO `cuenta` (`id`, `id_tipo_cuenta_id`, `nro_cuenta`, `nombre`, `deudora`, `mixta`, `obligacion_deudora`, `obligacion_acreedora`, `activo`, `produccion`) VALUES (63, 2, 700, 'Producciones en Proceso', 1, 0, 0, 0, 1, 1);
INSERT INTO `cuenta` (`id`, `id_tipo_cuenta_id`, `nro_cuenta`, `nombre`, `deudora`, `mixta`, `obligacion_deudora`, `obligacion_acreedora`, `activo`, `produccion`) VALUES (64, 12, 730, 'Reparaciones Capitales con Medios Propios', 1, 0, 0, 0, 1, 0);
INSERT INTO `cuenta` (`id`, `id_tipo_cuenta_id`, `nro_cuenta`, `nombre`, `deudora`, `mixta`, `obligacion_deudora`, `obligacion_acreedora`, `activo`, `produccion`) VALUES (65, 13, 800, 'Devoluciones en Ventas', 1, 0, 0, 0, 1, 0);
INSERT INTO `cuenta` (`id`, `id_tipo_cuenta_id`, `nro_cuenta`, `nombre`, `deudora`, `mixta`, `obligacion_deudora`, `obligacion_acreedora`, `activo`, `produccion`) VALUES (66, 13, 806, 'Impuestos por las Ventas', 1, 0, 0, 0, 1, 0);
INSERT INTO `cuenta` (`id`, `id_tipo_cuenta_id`, `nro_cuenta`, `nombre`, `deudora`, `mixta`, `obligacion_deudora`, `obligacion_acreedora`, `activo`, `produccion`) VALUES (67, 13, 810, 'Costo de Ventas de Produccion', 1, 0, 0, 0, 1, 0);
INSERT INTO `cuenta` (`id`, `id_tipo_cuenta_id`, `nro_cuenta`, `nombre`, `deudora`, `mixta`, `obligacion_deudora`, `obligacion_acreedora`, `activo`, `produccion`) VALUES (68, 13, 815, 'Costo de Ventas de Mercancias', 1, 0, 0, 0, 1, 0);
INSERT INTO `cuenta` (`id`, `id_tipo_cuenta_id`, `nro_cuenta`, `nombre`, `deudora`, `mixta`, `obligacion_deudora`, `obligacion_acreedora`, `activo`, `produccion`) VALUES (69, 13, 823, 'Gastos de Administracion', 1, 0, 0, 0, 1, 0);
INSERT INTO `cuenta` (`id`, `id_tipo_cuenta_id`, `nro_cuenta`, `nombre`, `deudora`, `mixta`, `obligacion_deudora`, `obligacion_acreedora`, `activo`, `produccion`) VALUES (70, 13, 819, 'Gastos de Distribucion y Ventas', 1, 0, 0, 0, 1, 0);
INSERT INTO `cuenta` (`id`, `id_tipo_cuenta_id`, `nro_cuenta`, `nombre`, `deudora`, `mixta`, `obligacion_deudora`, `obligacion_acreedora`, `activo`, `produccion`) VALUES (71, 13, 839, 'Gastos por Perdidas en Tasas de Cambio', 1, 0, 0, 0, 1, 0);
INSERT INTO `cuenta` (`id`, `id_tipo_cuenta_id`, `nro_cuenta`, `nombre`, `deudora`, `mixta`, `obligacion_deudora`, `obligacion_acreedora`, `activo`, `produccion`) VALUES (72, 13, 845, 'Gastos por Perdidas', 1, 0, 0, 0, 1, 0);
INSERT INTO `cuenta` (`id`, `id_tipo_cuenta_id`, `nro_cuenta`, `nombre`, `deudora`, `mixta`, `obligacion_deudora`, `obligacion_acreedora`, `activo`, `produccion`) VALUES (73, 13, 850, 'Gastos por Faltantes', 1, 0, 0, 0, 1, 0);
INSERT INTO `cuenta` (`id`, `id_tipo_cuenta_id`, `nro_cuenta`, `nombre`, `deudora`, `mixta`, `obligacion_deudora`, `obligacion_acreedora`, `activo`, `produccion`) VALUES (74, 13, 855, 'Otros Impuestos y Contribuciones', 1, 0, 0, 0, 1, 0);
INSERT INTO `cuenta` (`id`, `id_tipo_cuenta_id`, `nro_cuenta`, `nombre`, `deudora`, `mixta`, `obligacion_deudora`, `obligacion_acreedora`, `activo`, `produccion`) VALUES (75, 14, 901, 'Ventas de Mercancias', 0, 0, 0, 0, 1, 0);
INSERT INTO `cuenta` (`id`, `id_tipo_cuenta_id`, `nro_cuenta`, `nombre`, `deudora`, `mixta`, `obligacion_deudora`, `obligacion_acreedora`, `activo`, `produccion`) VALUES (76, 14, 900, 'Ventas de Produccion', 0, 0, 0, 0, 1, 0);
INSERT INTO `cuenta` (`id`, `id_tipo_cuenta_id`, `nro_cuenta`, `nombre`, `deudora`, `mixta`, `obligacion_deudora`, `obligacion_acreedora`, `activo`, `produccion`) VALUES (77, 14, 920, 'Ingresos Financieros', 0, 0, 0, 0, 1, 0);
INSERT INTO `cuenta` (`id`, `id_tipo_cuenta_id`, `nro_cuenta`, `nombre`, `deudora`, `mixta`, `obligacion_deudora`, `obligacion_acreedora`, `activo`, `produccion`) VALUES (78, 14, 924, 'Ingresos por Variacion de Tasas de Cambio', 0, 0, 0, 0, 1, 0);
INSERT INTO `cuenta` (`id`, `id_tipo_cuenta_id`, `nro_cuenta`, `nombre`, `deudora`, `mixta`, `obligacion_deudora`, `obligacion_acreedora`, `activo`, `produccion`) VALUES (79, 14, 930, 'Ingresos por Sobrantes de Bienes', 0, 0, 0, 0, 1, 0);
INSERT INTO `cuenta` (`id`, `id_tipo_cuenta_id`, `nro_cuenta`, `nombre`, `deudora`, `mixta`, `obligacion_deudora`, `obligacion_acreedora`, `activo`, `produccion`) VALUES (80, 14, 950, 'Otros Ingresos', 0, 0, 0, 0, 1, 0);
INSERT INTO `cuenta` (`id`, `id_tipo_cuenta_id`, `nro_cuenta`, `nombre`, `deudora`, `mixta`, `obligacion_deudora`, `obligacion_acreedora`, `activo`, `produccion`) VALUES (81, 14, 953, 'Ingresos por Donaciones Recibidas', 0, 0, 0, 0, 1, 0);
INSERT INTO `cuenta` (`id`, `id_tipo_cuenta_id`, `nro_cuenta`, `nombre`, `deudora`, `mixta`, `obligacion_deudora`, `obligacion_acreedora`, `activo`, `produccion`) VALUES (82, 15, 999, 'Resultados', 0, 1, 0, 0, 1, 0);
INSERT INTO `cuenta` (`id`, `id_tipo_cuenta_id`, `nro_cuenta`, `nombre`, `deudora`, `mixta`, `obligacion_deudora`, `obligacion_acreedora`, `activo`, `produccion`) VALUES (83, 14, 903, 'Venta de Servicios Prestados', 0, 0, 0, 0, 1, 0);
INSERT INTO `cuenta` (`id`, `id_tipo_cuenta_id`, `nro_cuenta`, `nombre`, `deudora`, `mixta`, `obligacion_deudora`, `obligacion_acreedora`, `activo`, `produccion`) VALUES (84, 13, 816, 'Costo de Venta de Servicios Prestados', 1, 0, 0, 0, 1, 0);
INSERT INTO `cuenta` (`id`, `id_tipo_cuenta_id`, `nro_cuenta`, `nombre`, `deudora`, `mixta`, `obligacion_deudora`, `obligacion_acreedora`, `activo`, `produccion`) VALUES (85, 11, 646, 'Reservas para Inversiones', 0, 0, 0, 0, 1, 0);
INSERT INTO `cuenta` (`id`, `id_tipo_cuenta_id`, `nro_cuenta`, `nombre`, `deudora`, `mixta`, `obligacion_deudora`, `obligacion_acreedora`, `activo`, `produccion`) VALUES (86, 8, 526, 'Obligaciones a Largo Plazo', 0, 0, 0, 1, 1, 0);
INSERT INTO `cuenta_criterio_analisis` (`id`, `id_cuenta_id`, `id_criterio_analisis_id`, `orden`) VALUES (10, 3, 6, NULL);
INSERT INTO `cuenta_criterio_analisis` (`id`, `id_cuenta_id`, `id_criterio_analisis_id`, `orden`) VALUES (13, 6, 6, NULL);
INSERT INTO `cuenta_criterio_analisis` (`id`, `id_cuenta_id`, `id_criterio_analisis_id`, `orden`) VALUES (14, 4, 15, NULL);
INSERT INTO `cuenta_criterio_analisis` (`id`, `id_cuenta_id`, `id_criterio_analisis_id`, `orden`) VALUES (15, 7, 8, NULL);
INSERT INTO `cuenta_criterio_analisis` (`id`, `id_cuenta_id`, `id_criterio_analisis_id`, `orden`) VALUES (16, 8, 6, NULL);
INSERT INTO `cuenta_criterio_analisis` (`id`, `id_cuenta_id`, `id_criterio_analisis_id`, `orden`) VALUES (18, 10, 1, NULL);
INSERT INTO `cuenta_criterio_analisis` (`id`, `id_cuenta_id`, `id_criterio_analisis_id`, `orden`) VALUES (19, 11, 1, NULL);
INSERT INTO `cuenta_criterio_analisis` (`id`, `id_cuenta_id`, `id_criterio_analisis_id`, `orden`) VALUES (21, 13, 1, NULL);
INSERT INTO `cuenta_criterio_analisis` (`id`, `id_cuenta_id`, `id_criterio_analisis_id`, `orden`) VALUES (23, 12, 1, NULL);
INSERT INTO `cuenta_criterio_analisis` (`id`, `id_cuenta_id`, `id_criterio_analisis_id`, `orden`) VALUES (26, 14, 1, NULL);
INSERT INTO `cuenta_criterio_analisis` (`id`, `id_cuenta_id`, `id_criterio_analisis_id`, `orden`) VALUES (28, 16, 1, NULL);
INSERT INTO `cuenta_criterio_analisis` (`id`, `id_cuenta_id`, `id_criterio_analisis_id`, `orden`) VALUES (29, 17, 1, NULL);
INSERT INTO `cuenta_criterio_analisis` (`id`, `id_cuenta_id`, `id_criterio_analisis_id`, `orden`) VALUES (30, 18, 6, NULL);
INSERT INTO `cuenta_criterio_analisis` (`id`, `id_cuenta_id`, `id_criterio_analisis_id`, `orden`) VALUES (31, 19, 6, NULL);
INSERT INTO `cuenta_criterio_analisis` (`id`, `id_cuenta_id`, `id_criterio_analisis_id`, `orden`) VALUES (32, 20, 6, NULL);
INSERT INTO `cuenta_criterio_analisis` (`id`, `id_cuenta_id`, `id_criterio_analisis_id`, `orden`) VALUES (33, 21, 4, NULL);
INSERT INTO `cuenta_criterio_analisis` (`id`, `id_cuenta_id`, `id_criterio_analisis_id`, `orden`) VALUES (36, 23, 2, NULL);
INSERT INTO `cuenta_criterio_analisis` (`id`, `id_cuenta_id`, `id_criterio_analisis_id`, `orden`) VALUES (37, 24, 4, NULL);
INSERT INTO `cuenta_criterio_analisis` (`id`, `id_cuenta_id`, `id_criterio_analisis_id`, `orden`) VALUES (38, 25, 6, NULL);
INSERT INTO `cuenta_criterio_analisis` (`id`, `id_cuenta_id`, `id_criterio_analisis_id`, `orden`) VALUES (39, 26, 6, NULL);
INSERT INTO `cuenta_criterio_analisis` (`id`, `id_cuenta_id`, `id_criterio_analisis_id`, `orden`) VALUES (43, 35, 6, NULL);
INSERT INTO `cuenta_criterio_analisis` (`id`, `id_cuenta_id`, `id_criterio_analisis_id`, `orden`) VALUES (51, 36, 6, NULL);
INSERT INTO `cuenta_criterio_analisis` (`id`, `id_cuenta_id`, `id_criterio_analisis_id`, `orden`) VALUES (52, 37, 6, NULL);
INSERT INTO `cuenta_criterio_analisis` (`id`, `id_cuenta_id`, `id_criterio_analisis_id`, `orden`) VALUES (54, 39, 6, NULL);
INSERT INTO `cuenta_criterio_analisis` (`id`, `id_cuenta_id`, `id_criterio_analisis_id`, `orden`) VALUES (55, 40, 6, NULL);
INSERT INTO `cuenta_criterio_analisis` (`id`, `id_cuenta_id`, `id_criterio_analisis_id`, `orden`) VALUES (57, 43, 6, NULL);
INSERT INTO `cuenta_criterio_analisis` (`id`, `id_cuenta_id`, `id_criterio_analisis_id`, `orden`) VALUES (58, 44, 8, NULL);
INSERT INTO `cuenta_criterio_analisis` (`id`, `id_cuenta_id`, `id_criterio_analisis_id`, `orden`) VALUES (59, 45, 6, NULL);
INSERT INTO `cuenta_criterio_analisis` (`id`, `id_cuenta_id`, `id_criterio_analisis_id`, `orden`) VALUES (60, 46, 6, NULL);
INSERT INTO `cuenta_criterio_analisis` (`id`, `id_cuenta_id`, `id_criterio_analisis_id`, `orden`) VALUES (65, 48, 6, NULL);
INSERT INTO `cuenta_criterio_analisis` (`id`, `id_cuenta_id`, `id_criterio_analisis_id`, `orden`) VALUES (66, 50, 11, NULL);
INSERT INTO `cuenta_criterio_analisis` (`id`, `id_cuenta_id`, `id_criterio_analisis_id`, `orden`) VALUES (67, 51, 6, NULL);
INSERT INTO `cuenta_criterio_analisis` (`id`, `id_cuenta_id`, `id_criterio_analisis_id`, `orden`) VALUES (68, 52, 6, NULL);
INSERT INTO `cuenta_criterio_analisis` (`id`, `id_cuenta_id`, `id_criterio_analisis_id`, `orden`) VALUES (69, 55, 15, NULL);
INSERT INTO `cuenta_criterio_analisis` (`id`, `id_cuenta_id`, `id_criterio_analisis_id`, `orden`) VALUES (74, 15, 1, NULL);
INSERT INTO `cuenta_criterio_analisis` (`id`, `id_cuenta_id`, `id_criterio_analisis_id`, `orden`) VALUES (79, 27, 5, NULL);
INSERT INTO `cuenta_criterio_analisis` (`id`, `id_cuenta_id`, `id_criterio_analisis_id`, `orden`) VALUES (80, 28, 11, NULL);
INSERT INTO `cuenta_criterio_analisis` (`id`, `id_cuenta_id`, `id_criterio_analisis_id`, `orden`) VALUES (81, 29, 11, NULL);
INSERT INTO `cuenta_criterio_analisis` (`id`, `id_cuenta_id`, `id_criterio_analisis_id`, `orden`) VALUES (82, 30, 11, NULL);
INSERT INTO `cuenta_criterio_analisis` (`id`, `id_cuenta_id`, `id_criterio_analisis_id`, `orden`) VALUES (83, 31, 6, NULL);
INSERT INTO `cuenta_criterio_analisis` (`id`, `id_cuenta_id`, `id_criterio_analisis_id`, `orden`) VALUES (84, 31, 8, NULL);
INSERT INTO `cuenta_criterio_analisis` (`id`, `id_cuenta_id`, `id_criterio_analisis_id`, `orden`) VALUES (85, 56, 15, NULL);
INSERT INTO `cuenta_criterio_analisis` (`id`, `id_cuenta_id`, `id_criterio_analisis_id`, `orden`) VALUES (136, 61, 2, 1);
INSERT INTO `cuenta_criterio_analisis` (`id`, `id_cuenta_id`, `id_criterio_analisis_id`, `orden`) VALUES (137, 61, 1, 2);
INSERT INTO `cuenta_criterio_analisis` (`id`, `id_cuenta_id`, `id_criterio_analisis_id`, `orden`) VALUES (138, 63, 3, 1);
INSERT INTO `cuenta_criterio_analisis` (`id`, `id_cuenta_id`, `id_criterio_analisis_id`, `orden`) VALUES (139, 63, 10, 2);
INSERT INTO `cuenta_criterio_analisis` (`id`, `id_cuenta_id`, `id_criterio_analisis_id`, `orden`) VALUES (140, 63, 5, 3);
INSERT INTO `cuenta_criterio_analisis` (`id`, `id_cuenta_id`, `id_criterio_analisis_id`, `orden`) VALUES (141, 62, 2, 1);
INSERT INTO `cuenta_criterio_analisis` (`id`, `id_cuenta_id`, `id_criterio_analisis_id`, `orden`) VALUES (142, 62, 1, 2);
INSERT INTO `cuenta_criterio_analisis` (`id`, `id_cuenta_id`, `id_criterio_analisis_id`, `orden`) VALUES (148, 70, 3, 1);
INSERT INTO `cuenta_criterio_analisis` (`id`, `id_cuenta_id`, `id_criterio_analisis_id`, `orden`) VALUES (149, 70, 5, 2);
INSERT INTO `cuenta_criterio_analisis` (`id`, `id_cuenta_id`, `id_criterio_analisis_id`, `orden`) VALUES (155, 69, 3, 1);
INSERT INTO `cuenta_criterio_analisis` (`id`, `id_cuenta_id`, `id_criterio_analisis_id`, `orden`) VALUES (156, 69, 5, 2);
INSERT INTO `cuenta_criterio_analisis` (`id`, `id_cuenta_id`, `id_criterio_analisis_id`, `orden`) VALUES (160, 22, 12, 2);
INSERT INTO `cuenta_criterio_analisis` (`id`, `id_cuenta_id`, `id_criterio_analisis_id`, `orden`) VALUES (161, 22, 3, 3);
INSERT INTO `cuenta_criterio_analisis` (`id`, `id_cuenta_id`, `id_criterio_analisis_id`, `orden`) VALUES (162, 86, 6, 1);
INSERT INTO `cuenta_criterio_analisis` (`id`, `id_cuenta_id`, `id_criterio_analisis_id`, `orden`) VALUES (164, 42, 8, 1);
INSERT INTO `cuenta_criterio_analisis` (`id`, `id_cuenta_id`, `id_criterio_analisis_id`, `orden`) VALUES (165, 5, 6, 1);
INSERT INTO `cuenta_criterio_analisis` (`id`, `id_cuenta_id`, `id_criterio_analisis_id`, `orden`) VALUES (168, 64, 4, 1);
INSERT INTO `cuenta_criterio_analisis` (`id`, `id_cuenta_id`, `id_criterio_analisis_id`, `orden`) VALUES (169, 64, 5, 2);
INSERT INTO `cuenta_criterio_analisis` (`id`, `id_cuenta_id`, `id_criterio_analisis_id`, `orden`) VALUES (171, 38, 6, 1);
INSERT INTO `cuenta_criterio_analisis` (`id`, `id_cuenta_id`, `id_criterio_analisis_id`, `orden`) VALUES (172, 112, 6, 1);
INSERT INTO `elemento_gasto` (`id`, `codigo`, `descripcion`, `activo`) VALUES (1, '1001', 'Materiales de Oficina', 1);
INSERT INTO `elemento_gasto` (`id`, `codigo`, `descripcion`, `activo`) VALUES (2, '1002', 'Materiales y Productos de Aseo', 1);
INSERT INTO `elemento_gasto` (`id`, `codigo`, `descripcion`, `activo`) VALUES (3, '1003', 'Alimentos', 1);
INSERT INTO `elemento_gasto` (`id`, `codigo`, `descripcion`, `activo`) VALUES (4, '1004', 'Materiales de Limpieza', 1);
INSERT INTO `elemento_gasto` (`id`, `codigo`, `descripcion`, `activo`) VALUES (5, '1005', 'Desgaste de Utiles y Herramientas', 1);
INSERT INTO `elemento_gasto` (`id`, `codigo`, `descripcion`, `activo`) VALUES (6, '1006', 'Piezas de Repuestos', 1);
INSERT INTO `elemento_gasto` (`id`, `codigo`, `descripcion`, `activo`) VALUES (7, '1007', 'Otros Materiales', 1);
INSERT INTO `elemento_gasto` (`id`, `codigo`, `descripcion`, `activo`) VALUES (8, '3001', 'Gasolina', 1);
INSERT INTO `elemento_gasto` (`id`, `codigo`, `descripcion`, `activo`) VALUES (9, '3002', 'Diesel', 1);
INSERT INTO `elemento_gasto` (`id`, `codigo`, `descripcion`, `activo`) VALUES (10, '3003', 'Grasas y Lubricantes', 1);
INSERT INTO `elemento_gasto` (`id`, `codigo`, `descripcion`, `activo`) VALUES (11, '3004', 'Otros Combustibles', 1);
INSERT INTO `elemento_gasto` (`id`, `codigo`, `descripcion`, `activo`) VALUES (12, '4001', 'Energia Electrica', 1);
INSERT INTO `elemento_gasto` (`id`, `codigo`, `descripcion`, `activo`) VALUES (13, '5001', 'Gasto de Sueldo', 1);
INSERT INTO `elemento_gasto` (`id`, `codigo`, `descripcion`, `activo`) VALUES (14, '5002', 'Seguridad Social', 1);
INSERT INTO `elemento_gasto` (`id`, `codigo`, `descripcion`, `activo`) VALUES (15, '5003', 'Vacaciones', 1);
INSERT INTO `elemento_gasto` (`id`, `codigo`, `descripcion`, `activo`) VALUES (16, '6001', 'Impuestos Utilizacion Fuerza de Trabajo', 1);
INSERT INTO `elemento_gasto` (`id`, `codigo`, `descripcion`, `activo`) VALUES (17, '7001', 'Depreciacion de Activos Fijos', 1);
INSERT INTO `elemento_gasto` (`id`, `codigo`, `descripcion`, `activo`) VALUES (18, '7002', 'Amortizacion de Gastos Diferidos', 1);
INSERT INTO `elemento_gasto` (`id`, `codigo`, `descripcion`, `activo`) VALUES (19, '8001', 'Servicios de Reparacion y Mantenimiento', 1);
INSERT INTO `elemento_gasto` (`id`, `codigo`, `descripcion`, `activo`) VALUES (20, '8002', 'Servicios de Comunicaciones', 1);
INSERT INTO `elemento_gasto` (`id`, `codigo`, `descripcion`, `activo`) VALUES (21, '8003', 'Servicios de Transportacion', 1);
INSERT INTO `elemento_gasto` (`id`, `codigo`, `descripcion`, `activo`) VALUES (22, '8004', 'Viaticos', 1);
INSERT INTO `elemento_gasto` (`id`, `codigo`, `descripcion`, `activo`) VALUES (23, '8005', 'Otros Servicios', 1);
INSERT INTO `elemento_gasto` (`id`, `codigo`, `descripcion`, `activo`) VALUES (24, 'Traspasos de Gastos Indirectos', '9000', 1);
INSERT INTO `estado` (`id`, `nombre`, `orden`, `activo`, `color`) VALUES (1, 'Pendiente', 1, 1, '#DDDBDB');
INSERT INTO `estado` (`id`, `nombre`, `orden`, `activo`, `color`) VALUES (2, 'Asignada', 2, 1, '#0C2EC0');
INSERT INTO `estado` (`id`, `nombre`, `orden`, `activo`, `color`) VALUES (3, 'En Proceso', 3, 1, '#84C0F7');
INSERT INTO `estado` (`id`, `nombre`, `orden`, `activo`, `color`) VALUES (4, 'Distribución', 4, 1, '#18B437');
INSERT INTO `estado` (`id`, `nombre`, `orden`, `activo`, `color`) VALUES (5, 'Entregada', 5, 1, '#9A710A');
INSERT INTO `estado` (`id`, `nombre`, `orden`, `activo`, `color`) VALUES (6, 'Cancelada', 6, 1, '#F10000');
INSERT INTO `estado_solicitudes` (`id`, `nombre`, `activo`) VALUES (1, 'Registrada', 1);
INSERT INTO `estado_solicitudes` (`id`, `nombre`, `activo`) VALUES (2, 'Procesada', 1);
INSERT INTO `estado_solicitudes` (`id`, `nombre`, `activo`) VALUES (3, 'Pagada', 1);
INSERT INTO `estado_solicitudes` (`id`, `nombre`, `activo`) VALUES (4, 'Aceptada', 1);
INSERT INTO `moneda` (`id`, `nombre`, `activo`) VALUES (1, 'USD', 1);
INSERT INTO `moneda` (`id`, `nombre`, `activo`) VALUES (2, 'EUR', 1);
INSERT INTO `moneda` (`id`, `nombre`, `activo`) VALUES (3, 'RD$', 1);
INSERT INTO `moneda` (`id`, `nombre`, `activo`) VALUES (4, 'CUP', 1);
INSERT INTO `rango_escala_dgii` (`id`, `anno`, `escala`, `por_ciento`, `minimo`, `maximo`, `activo`, `valor_fijo`) VALUES (2, 2021, 'Rentas hasta RD$416,220.00', 0, 0, 416220, 1, 0);
INSERT INTO `rango_escala_dgii` (`id`, `anno`, `escala`, `por_ciento`, `minimo`, `maximo`, `activo`, `valor_fijo`) VALUES (3, 2021, 'Rentas desde RD$416,220.01 hasta RD$624,329.00', 15, 416220.01, 624329, 1, 0);
INSERT INTO `rango_escala_dgii` (`id`, `anno`, `escala`, `por_ciento`, `minimo`, `maximo`, `activo`, `valor_fijo`) VALUES (4, 2021, 'Rentas desde RD$624329.01 hasta RD$867123.00', 20, 624329.01, 867123, 1, 31216);
INSERT INTO `rango_escala_dgii` (`id`, `anno`, `escala`, `por_ciento`, `minimo`, `maximo`, `activo`, `valor_fijo`) VALUES (5, 2021, 'Rentas desde  RD$867123.01 en adelante', 25, 867123.01, 10000000, 1, 79776);
INSERT INTO `rango_escala_dgii` (`id`, `anno`, `escala`, `por_ciento`, `minimo`, `maximo`, `activo`, `valor_fijo`) VALUES (6, 2022, 'Rentas hasta RD$416,220.00', 0, 0, 416220, 1, 0);
INSERT INTO `rango_escala_dgii` (`id`, `anno`, `escala`, `por_ciento`, `minimo`, `maximo`, `activo`, `valor_fijo`) VALUES (7, 2022, 'Rentas desde RD$416,220.01 hasta RD$624,329.00', 15, 416220.01, 624329, 1, 0);
INSERT INTO `rango_escala_dgii` (`id`, `anno`, `escala`, `por_ciento`, `minimo`, `maximo`, `activo`, `valor_fijo`) VALUES (8, 2022, 'Rentas desde RD$624329.01 hasta RD$867123.00', 20, 624329.01, 867123, 1, 31216);
INSERT INTO `rango_escala_dgii` (`id`, `anno`, `escala`, `por_ciento`, `minimo`, `maximo`, `activo`, `valor_fijo`) VALUES (9, 2022, 'Rentas desde  RD$867123.01 en adelante', 25, 867123.01, 100000000, 1, 79776);
INSERT INTO `servicios` (`id`, `nombre`, `codigo`, `abreviatura`, `activo`) VALUES (1, 'Recarga Cubacell', '0010', 'RC', 1);
INSERT INTO `servicios` (`id`, `nombre`, `codigo`, `abreviatura`, `activo`) VALUES (2, 'Recarga Nauta', '0020', 'RN', 1);
INSERT INTO `servicios` (`id`, `nombre`, `codigo`, `abreviatura`, `activo`) VALUES (3, 'Larga Distancia', '0030', 'LD', 1);
INSERT INTO `servicios` (`id`, `nombre`, `codigo`, `abreviatura`, `activo`) VALUES (4, 'Envio de Remesas', '0040', 'ER', 1);
INSERT INTO `servicios` (`id`, `nombre`, `codigo`, `abreviatura`, `activo`) VALUES (5, 'Boletos Aéreos', '0050', 'BA', 1);
INSERT INTO `servicios` (`id`, `nombre`, `codigo`, `abreviatura`, `activo`) VALUES (6, 'Renta de Hoteles', '0060', 'RH', 0);
INSERT INTO `servicios` (`id`, `nombre`, `codigo`, `abreviatura`, `activo`) VALUES (7, 'Renta de Autos', '0070', 'RA', 1);
INSERT INTO `servicios` (`id`, `nombre`, `codigo`, `abreviatura`, `activo`) VALUES (8, 'Excursiones', '0080', 'E', 1);
INSERT INTO `servicios` (`id`, `nombre`, `codigo`, `abreviatura`, `activo`) VALUES (9, 'Envio de paquetes', '0090', 'EP', 0);
INSERT INTO `servicios` (`id`, `nombre`, `codigo`, `abreviatura`, `activo`) VALUES (10, 'Paquetes Turísticos', '0100', 'PT', 1);
INSERT INTO `servicios` (`id`, `nombre`, `codigo`, `abreviatura`, `activo`) VALUES (11, 'Paquete Turístico Básico', '0110', 'PTB', 1);
INSERT INTO `servicios` (`id`, `nombre`, `codigo`, `abreviatura`, `activo`) VALUES (12, 'Desarrollo de Software', '0120', 'DS', 1);
INSERT INTO `servicios` (`id`, `nombre`, `codigo`, `abreviatura`, `activo`) VALUES (13, 'Diseño', '0130', 'D', 1);
INSERT INTO `servicios` (`id`, `nombre`, `codigo`, `abreviatura`, `activo`) VALUES (14, 'Marketing y redes Sociales', '0140', 'MRS', 1);
INSERT INTO `servicios` (`id`, `nombre`, `codigo`, `abreviatura`, `activo`) VALUES (15, 'Envios Paquetes', '0150', 'EP', 1);
INSERT INTO `servicios` (`id`, `nombre`, `codigo`, `abreviatura`, `activo`) VALUES (16, 'Servicio Envio Paquetes', '0160', 'SEP', 1);
INSERT INTO `subcuenta` (`id`, `id_cuenta_id`, `nro_subcuenta`, `elemento_gasto`, `descripcion`, `deudora`, `activo`) VALUES (1, 1, '0001', 0, 'Efectivo', 1, 1);
INSERT INTO `subcuenta` (`id`, `id_cuenta_id`, `nro_subcuenta`, `elemento_gasto`, `descripcion`, `deudora`, `activo`) VALUES (2, 13, '00001', 0, 'En Almacen', 1, 1);
INSERT INTO `subcuenta` (`id`, `id_cuenta_id`, `nro_subcuenta`, `elemento_gasto`, `descripcion`, `deudora`, `activo`) VALUES (3, 13, '0002', 0, 'En Uso', 1, 1);
INSERT INTO `subcuenta` (`id`, `id_cuenta_id`, `nro_subcuenta`, `elemento_gasto`, `descripcion`, `deudora`, `activo`) VALUES (4, 14, '0020', 0, 'Produccion', 1, 1);
INSERT INTO `subcuenta` (`id`, `id_cuenta_id`, `nro_subcuenta`, `elemento_gasto`, `descripcion`, `deudora`, `activo`) VALUES (5, 14, '0030', 0, 'Ventas', 0, 1);
INSERT INTO `subcuenta` (`id`, `id_cuenta_id`, `nro_subcuenta`, `elemento_gasto`, `descripcion`, `deudora`, `activo`) VALUES (6, 14, '0040', 0, 'Otros Aumentos', 1, 1);
INSERT INTO `subcuenta` (`id`, `id_cuenta_id`, `nro_subcuenta`, `elemento_gasto`, `descripcion`, `deudora`, `activo`) VALUES (7, 14, '0050', 0, 'Otras Disminuciones', 0, 1);
INSERT INTO `subcuenta` (`id`, `id_cuenta_id`, `nro_subcuenta`, `elemento_gasto`, `descripcion`, `deudora`, `activo`) VALUES (8, 24, '01', 0, 'Saldo de Inico', 1, 1);
INSERT INTO `subcuenta` (`id`, `id_cuenta_id`, `nro_subcuenta`, `elemento_gasto`, `descripcion`, `deudora`, `activo`) VALUES (9, 24, '0010', 0, 'Construccion y Montaje', 1, 1);
INSERT INTO `subcuenta` (`id`, `id_cuenta_id`, `nro_subcuenta`, `elemento_gasto`, `descripcion`, `deudora`, `activo`) VALUES (10, 24, '00020', 0, 'Equipos', 1, 1);
INSERT INTO `subcuenta` (`id`, `id_cuenta_id`, `nro_subcuenta`, `elemento_gasto`, `descripcion`, `deudora`, `activo`) VALUES (11, 24, '00030', 0, 'Otros Gastos', 1, 1);
INSERT INTO `subcuenta` (`id`, `id_cuenta_id`, `nro_subcuenta`, `elemento_gasto`, `descripcion`, `deudora`, `activo`) VALUES (12, 24, '0999', 0, 'Traspaso a Activos Fijos', 0, 1);
INSERT INTO `subcuenta` (`id`, `id_cuenta_id`, `nro_subcuenta`, `elemento_gasto`, `descripcion`, `deudora`, `activo`) VALUES (13, 25, '0100', 0, 'Compras del Periodo', 1, 1);
INSERT INTO `subcuenta` (`id`, `id_cuenta_id`, `nro_subcuenta`, `elemento_gasto`, `descripcion`, `deudora`, `activo`) VALUES (14, 25, '0300', 0, 'Adquisicion del Periodo por Donaciones', 1, 1);
INSERT INTO `subcuenta` (`id`, `id_cuenta_id`, `nro_subcuenta`, `elemento_gasto`, `descripcion`, `deudora`, `activo`) VALUES (15, 25, '0999', 0, 'Traspaso a Activos Fijos Tangibles', 0, 1);
INSERT INTO `subcuenta` (`id`, `id_cuenta_id`, `nro_subcuenta`, `elemento_gasto`, `descripcion`, `deudora`, `activo`) VALUES (16, 2, '001', 0, 'fkldjskfljdslkf', 1, 0);
INSERT INTO `subcuenta` (`id`, `id_cuenta_id`, `nro_subcuenta`, `elemento_gasto`, `descripcion`, `deudora`, `activo`) VALUES (17, 9, '0001', 0, 'Impuesto sobre las ventas', 1, 1);
INSERT INTO `subcuenta` (`id`, `id_cuenta_id`, `nro_subcuenta`, `elemento_gasto`, `descripcion`, `deudora`, `activo`) VALUES (18, 9, '0002', 0, 'Aranceles de Aduana', 1, 1);
INSERT INTO `subcuenta` (`id`, `id_cuenta_id`, `nro_subcuenta`, `elemento_gasto`, `descripcion`, `deudora`, `activo`) VALUES (19, 9, '0004', 0, 'Impuesto sobre Utilidades', 1, 1);
INSERT INTO `subcuenta` (`id`, `id_cuenta_id`, `nro_subcuenta`, `elemento_gasto`, `descripcion`, `deudora`, `activo`) VALUES (20, 26, '0100', 0, 'Compras del Periodo', 1, 1);
INSERT INTO `subcuenta` (`id`, `id_cuenta_id`, `nro_subcuenta`, `elemento_gasto`, `descripcion`, `deudora`, `activo`) VALUES (21, 26, '0999', 0, 'Traspaso a activos fijos intangibles', 0, 1);
INSERT INTO `subcuenta` (`id`, `id_cuenta_id`, `nro_subcuenta`, `elemento_gasto`, `descripcion`, `deudora`, `activo`) VALUES (22, 27, '0010', 0, 'Saldo al Incio', 1, 1);
INSERT INTO `subcuenta` (`id`, `id_cuenta_id`, `nro_subcuenta`, `elemento_gasto`, `descripcion`, `deudora`, `activo`) VALUES (23, 27, '0020', 1, 'Gastos por Elementos del Periodo', 1, 1);
INSERT INTO `subcuenta` (`id`, `id_cuenta_id`, `nro_subcuenta`, `elemento_gasto`, `descripcion`, `deudora`, `activo`) VALUES (24, 27, '0030', 0, 'Amortizacion de Gastos', 0, 1);
INSERT INTO `subcuenta` (`id`, `id_cuenta_id`, `nro_subcuenta`, `elemento_gasto`, `descripcion`, `deudora`, `activo`) VALUES (25, 28, '0010', 0, 'Saldo al Inicio', 1, 1);
INSERT INTO `subcuenta` (`id`, `id_cuenta_id`, `nro_subcuenta`, `elemento_gasto`, `descripcion`, `deudora`, `activo`) VALUES (26, 28, '0020', 0, 'Gastos del Periodo', 1, 1);
INSERT INTO `subcuenta` (`id`, `id_cuenta_id`, `nro_subcuenta`, `elemento_gasto`, `descripcion`, `deudora`, `activo`) VALUES (27, 28, '0030', 0, 'Amortizacion de Gastos', 0, 1);
INSERT INTO `subcuenta` (`id`, `id_cuenta_id`, `nro_subcuenta`, `elemento_gasto`, `descripcion`, `deudora`, `activo`) VALUES (28, 29, '0010', 0, 'Perdidas por Deterioros', 1, 1);
INSERT INTO `subcuenta` (`id`, `id_cuenta_id`, `nro_subcuenta`, `elemento_gasto`, `descripcion`, `deudora`, `activo`) VALUES (29, 29, '0020', 0, 'Perdidas de Cuentas por Cobrar', 1, 1);
INSERT INTO `subcuenta` (`id`, `id_cuenta_id`, `nro_subcuenta`, `elemento_gasto`, `descripcion`, `deudora`, `activo`) VALUES (30, 30, '0010', 0, 'Medios Monetarios', 1, 1);
INSERT INTO `subcuenta` (`id`, `id_cuenta_id`, `nro_subcuenta`, `elemento_gasto`, `descripcion`, `deudora`, `activo`) VALUES (31, 30, '0020', 0, 'Medios  Materiales', 1, 1);
INSERT INTO `subcuenta` (`id`, `id_cuenta_id`, `nro_subcuenta`, `elemento_gasto`, `descripcion`, `deudora`, `activo`) VALUES (32, 31, '0010', 0, 'Ventas a Entidades', 1, 1);
INSERT INTO `subcuenta` (`id`, `id_cuenta_id`, `nro_subcuenta`, `elemento_gasto`, `descripcion`, `deudora`, `activo`) VALUES (33, 31, '0020', 0, 'Ventas a Trabajadores', 1, 1);
INSERT INTO `subcuenta` (`id`, `id_cuenta_id`, `nro_subcuenta`, `elemento_gasto`, `descripcion`, `deudora`, `activo`) VALUES (34, 41, '0001', 0, 'Impuesto sobre Ventas', 0, 1);
INSERT INTO `subcuenta` (`id`, `id_cuenta_id`, `nro_subcuenta`, `elemento_gasto`, `descripcion`, `deudora`, `activo`) VALUES (35, 41, '0003', 0, 'Aranceles de Aduana', 0, 1);
INSERT INTO `subcuenta` (`id`, `id_cuenta_id`, `nro_subcuenta`, `elemento_gasto`, `descripcion`, `deudora`, `activo`) VALUES (36, 41, '0004', 0, 'Impuesto sobre Utilidades', 0, 1);
INSERT INTO `subcuenta` (`id`, `id_cuenta_id`, `nro_subcuenta`, `elemento_gasto`, `descripcion`, `deudora`, `activo`) VALUES (37, 41, '0005', 0, 'Impuesto Sobre la Renta', 0, 1);
INSERT INTO `subcuenta` (`id`, `id_cuenta_id`, `nro_subcuenta`, `elemento_gasto`, `descripcion`, `deudora`, `activo`) VALUES (38, 54, '0010', 0, 'Compra o Adquisición de Activos Fijos', 0, 1);
INSERT INTO `subcuenta` (`id`, `id_cuenta_id`, `nro_subcuenta`, `elemento_gasto`, `descripcion`, `deudora`, `activo`) VALUES (39, 54, '0020', 0, 'Activos Fijos Intangibles', 0, 1);
INSERT INTO `subcuenta` (`id`, `id_cuenta_id`, `nro_subcuenta`, `elemento_gasto`, `descripcion`, `deudora`, `activo`) VALUES (40, 54, '0030', 0, 'Recursos Monetarios', 0, 1);
INSERT INTO `subcuenta` (`id`, `id_cuenta_id`, `nro_subcuenta`, `elemento_gasto`, `descripcion`, `deudora`, `activo`) VALUES (41, 54, '0040', 0, 'Recursos Materiales-Inventarios', 0, 1);
INSERT INTO `subcuenta` (`id`, `id_cuenta_id`, `nro_subcuenta`, `elemento_gasto`, `descripcion`, `deudora`, `activo`) VALUES (42, 47, '0010', 0, 'Prestamos Recibidos de Entidades', 0, 1);
INSERT INTO `subcuenta` (`id`, `id_cuenta_id`, `nro_subcuenta`, `elemento_gasto`, `descripcion`, `deudora`, `activo`) VALUES (43, 47, '0020', 0, 'Prestamos Recibidos de Bancos', 0, 1);
INSERT INTO `subcuenta` (`id`, `id_cuenta_id`, `nro_subcuenta`, `elemento_gasto`, `descripcion`, `deudora`, `activo`) VALUES (44, 61, '0010', 0, 'Transferencias Recibidas de Unidades', 1, 1);
INSERT INTO `subcuenta` (`id`, `id_cuenta_id`, `nro_subcuenta`, `elemento_gasto`, `descripcion`, `deudora`, `activo`) VALUES (45, 61, '0020', 0, 'Transferencias entre Almacenes', 1, 1);
INSERT INTO `subcuenta` (`id`, `id_cuenta_id`, `nro_subcuenta`, `elemento_gasto`, `descripcion`, `deudora`, `activo`) VALUES (46, 61, '0099', 0, 'Operaciones de Ajustes en Inventarios', 1, 1);
INSERT INTO `subcuenta` (`id`, `id_cuenta_id`, `nro_subcuenta`, `elemento_gasto`, `descripcion`, `deudora`, `activo`) VALUES (47, 62, '0010', 0, 'Transferencias entre Unidades', 0, 1);
INSERT INTO `subcuenta` (`id`, `id_cuenta_id`, `nro_subcuenta`, `elemento_gasto`, `descripcion`, `deudora`, `activo`) VALUES (48, 62, '0020', 0, 'Transferencias de Inventarios entre almacenes', 0, 1);
INSERT INTO `subcuenta` (`id`, `id_cuenta_id`, `nro_subcuenta`, `elemento_gasto`, `descripcion`, `deudora`, `activo`) VALUES (49, 62, '0099', 0, 'Operaciones de Ajustes de Inventarios', 0, 1);
INSERT INTO `subcuenta` (`id`, `id_cuenta_id`, `nro_subcuenta`, `elemento_gasto`, `descripcion`, `deudora`, `activo`) VALUES (50, 63, '0010', 0, 'Saldo Inicio', 1, 1);
INSERT INTO `subcuenta` (`id`, `id_cuenta_id`, `nro_subcuenta`, `elemento_gasto`, `descripcion`, `deudora`, `activo`) VALUES (51, 63, '0020', 1, 'Gastos del Periodo', 1, 1);
INSERT INTO `subcuenta` (`id`, `id_cuenta_id`, `nro_subcuenta`, `elemento_gasto`, `descripcion`, `deudora`, `activo`) VALUES (52, 63, '0030', 0, 'Aumentos', 1, 1);
INSERT INTO `subcuenta` (`id`, `id_cuenta_id`, `nro_subcuenta`, `elemento_gasto`, `descripcion`, `deudora`, `activo`) VALUES (53, 63, '0040', 0, 'Disminuciones', 0, 1);
INSERT INTO `subcuenta` (`id`, `id_cuenta_id`, `nro_subcuenta`, `elemento_gasto`, `descripcion`, `deudora`, `activo`) VALUES (54, 63, '0050', 0, 'Traspaso a Produccion Terminada', 0, 1);
INSERT INTO `subcuenta` (`id`, `id_cuenta_id`, `nro_subcuenta`, `elemento_gasto`, `descripcion`, `deudora`, `activo`) VALUES (55, 64, '0010', 0, 'Con Terceros', 1, 1);
INSERT INTO `subcuenta` (`id`, `id_cuenta_id`, `nro_subcuenta`, `elemento_gasto`, `descripcion`, `deudora`, `activo`) VALUES (56, 64, '0020', 1, 'Con Medios Propios', 1, 1);
INSERT INTO `subcuenta` (`id`, `id_cuenta_id`, `nro_subcuenta`, `elemento_gasto`, `descripcion`, `deudora`, `activo`) VALUES (57, 65, '0010', 0, 'Produccion', 1, 1);
INSERT INTO `subcuenta` (`id`, `id_cuenta_id`, `nro_subcuenta`, `elemento_gasto`, `descripcion`, `deudora`, `activo`) VALUES (58, 65, '0020', 0, 'Mercancias', 1, 1);
INSERT INTO `subcuenta` (`id`, `id_cuenta_id`, `nro_subcuenta`, `elemento_gasto`, `descripcion`, `deudora`, `activo`) VALUES (59, 15, '0010', 0, 'Recargas', 1, 1);
INSERT INTO `subcuenta` (`id`, `id_cuenta_id`, `nro_subcuenta`, `elemento_gasto`, `descripcion`, `deudora`, `activo`) VALUES (60, 15, '0020', 0, 'Productos de Aseo y Perfumeria', 1, 1);
INSERT INTO `subcuenta` (`id`, `id_cuenta_id`, `nro_subcuenta`, `elemento_gasto`, `descripcion`, `deudora`, `activo`) VALUES (61, 15, '0030', 0, 'Productos Alimenticios', 1, 1);
INSERT INTO `subcuenta` (`id`, `id_cuenta_id`, `nro_subcuenta`, `elemento_gasto`, `descripcion`, `deudora`, `activo`) VALUES (62, 15, '0040', 0, 'Otros Productos', 1, 1);
INSERT INTO `subcuenta` (`id`, `id_cuenta_id`, `nro_subcuenta`, `elemento_gasto`, `descripcion`, `deudora`, `activo`) VALUES (63, 36, '0010', 0, 'Proveedores Principales', 0, 1);
INSERT INTO `subcuenta` (`id`, `id_cuenta_id`, `nro_subcuenta`, `elemento_gasto`, `descripcion`, `deudora`, `activo`) VALUES (64, 36, '0020', 0, 'Otros Proveedores', 0, 1);
INSERT INTO `subcuenta` (`id`, `id_cuenta_id`, `nro_subcuenta`, `elemento_gasto`, `descripcion`, `deudora`, `activo`) VALUES (65, 10, '0010', 0, 'Materiales y Productos Aseo', 1, 1);
INSERT INTO `subcuenta` (`id`, `id_cuenta_id`, `nro_subcuenta`, `elemento_gasto`, `descripcion`, `deudora`, `activo`) VALUES (66, 10, '0020', 0, 'Materiales y Produtos de Alimentos', 1, 1);
INSERT INTO `subcuenta` (`id`, `id_cuenta_id`, `nro_subcuenta`, `elemento_gasto`, `descripcion`, `deudora`, `activo`) VALUES (67, 10, '0030', 0, 'Materiales y Productos de Medicamentos', 1, 1);
INSERT INTO `subcuenta` (`id`, `id_cuenta_id`, `nro_subcuenta`, `elemento_gasto`, `descripcion`, `deudora`, `activo`) VALUES (68, 10, '0999', 0, 'Otros Materiales', 1, 1);
INSERT INTO `subcuenta` (`id`, `id_cuenta_id`, `nro_subcuenta`, `elemento_gasto`, `descripcion`, `deudora`, `activo`) VALUES (69, 50, '0010', 0, 'Medios Monetarios', 0, 1);
INSERT INTO `subcuenta` (`id`, `id_cuenta_id`, `nro_subcuenta`, `elemento_gasto`, `descripcion`, `deudora`, `activo`) VALUES (70, 50, '0020', 0, 'Recursos Materiales', 0, 1);
INSERT INTO `subcuenta` (`id`, `id_cuenta_id`, `nro_subcuenta`, `elemento_gasto`, `descripcion`, `deudora`, `activo`) VALUES (71, 8, '0030', 0, 'Clientes Externos', 1, 1);
INSERT INTO `subcuenta` (`id`, `id_cuenta_id`, `nro_subcuenta`, `elemento_gasto`, `descripcion`, `deudora`, `activo`) VALUES (72, 8, '0010', 0, 'Personas Naturales', 1, 1);
INSERT INTO `subcuenta` (`id`, `id_cuenta_id`, `nro_subcuenta`, `elemento_gasto`, `descripcion`, `deudora`, `activo`) VALUES (73, 67, '0150', 0, 'Combo de Aseo', 1, 1);
INSERT INTO `subcuenta` (`id`, `id_cuenta_id`, `nro_subcuenta`, `elemento_gasto`, `descripcion`, `deudora`, `activo`) VALUES (74, 67, '0170', 0, 'Combo de Alimentos', 1, 1);
INSERT INTO `subcuenta` (`id`, `id_cuenta_id`, `nro_subcuenta`, `elemento_gasto`, `descripcion`, `deudora`, `activo`) VALUES (75, 67, '0160', 0, 'Combo de Medicamentos', 1, 1);
INSERT INTO `subcuenta` (`id`, `id_cuenta_id`, `nro_subcuenta`, `elemento_gasto`, `descripcion`, `deudora`, `activo`) VALUES (76, 76, '0020', 0, 'Combo de Alimento', 1, 0);
INSERT INTO `subcuenta` (`id`, `id_cuenta_id`, `nro_subcuenta`, `elemento_gasto`, `descripcion`, `deudora`, `activo`) VALUES (77, 76, '0010', 0, 'Combo de Aseo', 1, 0);
INSERT INTO `subcuenta` (`id`, `id_cuenta_id`, `nro_subcuenta`, `elemento_gasto`, `descripcion`, `deudora`, `activo`) VALUES (78, 76, '0030', 0, 'Combo de Medicamentos', 1, 0);
INSERT INTO `subcuenta` (`id`, `id_cuenta_id`, `nro_subcuenta`, `elemento_gasto`, `descripcion`, `deudora`, `activo`) VALUES (79, 76, '0150', 0, 'Combo de Aseo', 0, 1);
INSERT INTO `subcuenta` (`id`, `id_cuenta_id`, `nro_subcuenta`, `elemento_gasto`, `descripcion`, `deudora`, `activo`) VALUES (80, 76, '0160', 0, 'Combo de Medicamento', 0, 1);
INSERT INTO `subcuenta` (`id`, `id_cuenta_id`, `nro_subcuenta`, `elemento_gasto`, `descripcion`, `deudora`, `activo`) VALUES (81, 76, '0170', 0, 'Combo de Alimento', 0, 1);
INSERT INTO `subcuenta` (`id`, `id_cuenta_id`, `nro_subcuenta`, `elemento_gasto`, `descripcion`, `deudora`, `activo`) VALUES (82, 75, '0010', 0, 'Recargas', 0, 1);
INSERT INTO `subcuenta` (`id`, `id_cuenta_id`, `nro_subcuenta`, `elemento_gasto`, `descripcion`, `deudora`, `activo`) VALUES (83, 75, '0020', 0, 'Producción', 0, 1);
INSERT INTO `subcuenta` (`id`, `id_cuenta_id`, `nro_subcuenta`, `elemento_gasto`, `descripcion`, `deudora`, `activo`) VALUES (84, 75, '0030', 0, 'Alimento', 0, 1);
INSERT INTO `subcuenta` (`id`, `id_cuenta_id`, `nro_subcuenta`, `elemento_gasto`, `descripcion`, `deudora`, `activo`) VALUES (85, 75, '0040', 0, 'Otros Productos', 0, 1);
INSERT INTO `subcuenta` (`id`, `id_cuenta_id`, `nro_subcuenta`, `elemento_gasto`, `descripcion`, `deudora`, `activo`) VALUES (86, 75, '0050', 0, 'Medicamentos', 0, 0);
INSERT INTO `subcuenta` (`id`, `id_cuenta_id`, `nro_subcuenta`, `elemento_gasto`, `descripcion`, `deudora`, `activo`) VALUES (87, 68, '0010', 0, 'Recargas', 1, 1);
INSERT INTO `subcuenta` (`id`, `id_cuenta_id`, `nro_subcuenta`, `elemento_gasto`, `descripcion`, `deudora`, `activo`) VALUES (88, 68, '0020', 0, 'Producción', 1, 1);
INSERT INTO `subcuenta` (`id`, `id_cuenta_id`, `nro_subcuenta`, `elemento_gasto`, `descripcion`, `deudora`, `activo`) VALUES (89, 68, '0030', 0, 'Alimento', 1, 1);
INSERT INTO `subcuenta` (`id`, `id_cuenta_id`, `nro_subcuenta`, `elemento_gasto`, `descripcion`, `deudora`, `activo`) VALUES (90, 68, '0040', 0, 'Otros Productos', 1, 1);
INSERT INTO `subcuenta` (`id`, `id_cuenta_id`, `nro_subcuenta`, `elemento_gasto`, `descripcion`, `deudora`, `activo`) VALUES (91, 68, '0050', 0, 'Medicamentos', 1, 0);
INSERT INTO `subcuenta` (`id`, `id_cuenta_id`, `nro_subcuenta`, `elemento_gasto`, `descripcion`, `deudora`, `activo`) VALUES (92, 66, '0010', 0, 'Mercancias', 1, 1);
INSERT INTO `subcuenta` (`id`, `id_cuenta_id`, `nro_subcuenta`, `elemento_gasto`, `descripcion`, `deudora`, `activo`) VALUES (93, 66, '0020', 0, 'Produccion', 1, 1);
INSERT INTO `subcuenta` (`id`, `id_cuenta_id`, `nro_subcuenta`, `elemento_gasto`, `descripcion`, `deudora`, `activo`) VALUES (94, 70, '0010', 0, '0010 Distribucion', 1, 0);
INSERT INTO `subcuenta` (`id`, `id_cuenta_id`, `nro_subcuenta`, `elemento_gasto`, `descripcion`, `deudora`, `activo`) VALUES (95, 70, '0010', 1, 'Ventas', 1, 1);
INSERT INTO `subcuenta` (`id`, `id_cuenta_id`, `nro_subcuenta`, `elemento_gasto`, `descripcion`, `deudora`, `activo`) VALUES (96, 70, '0020', 1, 'Distribucion', 1, 1);
INSERT INTO `subcuenta` (`id`, `id_cuenta_id`, `nro_subcuenta`, `elemento_gasto`, `descripcion`, `deudora`, `activo`) VALUES (97, 69, '0010', 1, 'Agencia Horizontes', 1, 1);
INSERT INTO `subcuenta` (`id`, `id_cuenta_id`, `nro_subcuenta`, `elemento_gasto`, `descripcion`, `deudora`, `activo`) VALUES (98, 83, '0010', 0, 'Venta de boletos de avion', 0, 0);
INSERT INTO `subcuenta` (`id`, `id_cuenta_id`, `nro_subcuenta`, `elemento_gasto`, `descripcion`, `deudora`, `activo`) VALUES (99, 83, '0020', 0, 'Servicio de Remesas', 0, 0);
INSERT INTO `subcuenta` (`id`, `id_cuenta_id`, `nro_subcuenta`, `elemento_gasto`, `descripcion`, `deudora`, `activo`) VALUES (100, 83, '0030', 0, 'Servicio de paqueteria', 0, 0);
INSERT INTO `subcuenta` (`id`, `id_cuenta_id`, `nro_subcuenta`, `elemento_gasto`, `descripcion`, `deudora`, `activo`) VALUES (101, 84, '0010', 0, 'Costo de Venta de Boletos de Avion', 1, 0);
INSERT INTO `subcuenta` (`id`, `id_cuenta_id`, `nro_subcuenta`, `elemento_gasto`, `descripcion`, `deudora`, `activo`) VALUES (102, 84, '0020', 0, 'Costo de Servicios de Remesa', 1, 0);
INSERT INTO `subcuenta` (`id`, `id_cuenta_id`, `nro_subcuenta`, `elemento_gasto`, `descripcion`, `deudora`, `activo`) VALUES (103, 84, '0030', 0, 'Costo de Paqueteria', 1, 0);
INSERT INTO `subcuenta` (`id`, `id_cuenta_id`, `nro_subcuenta`, `elemento_gasto`, `descripcion`, `deudora`, `activo`) VALUES (104, 8, '0020', 0, 'Clientes Internos', 1, 1);
INSERT INTO `subcuenta` (`id`, `id_cuenta_id`, `nro_subcuenta`, `elemento_gasto`, `descripcion`, `deudora`, `activo`) VALUES (105, 84, '0010', 0, 'Recarga Cubacell', 1, 1);
INSERT INTO `subcuenta` (`id`, `id_cuenta_id`, `nro_subcuenta`, `elemento_gasto`, `descripcion`, `deudora`, `activo`) VALUES (106, 84, '0020', 0, 'Recarga Nauta', 1, 1);
INSERT INTO `subcuenta` (`id`, `id_cuenta_id`, `nro_subcuenta`, `elemento_gasto`, `descripcion`, `deudora`, `activo`) VALUES (107, 84, '0030', 0, 'Larga Distancia', 1, 1);
INSERT INTO `subcuenta` (`id`, `id_cuenta_id`, `nro_subcuenta`, `elemento_gasto`, `descripcion`, `deudora`, `activo`) VALUES (108, 84, '0040', 0, 'Envio de Remesas', 1, 1);
INSERT INTO `subcuenta` (`id`, `id_cuenta_id`, `nro_subcuenta`, `elemento_gasto`, `descripcion`, `deudora`, `activo`) VALUES (109, 84, '0050', 0, 'Boletos Aéreos', 1, 1);
INSERT INTO `subcuenta` (`id`, `id_cuenta_id`, `nro_subcuenta`, `elemento_gasto`, `descripcion`, `deudora`, `activo`) VALUES (110, 84, '0060', 0, 'Renta de Hoteles', 1, 1);
INSERT INTO `subcuenta` (`id`, `id_cuenta_id`, `nro_subcuenta`, `elemento_gasto`, `descripcion`, `deudora`, `activo`) VALUES (111, 84, '0070', 0, 'Renta de Autos', 1, 1);
INSERT INTO `subcuenta` (`id`, `id_cuenta_id`, `nro_subcuenta`, `elemento_gasto`, `descripcion`, `deudora`, `activo`) VALUES (112, 84, '0080', 0, 'Excursiones', 1, 1);
INSERT INTO `subcuenta` (`id`, `id_cuenta_id`, `nro_subcuenta`, `elemento_gasto`, `descripcion`, `deudora`, `activo`) VALUES (113, 84, '0090', 0, 'Envio de paquetes', 1, 1);
INSERT INTO `subcuenta` (`id`, `id_cuenta_id`, `nro_subcuenta`, `elemento_gasto`, `descripcion`, `deudora`, `activo`) VALUES (114, 84, '0100', 0, 'Paquetes Turísticos', 1, 1);
INSERT INTO `subcuenta` (`id`, `id_cuenta_id`, `nro_subcuenta`, `elemento_gasto`, `descripcion`, `deudora`, `activo`) VALUES (115, 84, '0110', 0, 'Trámites Migratorios', 1, 1);
INSERT INTO `subcuenta` (`id`, `id_cuenta_id`, `nro_subcuenta`, `elemento_gasto`, `descripcion`, `deudora`, `activo`) VALUES (116, 84, '0120', 0, 'Desarrollo de Software', 1, 1);
INSERT INTO `subcuenta` (`id`, `id_cuenta_id`, `nro_subcuenta`, `elemento_gasto`, `descripcion`, `deudora`, `activo`) VALUES (117, 84, '0130', 0, 'Diseño', 1, 1);
INSERT INTO `subcuenta` (`id`, `id_cuenta_id`, `nro_subcuenta`, `elemento_gasto`, `descripcion`, `deudora`, `activo`) VALUES (118, 84, '0140', 0, 'Marketing y redes Sociales', 1, 1);
INSERT INTO `subcuenta` (`id`, `id_cuenta_id`, `nro_subcuenta`, `elemento_gasto`, `descripcion`, `deudora`, `activo`) VALUES (119, 83, '0010', 0, 'Recarga Cubacell', 0, 1);
INSERT INTO `subcuenta` (`id`, `id_cuenta_id`, `nro_subcuenta`, `elemento_gasto`, `descripcion`, `deudora`, `activo`) VALUES (120, 83, '0020', 0, 'Recarga Nauta', 0, 1);
INSERT INTO `subcuenta` (`id`, `id_cuenta_id`, `nro_subcuenta`, `elemento_gasto`, `descripcion`, `deudora`, `activo`) VALUES (121, 83, '0030', 0, 'Larga Distancia', 0, 1);
INSERT INTO `subcuenta` (`id`, `id_cuenta_id`, `nro_subcuenta`, `elemento_gasto`, `descripcion`, `deudora`, `activo`) VALUES (122, 83, '0040', 0, 'Envio de Remesas', 0, 1);
INSERT INTO `subcuenta` (`id`, `id_cuenta_id`, `nro_subcuenta`, `elemento_gasto`, `descripcion`, `deudora`, `activo`) VALUES (123, 83, '0050', 0, 'Boletos Aéreos', 0, 1);
INSERT INTO `subcuenta` (`id`, `id_cuenta_id`, `nro_subcuenta`, `elemento_gasto`, `descripcion`, `deudora`, `activo`) VALUES (124, 83, '0060', 0, 'Renta de Hoteles', 0, 1);
INSERT INTO `subcuenta` (`id`, `id_cuenta_id`, `nro_subcuenta`, `elemento_gasto`, `descripcion`, `deudora`, `activo`) VALUES (125, 83, '0070', 0, 'Renta de Autos', 0, 1);
INSERT INTO `subcuenta` (`id`, `id_cuenta_id`, `nro_subcuenta`, `elemento_gasto`, `descripcion`, `deudora`, `activo`) VALUES (126, 83, '0080', 0, 'Excursiones', 0, 1);
INSERT INTO `subcuenta` (`id`, `id_cuenta_id`, `nro_subcuenta`, `elemento_gasto`, `descripcion`, `deudora`, `activo`) VALUES (127, 83, '0090', 0, 'Envio de paquetes', 0, 1);
INSERT INTO `subcuenta` (`id`, `id_cuenta_id`, `nro_subcuenta`, `elemento_gasto`, `descripcion`, `deudora`, `activo`) VALUES (128, 83, '0100', 0, 'Paquetes Turísticos', 0, 1);
INSERT INTO `subcuenta` (`id`, `id_cuenta_id`, `nro_subcuenta`, `elemento_gasto`, `descripcion`, `deudora`, `activo`) VALUES (129, 83, '0110', 0, 'Trámites Migratorios', 0, 1);
INSERT INTO `subcuenta` (`id`, `id_cuenta_id`, `nro_subcuenta`, `elemento_gasto`, `descripcion`, `deudora`, `activo`) VALUES (130, 83, '0120', 0, 'Desarrollo de Software', 0, 1);
INSERT INTO `subcuenta` (`id`, `id_cuenta_id`, `nro_subcuenta`, `elemento_gasto`, `descripcion`, `deudora`, `activo`) VALUES (131, 83, '0130', 0, 'Diseño', 0, 1);
INSERT INTO `subcuenta` (`id`, `id_cuenta_id`, `nro_subcuenta`, `elemento_gasto`, `descripcion`, `deudora`, `activo`) VALUES (132, 83, '0140', 0, 'Marketing y redes Sociales', 0, 1);
INSERT INTO `subcuenta` (`id`, `id_cuenta_id`, `nro_subcuenta`, `elemento_gasto`, `descripcion`, `deudora`, `activo`) VALUES (133, 2, '0001', 0, 'BHD LEON', 1, 1);
INSERT INTO `subcuenta` (`id`, `id_cuenta_id`, `nro_subcuenta`, `elemento_gasto`, `descripcion`, `deudora`, `activo`) VALUES (134, 33, '0010', 0, 'Depreciacion de Activos Fijos Tangibles', 0, 1);
INSERT INTO `subcuenta` (`id`, `id_cuenta_id`, `nro_subcuenta`, `elemento_gasto`, `descripcion`, `deudora`, `activo`) VALUES (135, 80, '0010', 0, 'Otros ingresos', 1, 1);
INSERT INTO `subcuenta` (`id`, `id_cuenta_id`, `nro_subcuenta`, `elemento_gasto`, `descripcion`, `deudora`, `activo`) VALUES (136, 85, '0010', 0, 'Compra de Activo Fijo', 0, 1);
INSERT INTO `subcuenta` (`id`, `id_cuenta_id`, `nro_subcuenta`, `elemento_gasto`, `descripcion`, `deudora`, `activo`) VALUES (137, 54, '0050', 0, 'Entrega o Baja de Activos Fijos', 1, 1);
INSERT INTO `subcuenta` (`id`, `id_cuenta_id`, `nro_subcuenta`, `elemento_gasto`, `descripcion`, `deudora`, `activo`) VALUES (138, 22, '0010', 0, 'Activo Fijos', 1, 1);
INSERT INTO `subcuenta` (`id`, `id_cuenta_id`, `nro_subcuenta`, `elemento_gasto`, `descripcion`, `deudora`, `activo`) VALUES (139, 74, '0010', 0, 'Gastos de ARS Patrimonial', 1, 1);
INSERT INTO `subcuenta` (`id`, `id_cuenta_id`, `nro_subcuenta`, `elemento_gasto`, `descripcion`, `deudora`, `activo`) VALUES (140, 74, '0020', 0, 'Gastos AFP Patrimonial', 1, 1);
INSERT INTO `subcuenta` (`id`, `id_cuenta_id`, `nro_subcuenta`, `elemento_gasto`, `descripcion`, `deudora`, `activo`) VALUES (141, 74, '0030', 0, 'Gastos  SRL-1.1%', 1, 1);
INSERT INTO `subcuenta` (`id`, `id_cuenta_id`, `nro_subcuenta`, `elemento_gasto`, `descripcion`, `deudora`, `activo`) VALUES (142, 74, '0040', 0, 'Gastos Infotep-1%', 1, 1);
INSERT INTO `subcuenta` (`id`, `id_cuenta_id`, `nro_subcuenta`, `elemento_gasto`, `descripcion`, `deudora`, `activo`) VALUES (143, 41, '0006', 0, 'ARS por Pagar', 0, 1);
INSERT INTO `subcuenta` (`id`, `id_cuenta_id`, `nro_subcuenta`, `elemento_gasto`, `descripcion`, `deudora`, `activo`) VALUES (144, 41, '0007', 0, 'AFP por Pagar', 0, 1);
INSERT INTO `subcuenta` (`id`, `id_cuenta_id`, `nro_subcuenta`, `elemento_gasto`, `descripcion`, `deudora`, `activo`) VALUES (145, 41, '0008', 0, 'Cooperativa por Pagar', 0, 1);
INSERT INTO `subcuenta` (`id`, `id_cuenta_id`, `nro_subcuenta`, `elemento_gasto`, `descripcion`, `deudora`, `activo`) VALUES (146, 41, '0009', 0, 'Plan Médico Adicional  por Pagar', 0, 1);
INSERT INTO `subcuenta` (`id`, `id_cuenta_id`, `nro_subcuenta`, `elemento_gasto`, `descripcion`, `deudora`, `activo`) VALUES (147, 41, '0010', 0, 'Restaurant por Pagar', 0, 1);
INSERT INTO `subcuenta` (`id`, `id_cuenta_id`, `nro_subcuenta`, `elemento_gasto`, `descripcion`, `deudora`, `activo`) VALUES (148, 41, '0011', 0, 'ARS Patrimonial por Pagar', 0, 1);
INSERT INTO `subcuenta` (`id`, `id_cuenta_id`, `nro_subcuenta`, `elemento_gasto`, `descripcion`, `deudora`, `activo`) VALUES (149, 41, '0012', 0, 'AFP Patrimonial por Pagar', 0, 1);
INSERT INTO `subcuenta` (`id`, `id_cuenta_id`, `nro_subcuenta`, `elemento_gasto`, `descripcion`, `deudora`, `activo`) VALUES (150, 41, '0013', 0, 'SRL-1.1% por Pagar', 0, 1);
INSERT INTO `subcuenta` (`id`, `id_cuenta_id`, `nro_subcuenta`, `elemento_gasto`, `descripcion`, `deudora`, `activo`) VALUES (151, 41, '0014', 0, 'Infotep-1.1% por Pagar', 0, 1);
INSERT INTO `subcuenta` (`id`, `id_cuenta_id`, `nro_subcuenta`, `elemento_gasto`, `descripcion`, `deudora`, `activo`) VALUES (152, 42, '0010', 0, 'Nominas por Pagar', 0, 1);
INSERT INTO `subcuenta` (`id`, `id_cuenta_id`, `nro_subcuenta`, `elemento_gasto`, `descripcion`, `deudora`, `activo`) VALUES (153, 86, '0010', 0, 'Recarga Cubacell', 0, 1);
INSERT INTO `subcuenta` (`id`, `id_cuenta_id`, `nro_subcuenta`, `elemento_gasto`, `descripcion`, `deudora`, `activo`) VALUES (154, 86, '0020', 0, 'Recarga Nauta', 0, 1);
INSERT INTO `subcuenta` (`id`, `id_cuenta_id`, `nro_subcuenta`, `elemento_gasto`, `descripcion`, `deudora`, `activo`) VALUES (155, 86, '0030', 0, 'Larga Distancia', 0, 1);
INSERT INTO `subcuenta` (`id`, `id_cuenta_id`, `nro_subcuenta`, `elemento_gasto`, `descripcion`, `deudora`, `activo`) VALUES (156, 86, '0040', 0, 'Envio de Remesas', 0, 1);
INSERT INTO `subcuenta` (`id`, `id_cuenta_id`, `nro_subcuenta`, `elemento_gasto`, `descripcion`, `deudora`, `activo`) VALUES (157, 86, '0050', 0, 'Boletos Aéreos', 0, 1);
INSERT INTO `subcuenta` (`id`, `id_cuenta_id`, `nro_subcuenta`, `elemento_gasto`, `descripcion`, `deudora`, `activo`) VALUES (158, 86, '0060', 0, 'Renta de Hoteles', 0, 1);
INSERT INTO `subcuenta` (`id`, `id_cuenta_id`, `nro_subcuenta`, `elemento_gasto`, `descripcion`, `deudora`, `activo`) VALUES (159, 86, '0070', 0, 'Renta de Autos', 0, 1);
INSERT INTO `subcuenta` (`id`, `id_cuenta_id`, `nro_subcuenta`, `elemento_gasto`, `descripcion`, `deudora`, `activo`) VALUES (160, 86, '0080', 0, 'Excursiones', 0, 1);
INSERT INTO `subcuenta` (`id`, `id_cuenta_id`, `nro_subcuenta`, `elemento_gasto`, `descripcion`, `deudora`, `activo`) VALUES (161, 86, '0090', 0, 'Envio de paquetes', 0, 1);
INSERT INTO `subcuenta` (`id`, `id_cuenta_id`, `nro_subcuenta`, `elemento_gasto`, `descripcion`, `deudora`, `activo`) VALUES (162, 86, '0100', 0, 'Paquetes Turísticos', 0, 1);
INSERT INTO `subcuenta` (`id`, `id_cuenta_id`, `nro_subcuenta`, `elemento_gasto`, `descripcion`, `deudora`, `activo`) VALUES (163, 86, '0110', 0, 'Trámites Migratorios', 0, 1);
INSERT INTO `subcuenta` (`id`, `id_cuenta_id`, `nro_subcuenta`, `elemento_gasto`, `descripcion`, `deudora`, `activo`) VALUES (164, 86, '0120', 0, 'Desarrollo de Software', 0, 1);
INSERT INTO `subcuenta` (`id`, `id_cuenta_id`, `nro_subcuenta`, `elemento_gasto`, `descripcion`, `deudora`, `activo`) VALUES (165, 86, '0130', 0, 'Diseño', 0, 1);
INSERT INTO `subcuenta` (`id`, `id_cuenta_id`, `nro_subcuenta`, `elemento_gasto`, `descripcion`, `deudora`, `activo`) VALUES (166, 86, '0140', 0, 'Marketing y redes Sociales', 0, 1);
INSERT INTO `subcuenta` (`id`, `id_cuenta_id`, `nro_subcuenta`, `elemento_gasto`, `descripcion`, `deudora`, `activo`) VALUES (167, 39, '0010', 0, 'Cobros Anticipados', 0, 1);
INSERT INTO `subcuenta` (`id`, `id_cuenta_id`, `nro_subcuenta`, `elemento_gasto`, `descripcion`, `deudora`, `activo`) VALUES (168, 66, '0030', 0, 'Servicios', 1, 1);
INSERT INTO `subcuenta` (`id`, `id_cuenta_id`, `nro_subcuenta`, `elemento_gasto`, `descripcion`, `deudora`, `activo`) VALUES (169, 86, '0150', 0, 'Envios Paquetes', 0, 1);
INSERT INTO `subcuenta` (`id`, `id_cuenta_id`, `nro_subcuenta`, `elemento_gasto`, `descripcion`, `deudora`, `activo`) VALUES (170, 84, '0150', 0, 'Envios Paquetes', 1, 1);
INSERT INTO `subcuenta` (`id`, `id_cuenta_id`, `nro_subcuenta`, `elemento_gasto`, `descripcion`, `deudora`, `activo`) VALUES (171, 83, '0150', 0, 'Envios Paquetes', 0, 1);
INSERT INTO `subcuenta` (`id`, `id_cuenta_id`, `nro_subcuenta`, `elemento_gasto`, `descripcion`, `deudora`, `activo`) VALUES (172, 86, '0160', 0, 'Servicio Envio Paquetes', 0, 1);
INSERT INTO `subcuenta` (`id`, `id_cuenta_id`, `nro_subcuenta`, `elemento_gasto`, `descripcion`, `deudora`, `activo`) VALUES (173, 84, '0160', 0, 'Servicio Envio Paquetes', 1, 1);
INSERT INTO `subcuenta` (`id`, `id_cuenta_id`, `nro_subcuenta`, `elemento_gasto`, `descripcion`, `deudora`, `activo`) VALUES (174, 83, '0160', 0, 'Servicio Envio Paquetes', 0, 1);
INSERT INTO `subcuenta` (`id`, `id_cuenta_id`, `nro_subcuenta`, `elemento_gasto`, `descripcion`, `deudora`, `activo`) VALUES (175, 37, '0010', 0, 'Proveedores Principales', 0, 1);
INSERT INTO `subcuenta` (`id`, `id_cuenta_id`, `nro_subcuenta`, `elemento_gasto`, `descripcion`, `deudora`, `activo`) VALUES (176, 5, '0010', 0, 'Prestamos y otras operaciones crediticias', 1, 1);
INSERT INTO `subcuenta` (`id`, `id_cuenta_id`, `nro_subcuenta`, `elemento_gasto`, `descripcion`, `deudora`, `activo`) VALUES (177, 2, '333', 0, 'asasasa', 1, 0);
INSERT INTO `subcuenta` (`id`, `id_cuenta_id`, `nro_subcuenta`, `elemento_gasto`, `descripcion`, `deudora`, `activo`) VALUES (178, 2, '0006', 0, 'BancoMetropolitano', 1, 0);
INSERT INTO `subcuenta` (`id`, `id_cuenta_id`, `nro_subcuenta`, `elemento_gasto`, `descripcion`, `deudora`, `activo`) VALUES (179, 2, '00051', 0, 'TD SOLYAG GRUPO', 1, 1);
INSERT INTO `subcuenta` (`id`, `id_cuenta_id`, `nro_subcuenta`, `elemento_gasto`, `descripcion`, `deudora`, `activo`) VALUES (180, 2, '0003', 0, 'TD SOLYAG INC', 1, 1);
INSERT INTO `subcuenta` (`id`, `id_cuenta_id`, `nro_subcuenta`, `elemento_gasto`, `descripcion`, `deudora`, `activo`) VALUES (181, 2, '0003333', 0, 'TD SOLYAG INC', 1, 0);
INSERT INTO `subcuenta` (`id`, `id_cuenta_id`, `nro_subcuenta`, `elemento_gasto`, `descripcion`, `deudora`, `activo`) VALUES (182, 2, '00033335555', 0, 'TD SOLYAG INC', 1, 0);
INSERT INTO `subcuenta` (`id`, `id_cuenta_id`, `nro_subcuenta`, `elemento_gasto`, `descripcion`, `deudora`, `activo`) VALUES (183, 2, '1234', 0, 'POPULAR', 1, 1);
INSERT INTO `subcuenta` (`id`, `id_cuenta_id`, `nro_subcuenta`, `elemento_gasto`, `descripcion`, `deudora`, `activo`) VALUES (184, 2, '159', 0, 'Nuevo Banco', 1, 0);
INSERT INTO `subcuenta` (`id`, `id_cuenta_id`, `nro_subcuenta`, `elemento_gasto`, `descripcion`, `deudora`, `activo`) VALUES (185, 2, '123', 0, 'kmilokmilo', 1, 0);
INSERT INTO `subcuenta` (`id`, `id_cuenta_id`, `nro_subcuenta`, `elemento_gasto`, `descripcion`, `deudora`, `activo`) VALUES (186, 2, '00033335555', 0, 'TD SOLYAG INC', 1, 1);
INSERT INTO `subcuenta` (`id`, `id_cuenta_id`, `nro_subcuenta`, `elemento_gasto`, `descripcion`, `deudora`, `activo`) VALUES (187, 2, '00061', 0, 'PAYPAL', 1, 1);
INSERT INTO `subcuenta` (`id`, `id_cuenta_id`, `nro_subcuenta`, `elemento_gasto`, `descripcion`, `deudora`, `activo`) VALUES (188, 38, '0001', 0, 'Servicios comprados', 0, 1);
INSERT INTO `subcuenta` (`id`, `id_cuenta_id`, `nro_subcuenta`, `elemento_gasto`, `descripcion`, `deudora`, `activo`) VALUES (275, 112, "0010", 0, "Gastos acumulados por pagar", 0, 1);
INSERT INTO `subcuenta_criterio_analisis` (`id`, `id_subcuenta_id`, `id_criterio_analisis_id`) VALUES (1, 16, 2);
INSERT INTO `subcuenta_criterio_analisis` (`id`, `id_subcuenta_id`, `id_criterio_analisis_id`) VALUES (2, 16, 3);
INSERT INTO `subcuenta_criterio_analisis` (`id`, `id_subcuenta_id`, `id_criterio_analisis_id`) VALUES (3, 16, 4);
INSERT INTO `subcuenta_criterio_analisis` (`id`, `id_subcuenta_id`, `id_criterio_analisis_id`) VALUES (4, 16, 5);
INSERT INTO `subcuenta_criterio_analisis` (`id`, `id_subcuenta_id`, `id_criterio_analisis_id`) VALUES (5, 22, 11);
INSERT INTO `subcuenta_criterio_analisis` (`id`, `id_subcuenta_id`, `id_criterio_analisis_id`) VALUES (7, 24, 11);
INSERT INTO `subcuenta_criterio_analisis` (`id`, `id_subcuenta_id`, `id_criterio_analisis_id`) VALUES (8, 27, 11);
INSERT INTO `subcuenta_criterio_analisis` (`id`, `id_subcuenta_id`, `id_criterio_analisis_id`) VALUES (9, 25, 11);
INSERT INTO `subcuenta_criterio_analisis` (`id`, `id_subcuenta_id`, `id_criterio_analisis_id`) VALUES (10, 26, 11);
INSERT INTO `subcuenta_criterio_analisis` (`id`, `id_subcuenta_id`, `id_criterio_analisis_id`) VALUES (11, 28, 11);
INSERT INTO `subcuenta_criterio_analisis` (`id`, `id_subcuenta_id`, `id_criterio_analisis_id`) VALUES (12, 29, 11);
INSERT INTO `subcuenta_criterio_analisis` (`id`, `id_subcuenta_id`, `id_criterio_analisis_id`) VALUES (13, 30, 11);
INSERT INTO `subcuenta_criterio_analisis` (`id`, `id_subcuenta_id`, `id_criterio_analisis_id`) VALUES (14, 31, 11);
INSERT INTO `subcuenta_criterio_analisis` (`id`, `id_subcuenta_id`, `id_criterio_analisis_id`) VALUES (15, 32, 6);
INSERT INTO `subcuenta_criterio_analisis` (`id`, `id_subcuenta_id`, `id_criterio_analisis_id`) VALUES (16, 33, 8);
INSERT INTO `subcuenta_criterio_analisis` (`id`, `id_subcuenta_id`, `id_criterio_analisis_id`) VALUES (17, 23, 11);
INSERT INTO `subcuenta_criterio_analisis` (`id`, `id_subcuenta_id`, `id_criterio_analisis_id`) VALUES (24, 42, 6);
INSERT INTO `subcuenta_criterio_analisis` (`id`, `id_subcuenta_id`, `id_criterio_analisis_id`) VALUES (25, 43, 14);
INSERT INTO `subcuenta_criterio_analisis` (`id`, `id_subcuenta_id`, `id_criterio_analisis_id`) VALUES (26, 44, 2);
INSERT INTO `subcuenta_criterio_analisis` (`id`, `id_subcuenta_id`, `id_criterio_analisis_id`) VALUES (27, 45, 1);
INSERT INTO `subcuenta_criterio_analisis` (`id`, `id_subcuenta_id`, `id_criterio_analisis_id`) VALUES (28, 46, 1);
INSERT INTO `subcuenta_criterio_analisis` (`id`, `id_subcuenta_id`, `id_criterio_analisis_id`) VALUES (29, 47, 2);
INSERT INTO `subcuenta_criterio_analisis` (`id`, `id_subcuenta_id`, `id_criterio_analisis_id`) VALUES (30, 48, 1);
INSERT INTO `subcuenta_criterio_analisis` (`id`, `id_subcuenta_id`, `id_criterio_analisis_id`) VALUES (31, 49, 1);
INSERT INTO `subcuenta_criterio_analisis` (`id`, `id_subcuenta_id`, `id_criterio_analisis_id`) VALUES (38, 52, 11);
INSERT INTO `subcuenta_criterio_analisis` (`id`, `id_subcuenta_id`, `id_criterio_analisis_id`) VALUES (39, 53, 11);
INSERT INTO `subcuenta_criterio_analisis` (`id`, `id_subcuenta_id`, `id_criterio_analisis_id`) VALUES (41, 55, 4);
INSERT INTO `subcuenta_criterio_analisis` (`id`, `id_subcuenta_id`, `id_criterio_analisis_id`) VALUES (42, 55, 6);
INSERT INTO `subcuenta_criterio_analisis` (`id`, `id_subcuenta_id`, `id_criterio_analisis_id`) VALUES (43, 56, 4);
INSERT INTO `subcuenta_criterio_analisis` (`id`, `id_subcuenta_id`, `id_criterio_analisis_id`) VALUES (44, 59, 1);
INSERT INTO `subcuenta_criterio_analisis` (`id`, `id_subcuenta_id`, `id_criterio_analisis_id`) VALUES (45, 60, 1);
INSERT INTO `subcuenta_criterio_analisis` (`id`, `id_subcuenta_id`, `id_criterio_analisis_id`) VALUES (46, 61, 1);
INSERT INTO `subcuenta_criterio_analisis` (`id`, `id_subcuenta_id`, `id_criterio_analisis_id`) VALUES (47, 62, 1);
INSERT INTO `subcuenta_criterio_analisis` (`id`, `id_subcuenta_id`, `id_criterio_analisis_id`) VALUES (50, 63, 6);
INSERT INTO `subcuenta_criterio_analisis` (`id`, `id_subcuenta_id`, `id_criterio_analisis_id`) VALUES (51, 64, 6);
INSERT INTO `subcuenta_criterio_analisis` (`id`, `id_subcuenta_id`, `id_criterio_analisis_id`) VALUES (54, 66, 1);
INSERT INTO `subcuenta_criterio_analisis` (`id`, `id_subcuenta_id`, `id_criterio_analisis_id`) VALUES (55, 67, 1);
INSERT INTO `subcuenta_criterio_analisis` (`id`, `id_subcuenta_id`, `id_criterio_analisis_id`) VALUES (56, 68, 1);
INSERT INTO `subcuenta_criterio_analisis` (`id`, `id_subcuenta_id`, `id_criterio_analisis_id`) VALUES (57, 65, 1);
INSERT INTO `subcuenta_criterio_analisis` (`id`, `id_subcuenta_id`, `id_criterio_analisis_id`) VALUES (58, 50, 3);
INSERT INTO `subcuenta_criterio_analisis` (`id`, `id_subcuenta_id`, `id_criterio_analisis_id`) VALUES (59, 50, 10);
INSERT INTO `subcuenta_criterio_analisis` (`id`, `id_subcuenta_id`, `id_criterio_analisis_id`) VALUES (64, 69, 11);
INSERT INTO `subcuenta_criterio_analisis` (`id`, `id_subcuenta_id`, `id_criterio_analisis_id`) VALUES (65, 70, 11);
INSERT INTO `subcuenta_criterio_analisis` (`id`, `id_subcuenta_id`, `id_criterio_analisis_id`) VALUES (66, 51, 3);
INSERT INTO `subcuenta_criterio_analisis` (`id`, `id_subcuenta_id`, `id_criterio_analisis_id`) VALUES (67, 51, 5);
INSERT INTO `subcuenta_criterio_analisis` (`id`, `id_subcuenta_id`, `id_criterio_analisis_id`) VALUES (68, 51, 10);
INSERT INTO `subcuenta_criterio_analisis` (`id`, `id_subcuenta_id`, `id_criterio_analisis_id`) VALUES (69, 54, 3);
INSERT INTO `subcuenta_criterio_analisis` (`id`, `id_subcuenta_id`, `id_criterio_analisis_id`) VALUES (70, 54, 10);
INSERT INTO `subcuenta_criterio_analisis` (`id`, `id_subcuenta_id`, `id_criterio_analisis_id`) VALUES (73, 95, 3);
INSERT INTO `subcuenta_criterio_analisis` (`id`, `id_subcuenta_id`, `id_criterio_analisis_id`) VALUES (74, 95, 5);
INSERT INTO `subcuenta_criterio_analisis` (`id`, `id_subcuenta_id`, `id_criterio_analisis_id`) VALUES (75, 96, 3);
INSERT INTO `subcuenta_criterio_analisis` (`id`, `id_subcuenta_id`, `id_criterio_analisis_id`) VALUES (76, 96, 5);
INSERT INTO `subcuenta_criterio_analisis` (`id`, `id_subcuenta_id`, `id_criterio_analisis_id`) VALUES (77, 97, 3);
INSERT INTO `subcuenta_criterio_analisis` (`id`, `id_subcuenta_id`, `id_criterio_analisis_id`) VALUES (78, 97, 5);
INSERT INTO `subcuenta_criterio_analisis` (`id`, `id_subcuenta_id`, `id_criterio_analisis_id`) VALUES (81, 72, 6);
INSERT INTO `subcuenta_criterio_analisis` (`id`, `id_subcuenta_id`, `id_criterio_analisis_id`) VALUES (82, 104, 6);
INSERT INTO `subcuenta_criterio_analisis` (`id`, `id_subcuenta_id`, `id_criterio_analisis_id`) VALUES (83, 71, 6);
INSERT INTO `subcuenta_criterio_analisis` (`id`, `id_subcuenta_id`, `id_criterio_analisis_id`) VALUES (88, 153, 6);
INSERT INTO `subcuenta_criterio_analisis` (`id`, `id_subcuenta_id`, `id_criterio_analisis_id`) VALUES (89, 154, 6);
INSERT INTO `subcuenta_criterio_analisis` (`id`, `id_subcuenta_id`, `id_criterio_analisis_id`) VALUES (91, 155, 6);
INSERT INTO `subcuenta_criterio_analisis` (`id`, `id_subcuenta_id`, `id_criterio_analisis_id`) VALUES (92, 156, 6);
INSERT INTO `subcuenta_criterio_analisis` (`id`, `id_subcuenta_id`, `id_criterio_analisis_id`) VALUES (93, 157, 6);
INSERT INTO `subcuenta_criterio_analisis` (`id`, `id_subcuenta_id`, `id_criterio_analisis_id`) VALUES (94, 158, 6);
INSERT INTO `subcuenta_criterio_analisis` (`id`, `id_subcuenta_id`, `id_criterio_analisis_id`) VALUES (95, 159, 6);
INSERT INTO `subcuenta_criterio_analisis` (`id`, `id_subcuenta_id`, `id_criterio_analisis_id`) VALUES (96, 160, 6);
INSERT INTO `subcuenta_criterio_analisis` (`id`, `id_subcuenta_id`, `id_criterio_analisis_id`) VALUES (97, 161, 6);
INSERT INTO `subcuenta_criterio_analisis` (`id`, `id_subcuenta_id`, `id_criterio_analisis_id`) VALUES (98, 162, 6);
INSERT INTO `subcuenta_criterio_analisis` (`id`, `id_subcuenta_id`, `id_criterio_analisis_id`) VALUES (99, 163, 6);
INSERT INTO `subcuenta_criterio_analisis` (`id`, `id_subcuenta_id`, `id_criterio_analisis_id`) VALUES (100, 164, 6);
INSERT INTO `subcuenta_criterio_analisis` (`id`, `id_subcuenta_id`, `id_criterio_analisis_id`) VALUES (101, 165, 6);
INSERT INTO `subcuenta_criterio_analisis` (`id`, `id_subcuenta_id`, `id_criterio_analisis_id`) VALUES (102, 166, 6);
INSERT INTO `subcuenta_criterio_analisis` (`id`, `id_subcuenta_id`, `id_criterio_analisis_id`) VALUES (103, 175, 6);
INSERT INTO `subcuenta_criterio_analisis` (`id`, `id_subcuenta_id`, `id_criterio_analisis_id`) VALUES (104, 176, 6);
INSERT INTO `subcuenta_criterio_analisis` (`id`, `id_subcuenta_id`, `id_criterio_analisis_id`) VALUES (105, 176, 8);
INSERT INTO `subcuenta_criterio_analisis` (`id`, `id_subcuenta_id`, `id_criterio_analisis_id`) VALUES (106, 133, 19);
INSERT INTO `subcuenta_criterio_analisis` (`id`, `id_subcuenta_id`, `id_criterio_analisis_id`) VALUES (107, 185, 19);
INSERT INTO `subcuenta_criterio_analisis` (`id`, `id_subcuenta_id`, `id_criterio_analisis_id`) VALUES (108, 183, 19);
INSERT INTO `subcuenta_criterio_analisis` (`id`, `id_subcuenta_id`, `id_criterio_analisis_id`) VALUES (109, 186, 19);
INSERT INTO `subcuenta_criterio_analisis` (`id`, `id_subcuenta_id`, `id_criterio_analisis_id`) VALUES (110, 179, 19);
INSERT INTO `subcuenta_criterio_analisis` (`id`, `id_subcuenta_id`, `id_criterio_analisis_id`) VALUES (111, 187, 19);
INSERT INTO `subcuenta_criterio_analisis` (`id`, `id_subcuenta_id`, `id_criterio_analisis_id`) VALUES (112, 180, 19);
INSERT INTO `tipo_comprobante` (`id`, `descripcion`, `activo`, `abreviatura`) VALUES (1, 'COMPROBANTE DE APERTURA', 1, 'AP');
INSERT INTO `tipo_comprobante` (`id`, `descripcion`, `activo`, `abreviatura`) VALUES (2, 'COMPROBANTE DE OPERACIONES', 1, '00');
INSERT INTO `tipo_cuenta` (`id`, `nombre`, `activo`) VALUES (1, 'Activos Circulantes', 1);
INSERT INTO `tipo_cuenta` (`id`, `nombre`, `activo`) VALUES (2, 'Activos a Largo Plazo', 1);
INSERT INTO `tipo_cuenta` (`id`, `nombre`, `activo`) VALUES (3, 'Activos Fijos', 1);
INSERT INTO `tipo_cuenta` (`id`, `nombre`, `activo`) VALUES (4, 'Activos Diferidos', 1);
INSERT INTO `tipo_cuenta` (`id`, `nombre`, `activo`) VALUES (5, 'Otros Activos', 1);
INSERT INTO `tipo_cuenta` (`id`, `nombre`, `activo`) VALUES (6, 'Cuentas Reguladoras de Activos', 1);
INSERT INTO `tipo_cuenta` (`id`, `nombre`, `activo`) VALUES (7, 'Pasivos Circulantes', 1);
INSERT INTO `tipo_cuenta` (`id`, `nombre`, `activo`) VALUES (8, 'Pasivos a Largo Plazo', 1);
INSERT INTO `tipo_cuenta` (`id`, `nombre`, `activo`) VALUES (9, 'Pasivos Diferidos', 1);
INSERT INTO `tipo_cuenta` (`id`, `nombre`, `activo`) VALUES (10, 'Otros Pasivos', 1);
INSERT INTO `tipo_cuenta` (`id`, `nombre`, `activo`) VALUES (11, 'Capital Contable', 1);
INSERT INTO `tipo_cuenta` (`id`, `nombre`, `activo`) VALUES (12, 'Gastos de Produccion', 1);
INSERT INTO `tipo_cuenta` (`id`, `nombre`, `activo`) VALUES (13, 'Cuentas Nominales Deudoras', 1);
INSERT INTO `tipo_cuenta` (`id`, `nombre`, `activo`) VALUES (14, 'Cuentas Nominales Acreedoras', 1);
INSERT INTO `tipo_cuenta` (`id`, `nombre`, `activo`) VALUES (15, 'Cuenta de Resultado', 1);
INSERT INTO `tipo_movimiento` (`id`, `descripcion`, `activo`, `codigo`) VALUES (1, 'APERTURA', 1, 'AP');
INSERT INTO `tipo_movimiento` (`id`, `descripcion`, `activo`, `codigo`) VALUES (2, 'COMPRA', 1, 'A');
INSERT INTO `tipo_movimiento` (`id`, `descripcion`, `activo`, `codigo`) VALUES (3, 'TRASLADO INTERNO', 1, 'TI');
INSERT INTO `tipo_movimiento` (`id`, `descripcion`, `activo`, `codigo`) VALUES (4, 'TRASLADOS ENVIADOS', 1, 'TE');
INSERT INTO `tipo_movimiento` (`id`, `descripcion`, `activo`, `codigo`) VALUES (5, 'TRASLADOS RECIBIDOS', 1, 'TR');
INSERT INTO `tipo_movimiento` (`id`, `descripcion`, `activo`, `codigo`) VALUES (6, 'BAJAS DE ACTIVOS', 1, 'BA');
INSERT INTO `tipo_movimiento` (`id`, `descripcion`, `activo`, `codigo`) VALUES (7, 'VENTA DE ACTIVOS', 1, 'VA');
INSERT INTO `unidad_medida` (`id`, `nombre`, `abreviatura`, `activo`) VALUES (1, 'Centímetro', 'cm', 1);
INSERT INTO `unidad_medida` (`id`, `nombre`, `abreviatura`, `activo`) VALUES (2, 'Metro', 'm', 1);
INSERT INTO `unidad_medida` (`id`, `nombre`, `abreviatura`, `activo`) VALUES (3, 'Milímetro', 'mm', 1);
INSERT INTO `unidad_medida` (`id`, `nombre`, `abreviatura`, `activo`) VALUES (4, 'Kilómetro', 'km', 1);
INSERT INTO `unidad_medida` (`id`, `nombre`, `abreviatura`, `activo`) VALUES (5, 'Gramo', 'g', 1);
INSERT INTO `unidad_medida` (`id`, `nombre`, `abreviatura`, `activo`) VALUES (6, 'Miligramo', 'mg', 1);
INSERT INTO `unidad_medida` (`id`, `nombre`, `abreviatura`, `activo`) VALUES (7, 'Libra', 'lb', 1);
INSERT INTO `unidad_medida` (`id`, `nombre`, `abreviatura`, `activo`) VALUES (8, 'Kilogramo', 'kg', 1);
INSERT INTO `unidad_medida` (`id`, `nombre`, `abreviatura`, `activo`) VALUES (9, 'Mililitro', 'ml', 1);
INSERT INTO `unidad_medida` (`id`, `nombre`, `abreviatura`, `activo`) VALUES (10, 'Litro', 'l', 1);
INSERT INTO `unidad_medida` (`id`, `nombre`, `abreviatura`, `activo`) VALUES (11, 'Metro cuadrado', 'm²', 1);
INSERT INTO `unidad_medida` (`id`, `nombre`, `abreviatura`, `activo`) VALUES (12, 'Metro cúbico', 'm³', 1);
INSERT INTO `unidad_medida` (`id`, `nombre`, `abreviatura`, `activo`) VALUES (13, 'Unidad', 'u', 1);
INSERT INTO `unidad_medida` (`id`, `nombre`, `abreviatura`, `activo`) VALUES (14, 'Blister', 'Blister', 1);