INSERT INTO `categoria_cliente` (`id`, `nombre`, `prefijo`) VALUES (1, 'Factura de Crédito Fiscal', 'B01');
INSERT INTO `categoria_cliente` (`id`, `nombre`, `prefijo`) VALUES (2, 'Factura de Consumo', 'B02');
INSERT INTO `categoria_cliente` (`id`, `nombre`, `prefijo`) VALUES (3, 'Nota de Débito', 'B03');
INSERT INTO `categoria_cliente` (`id`, `nombre`, `prefijo`) VALUES (4, 'Nota de Crédito', 'B04');
INSERT INTO `categoria_cliente` (`id`, `nombre`, `prefijo`) VALUES (5, 'Comprobante de Compra', 'B11');
INSERT INTO `categoria_cliente` (`id`, `nombre`, `prefijo`) VALUES (6, 'Registro Único de Ingreso', 'B12');
INSERT INTO `categoria_cliente` (`id`, `nombre`, `prefijo`) VALUES (7, 'Comprobante para Gastos Menor', 'B13');
INSERT INTO `categoria_cliente` (`id`, `nombre`, `prefijo`) VALUES (8, 'Comprobante para Regímen Especial', 'B14');
INSERT INTO `categoria_cliente` (`id`, `nombre`, `prefijo`) VALUES (9, 'Comprobante Gubernamental', 'B15');
INSERT INTO `categoria_cliente` (`id`, `nombre`, `prefijo`) VALUES (10, 'Comprobante para Exportación', 'B16');
INSERT INTO `categoria_cliente` (`id`, `nombre`, `prefijo`) VALUES (11, 'Comprobante de Pago al Exterior', 'B17');
INSERT INTO `centro_costo` (`id`, `id_unidad_id`, `activo`, `codigo`, `nombre`) VALUES (22, 1, 1, '0150', 'Combo de aseo');
INSERT INTO `centro_costo` (`id`, `id_unidad_id`, `activo`, `codigo`, `nombre`) VALUES (23, 1, 1, '0160', 'Combo de Medicamento');
INSERT INTO `centro_costo` (`id`, `id_unidad_id`, `activo`, `codigo`, `nombre`) VALUES (24, 1, 1, '0170', 'Combo de Alimento');
INSERT INTO `centro_costo` (`id`, `id_unidad_id`, `activo`, `codigo`, `nombre`) VALUES (25, 1, 1, '0180', 'Otros');
INSERT INTO `criterio_analisis` (`id`, `nombre`, `abreviatura`, `activo`) VALUES (1, 'ALMACÉN', 'ALM', 1);
INSERT INTO `criterio_analisis` (`id`, `nombre`, `abreviatura`, `activo`) VALUES (2, 'UNIDADES', 'UNID', 1);
INSERT INTO `criterio_analisis` (`id`, `nombre`, `abreviatura`, `activo`) VALUES (3, 'CENTROS DE COSTO', 'CCT', 1);
INSERT INTO `criterio_analisis` (`id`, `nombre`, `abreviatura`, `activo`) VALUES (4, 'OBJETOS DE OBRAS', 'OBO', 1);
INSERT INTO `criterio_analisis` (`id`, `nombre`, `abreviatura`, `activo`) VALUES (5, 'ELEMENTOS DE GASTOS', 'EG', 1);
INSERT INTO `criterio_analisis` (`id`, `nombre`, `abreviatura`, `activo`) VALUES (6, 'CLIENTES Y PROVEEDORES', 'CLIPRO', 1);
INSERT INTO `criterio_analisis` (`id`, `nombre`, `abreviatura`, `activo`) VALUES (7, 'TARJETAS MAGNETICAS', 'TM', 1);
INSERT INTO `criterio_analisis` (`id`, `nombre`, `abreviatura`, `activo`) VALUES (8, 'TRABAJADORES', 'TRAB', 1);
INSERT INTO `criterio_analisis` (`id`, `nombre`, `abreviatura`, `activo`) VALUES (9, 'PROYECTOS', 'PRO', 1);
INSERT INTO `criterio_analisis` (`id`, `nombre`, `abreviatura`, `activo`) VALUES (10, 'ORDEN DE TRABAJO', 'OT', 1);
INSERT INTO `criterio_analisis` (`id`, `nombre`, `abreviatura`, `activo`) VALUES (11, 'EXPEDIENTE', 'EXP', 1);
INSERT INTO `criterio_analisis` (`id`, `nombre`, `abreviatura`, `activo`) VALUES (12, 'AREAS DE RESPONSABILIDAD', 'AR', 1);
INSERT INTO `criterio_analisis` (`id`, `nombre`, `abreviatura`, `activo`) VALUES (13, 'GRUPOS DE ACTIVOS FIJOS', 'GA', 1);
INSERT INTO `criterio_analisis` (`id`, `nombre`, `abreviatura`, `activo`) VALUES (14, 'CREDITOS  BANCARIOS', 'CRB', 1);
INSERT INTO `criterio_analisis` (`id`, `nombre`, `abreviatura`, `activo`) VALUES (15, 'ACCIONISTAS', 'ACC', 1);
INSERT INTO `criterio_analisis` (`id`, `nombre`, `abreviatura`, `activo`) VALUES (16, 'CUENTAS DE INGRESOS', 'ING', 1);
INSERT INTO `criterio_analisis` (`id`, `nombre`, `abreviatura`, `activo`) VALUES (17, 'CUENTAS DE GASTOS', 'GAT', 1);
INSERT INTO `criterio_analisis` (`id`, `nombre`, `abreviatura`, `activo`) VALUES (18, 'BANCO', 'B', 0);
INSERT INTO `criterio_analisis` (`id`, `nombre`, `abreviatura`, `activo`) VALUES (19, 'NÚMERO DE CUENTA', 'NRO-CTA', 1);
INSERT INTO `tipo_cuenta` (`id`, `nombre`, `activo`) VALUES (1, 'Activos Circulantes', 1);
INSERT INTO `tipo_cuenta` (`id`, `nombre`, `activo`) VALUES (2, 'Activos a Largo Plazo', 1);
INSERT INTO `tipo_cuenta` (`id`, `nombre`, `activo`) VALUES (3, 'Activos Fijos', 1);
INSERT INTO `tipo_cuenta` (`id`, `nombre`, `activo`) VALUES (4, 'Activos Diferidos', 1);
INSERT INTO `tipo_cuenta` (`id`, `nombre`, `activo`) VALUES (5, 'Otros Activos', 1);
INSERT INTO `tipo_cuenta` (`id`, `nombre`, `activo`) VALUES (6, 'Cuentas Reguladoras de Activos', 1);
INSERT INTO `tipo_cuenta` (`id`, `nombre`, `activo`) VALUES (7, 'Pasivos Circulantes', 1);
INSERT INTO `tipo_cuenta` (`id`, `nombre`, `activo`) VALUES (8, 'Pasivos a Largo Plazo', 1);
INSERT INTO `tipo_cuenta` (`id`, `nombre`, `activo`) VALUES (9, 'Pasivos Diferidos', 1);
INSERT INTO `tipo_cuenta` (`id`, `nombre`, `activo`) VALUES (10, 'Otros Pasivos', 1);
INSERT INTO `tipo_cuenta` (`id`, `nombre`, `activo`) VALUES (11, 'Capital Contable', 1);
INSERT INTO `tipo_cuenta` (`id`, `nombre`, `activo`) VALUES (12, 'Gastos de Produccion', 1);
INSERT INTO `tipo_cuenta` (`id`, `nombre`, `activo`) VALUES (13, 'Cuentas Nominales Deudoras', 1);
INSERT INTO `tipo_cuenta` (`id`, `nombre`, `activo`) VALUES (14, 'Cuentas Nominales Acreedoras', 1);
INSERT INTO `tipo_cuenta` (`id`, `nombre`, `activo`) VALUES (15, 'Cuenta de Resultado', 1);
INSERT INTO `cuenta` (`id`, `id_tipo_cuenta_id`, `nro_cuenta`, `nombre`, `deudora`, `mixta`, `obligacion_deudora`, `obligacion_acreedora`, `activo`, `produccion`) VALUES (1, 1, 103, 'Efectivo en Caja en RD$', 1, 0, 0, 0, 1, 0);
INSERT INTO `cuenta` (`id`, `id_tipo_cuenta_id`, `nro_cuenta`, `nombre`, `deudora`, `mixta`, `obligacion_deudora`, `obligacion_acreedora`, `activo`, `produccion`) VALUES (2, 1, 109, 'Efectivo en Banco en RD$', 1, 0, 0, 0, 1, 0);
INSERT INTO `cuenta` (`id`, `id_tipo_cuenta_id`, `nro_cuenta`, `nombre`, `deudora`, `mixta`, `obligacion_deudora`, `obligacion_acreedora`, `activo`, `produccion`) VALUES (3, 1, 131, 'Efectos por Cobrar a Corto Plazo', 1, 0, 1, 0, 1, 0);
INSERT INTO `cuenta` (`id`, `id_tipo_cuenta_id`, `nro_cuenta`, `nombre`, `deudora`, `mixta`, `obligacion_deudora`, `obligacion_acreedora`, `activo`, `produccion`) VALUES (4, 1, 134, 'Cuenta en Participacion', 1, 0, 1, 0, 1, 0);
INSERT INTO `cuenta` (`id`, `id_tipo_cuenta_id`, `nro_cuenta`, `nombre`, `deudora`, `mixta`, `obligacion_deudora`, `obligacion_acreedora`, `activo`, `produccion`) VALUES (5, 1, 142, 'Prestamos y Otras Operaciones Crediticias', 1, 0, 0, 0, 1, 0);
INSERT INTO `cuenta` (`id`, `id_tipo_cuenta_id`, `nro_cuenta`, `nombre`, `deudora`, `mixta`, `obligacion_deudora`, `obligacion_acreedora`, `activo`, `produccion`) VALUES (6, 1, 146, 'Pagos Anticipados a Suministradores', 1, 0, 0, 0, 1, 0);
INSERT INTO `cuenta` (`id`, `id_tipo_cuenta_id`, `nro_cuenta`, `nombre`, `deudora`, `mixta`, `obligacion_deudora`, `obligacion_acreedora`, `activo`, `produccion`) VALUES (7, 1, 160, 'Anticipos a Justificar', 1, 0, 0, 0, 1, 0);
INSERT INTO `cuenta` (`id`, `id_tipo_cuenta_id`, `nro_cuenta`, `nombre`, `deudora`, `mixta`, `obligacion_deudora`, `obligacion_acreedora`, `activo`, `produccion`) VALUES (8, 1, 135, 'Cuentas por Cobrar', 1, 0, 1, 0, 1, 0);
INSERT INTO `cuenta` (`id`, `id_tipo_cuenta_id`, `nro_cuenta`, `nombre`, `deudora`, `mixta`, `obligacion_deudora`, `obligacion_acreedora`, `activo`, `produccion`) VALUES (9, 1, 164, 'Adeudos con el  Estado', 1, 0, 0, 0, 1, 0);
INSERT INTO `cuenta` (`id`, `id_tipo_cuenta_id`, `nro_cuenta`, `nombre`, `deudora`, `mixta`, `obligacion_deudora`, `obligacion_acreedora`, `activo`, `produccion`) VALUES (10, 1, 183, 'Materias Primas y Materiales', 1, 0, 0, 0, 1, 0);
INSERT INTO `cuenta` (`id`, `id_tipo_cuenta_id`, `nro_cuenta`, `nombre`, `deudora`, `mixta`, `obligacion_deudora`, `obligacion_acreedora`, `activo`, `produccion`) VALUES (11, 1, 184, 'Combustible  Lubricantes', 1, 0, 0, 0, 1, 0);
INSERT INTO `cuenta` (`id`, `id_tipo_cuenta_id`, `nro_cuenta`, `nombre`, `deudora`, `mixta`, `obligacion_deudora`, `obligacion_acreedora`, `activo`, `produccion`) VALUES (12, 1, 185, 'Partes  y  Piezas de  Repuesto', 1, 0, 0, 0, 1, 0);
INSERT INTO `cuenta` (`id`, `id_tipo_cuenta_id`, `nro_cuenta`, `nombre`, `deudora`, `mixta`, `obligacion_deudora`, `obligacion_acreedora`, `activo`, `produccion`) VALUES (13, 1, 187, 'Utiles y Herramientas', 1, 0, 0, 0, 1, 0);
INSERT INTO `cuenta` (`id`, `id_tipo_cuenta_id`, `nro_cuenta`, `nombre`, `deudora`, `mixta`, `obligacion_deudora`, `obligacion_acreedora`, `activo`, `produccion`) VALUES (14, 1, 188, 'Produccion Terminada', 1, 0, 0, 0, 1, 0);
INSERT INTO `cuenta` (`id`, `id_tipo_cuenta_id`, `nro_cuenta`, `nombre`, `deudora`, `mixta`, `obligacion_deudora`, `obligacion_acreedora`, `activo`, `produccion`) VALUES (15, 1, 189, 'Mercancias para la Venta', 1, 0, 0, 0, 1, 0);
INSERT INTO `cuenta` (`id`, `id_tipo_cuenta_id`, `nro_cuenta`, `nombre`, `deudora`, `mixta`, `obligacion_deudora`, `obligacion_acreedora`, `activo`, `produccion`) VALUES (16, 1, 190, 'Medicamentos', 1, 0, 0, 0, 1, 0);
INSERT INTO `cuenta` (`id`, `id_tipo_cuenta_id`, `nro_cuenta`, `nombre`, `deudora`, `mixta`, `obligacion_deudora`, `obligacion_acreedora`, `activo`, `produccion`) VALUES (17, 1, 193, 'Alimentos', 1, 0, 0, 0, 1, 0);
INSERT INTO `cuenta` (`id`, `id_tipo_cuenta_id`, `nro_cuenta`, `nombre`, `deudora`, `mixta`, `obligacion_deudora`, `obligacion_acreedora`, `activo`, `produccion`) VALUES (18, 2, 216, 'Efectos por Cobrar a Largo Plazo', 1, 0, 1, 0, 1, 0);
INSERT INTO `cuenta` (`id`, `id_tipo_cuenta_id`, `nro_cuenta`, `nombre`, `deudora`, `mixta`, `obligacion_deudora`, `obligacion_acreedora`, `activo`, `produccion`) VALUES (19, 2, 220, 'Cuentas por Cobrar a Largo Plazo', 1, 0, 1, 0, 1, 0);
INSERT INTO `cuenta` (`id`, `id_tipo_cuenta_id`, `nro_cuenta`, `nombre`, `deudora`, `mixta`, `obligacion_deudora`, `obligacion_acreedora`, `activo`, `produccion`) VALUES (20, 2, 225, 'Prestamos Concedidos a Largo Plazo', 1, 0, 1, 0, 1, 0);
INSERT INTO `cuenta` (`id`, `id_tipo_cuenta_id`, `nro_cuenta`, `nombre`, `deudora`, `mixta`, `obligacion_deudora`, `obligacion_acreedora`, `activo`, `produccion`) VALUES (21, 2, 227, 'Inversiones a Largo Plazo', 1, 0, 0, 0, 1, 0);
INSERT INTO `cuenta` (`id`, `id_tipo_cuenta_id`, `nro_cuenta`, `nombre`, `deudora`, `mixta`, `obligacion_deudora`, `obligacion_acreedora`, `activo`, `produccion`) VALUES (22, 3, 240, 'Activos Fijos', 1, 0, 0, 0, 1, 0);
INSERT INTO `cuenta` (`id`, `id_tipo_cuenta_id`, `nro_cuenta`, `nombre`, `deudora`, `mixta`, `obligacion_deudora`, `obligacion_acreedora`, `activo`, `produccion`) VALUES (23, 3, 255, 'Activos Fijos Intangibles', 1, 0, 0, 0, 1, 0);
INSERT INTO `cuenta` (`id`, `id_tipo_cuenta_id`, `nro_cuenta`, `nombre`, `deudora`, `mixta`, `obligacion_deudora`, `obligacion_acreedora`, `activo`, `produccion`) VALUES (24, 3, 265, 'Inversiones en Proceso', 1, 0, 0, 0, 1, 0);
INSERT INTO `cuenta` (`id`, `id_tipo_cuenta_id`, `nro_cuenta`, `nombre`, `deudora`, `mixta`, `obligacion_deudora`, `obligacion_acreedora`, `activo`, `produccion`) VALUES (25, 3, 290, 'Compra de Activos Fijos', 1, 0, 1, 0, 1, 0);
INSERT INTO `cuenta` (`id`, `id_tipo_cuenta_id`, `nro_cuenta`, `nombre`, `deudora`, `mixta`, `obligacion_deudora`, `obligacion_acreedora`, `activo`, `produccion`) VALUES (26, 3, 292, 'Compra de Activos Fijos Intangibles', 1, 0, 1, 0, 1, 0);
INSERT INTO `cuenta` (`id`, `id_tipo_cuenta_id`, `nro_cuenta`, `nombre`, `deudora`, `mixta`, `obligacion_deudora`, `obligacion_acreedora`, `activo`, `produccion`) VALUES (27, 4, 300, 'Gastos de Produccion y Servicios Diferidos', 1, 0, 0, 0, 1, 0);
INSERT INTO `cuenta` (`id`, `id_tipo_cuenta_id`, `nro_cuenta`, `nombre`, `deudora`, `mixta`, `obligacion_deudora`, `obligacion_acreedora`, `activo`, `produccion`) VALUES (28, 4, 306, 'Gastos Financieros Diferidos', 1, 0, 0, 0, 1, 0);
INSERT INTO `cuenta` (`id`, `id_tipo_cuenta_id`, `nro_cuenta`, `nombre`, `deudora`, `mixta`, `obligacion_deudora`, `obligacion_acreedora`, `activo`, `produccion`) VALUES (29, 5, 330, 'Perdida en Investigacion', 1, 0, 0, 0, 1, 0);
INSERT INTO `cuenta` (`id`, `id_tipo_cuenta_id`, `nro_cuenta`, `nombre`, `deudora`, `mixta`, `obligacion_deudora`, `obligacion_acreedora`, `activo`, `produccion`) VALUES (30, 5, 332, 'Faltantes de Bienes', 1, 0, 0, 0, 1, 0);
INSERT INTO `cuenta` (`id`, `id_tipo_cuenta_id`, `nro_cuenta`, `nombre`, `deudora`, `mixta`, `obligacion_deudora`, `obligacion_acreedora`, `activo`, `produccion`) VALUES (31, 2, 335, 'Cuentas por Cobrar Diversas', 1, 0, 1, 0, 1, 0);
INSERT INTO `cuenta` (`id`, `id_tipo_cuenta_id`, `nro_cuenta`, `nombre`, `deudora`, `mixta`, `obligacion_deudora`, `obligacion_acreedora`, `activo`, `produccion`) VALUES (32, 6, 373, 'Desgaste de Utiles y Herramientas', 0, 0, 0, 0, 1, 0);
INSERT INTO `cuenta` (`id`, `id_tipo_cuenta_id`, `nro_cuenta`, `nombre`, `deudora`, `mixta`, `obligacion_deudora`, `obligacion_acreedora`, `activo`, `produccion`) VALUES (33, 6, 375, 'Depreciacion de Activos Fijos Tangibles', 0, 0, 0, 0, 1, 0);
INSERT INTO `cuenta` (`id`, `id_tipo_cuenta_id`, `nro_cuenta`, `nombre`, `deudora`, `mixta`, `obligacion_deudora`, `obligacion_acreedora`, `activo`, `produccion`) VALUES (34, 6, 390, 'Amortizacion de Activos Fijos Intangibles', 0, 0, 0, 0, 1, 0);
INSERT INTO `cuenta` (`id`, `id_tipo_cuenta_id`, `nro_cuenta`, `nombre`, `deudora`, `mixta`, `obligacion_deudora`, `obligacion_acreedora`, `activo`, `produccion`) VALUES (35, 7, 401, 'Efectos por pagar a Corto Plazo', 0, 0, 0, 1, 1, 0);
INSERT INTO `cuenta` (`id`, `id_tipo_cuenta_id`, `nro_cuenta`, `nombre`, `deudora`, `mixta`, `obligacion_deudora`, `obligacion_acreedora`, `activo`, `produccion`) VALUES (36, 7, 405, 'Cuentas por pagar a Corto Plazo', 0, 0, 0, 1, 1, 0);
INSERT INTO `cuenta` (`id`, `id_tipo_cuenta_id`, `nro_cuenta`, `nombre`, `deudora`, `mixta`, `obligacion_deudora`, `obligacion_acreedora`, `activo`, `produccion`) VALUES (37, 7, 421, 'Cuentas por Pagar - Activos Fijos', 0, 0, 0, 1, 1, 0);
INSERT INTO `cuenta` (`id`, `id_tipo_cuenta_id`, `nro_cuenta`, `nombre`, `deudora`, `mixta`, `obligacion_deudora`, `obligacion_acreedora`, `activo`, `produccion`) VALUES (38, 7, 425, 'Cuentas por Pagar en Proceso', 0, 0, 0, 1, 1, 0);
INSERT INTO `cuenta` (`id`, `id_tipo_cuenta_id`, `nro_cuenta`, `nombre`, `deudora`, `mixta`, `obligacion_deudora`, `obligacion_acreedora`, `activo`, `produccion`) VALUES (39, 7, 430, 'Cobros Anticipados', 0, 0, 0, 1, 1, 0);
INSERT INTO `cuenta` (`id`, `id_tipo_cuenta_id`, `nro_cuenta`, `nombre`, `deudora`, `mixta`, `obligacion_deudora`, `obligacion_acreedora`, `activo`, `produccion`) VALUES (40, 7, 435, 'Depositos Recibidos', 0, 0, 0, 1, 1, 0);
INSERT INTO `cuenta` (`id`, `id_tipo_cuenta_id`, `nro_cuenta`, `nombre`, `deudora`, `mixta`, `obligacion_deudora`, `obligacion_acreedora`, `activo`, `produccion`) VALUES (41, 7, 440, 'Obligacion con el Estado REP DOM', 0, 0, 0, 1, 1, 0);
INSERT INTO `cuenta` (`id`, `id_tipo_cuenta_id`, `nro_cuenta`, `nombre`, `deudora`, `mixta`, `obligacion_deudora`, `obligacion_acreedora`, `activo`, `produccion`) VALUES (42, 7, 455, 'Nominas por Pagar', 0, 0, 0, 1, 1, 0);
INSERT INTO `cuenta` (`id`, `id_tipo_cuenta_id`, `nro_cuenta`, `nombre`, `deudora`, `mixta`, `obligacion_deudora`, `obligacion_acreedora`, `activo`, `produccion`) VALUES (43, 7, 470, 'Prestamos Recibidos', 0, 0, 0, 1, 1, 0);
INSERT INTO `cuenta` (`id`, `id_tipo_cuenta_id`, `nro_cuenta`, `nombre`, `deudora`, `mixta`, `obligacion_deudora`, `obligacion_acreedora`, `activo`, `produccion`) VALUES (112, 1, 480, "Gastos acumulados por pagar", 0, 0, 0, 0, 1, 0);
INSERT INTO `cuenta` (`id`, `id_tipo_cuenta_id`, `nro_cuenta`, `nombre`, `deudora`, `mixta`, `obligacion_deudora`, `obligacion_acreedora`, `activo`, `produccion`) VALUES (44, 7, 492, 'Provision para Vacaciones', 0, 0, 0, 0, 1, 0);
INSERT INTO `cuenta` (`id`, `id_tipo_cuenta_id`, `nro_cuenta`, `nombre`, `deudora`, `mixta`, `obligacion_deudora`, `obligacion_acreedora`, `activo`, `produccion`) VALUES (45, 8, 510, 'Efectos por pagar a largo plazo', 0, 0, 0, 1, 1, 0);
INSERT INTO `cuenta` (`id`, `id_tipo_cuenta_id`, `nro_cuenta`, `nombre`, `deudora`, `mixta`, `obligacion_deudora`, `obligacion_acreedora`, `activo`, `produccion`) VALUES (46, 8, 515, 'Cuentas por Pagar a Largo Plazo', 0, 0, 0, 1, 1, 0);
INSERT INTO `cuenta` (`id`, `id_tipo_cuenta_id`, `nro_cuenta`, `nombre`, `deudora`, `mixta`, `obligacion_deudora`, `obligacion_acreedora`, `activo`, `produccion`) VALUES (47, 8, 520, 'Prestamos Recibidos a Largo Plazo', 0, 0, 0, 1, 1, 0);
INSERT INTO `cuenta` (`id`, `id_tipo_cuenta_id`, `nro_cuenta`, `nombre`, `deudora`, `mixta`, `obligacion_deudora`, `obligacion_acreedora`, `activo`, `produccion`) VALUES (48, 8, 540, 'Bonos por Pagar', 0, 0, 0, 1, 1, 0);
INSERT INTO `cuenta` (`id`, `id_tipo_cuenta_id`, `nro_cuenta`, `nombre`, `deudora`, `mixta`, `obligacion_deudora`, `obligacion_acreedora`, `activo`, `produccion`) VALUES (49, 9, 545, 'Ingresos Diferidos', 0, 0, 0, 0, 1, 0);
INSERT INTO `cuenta` (`id`, `id_tipo_cuenta_id`, `nro_cuenta`, `nombre`, `deudora`, `mixta`, `obligacion_deudora`, `obligacion_acreedora`, `activo`, `produccion`) VALUES (50, 10, 555, 'Sobrantes en Investigacion', 0, 0, 0, 0, 1, 0);
INSERT INTO `cuenta` (`id`, `id_tipo_cuenta_id`, `nro_cuenta`, `nombre`, `deudora`, `mixta`, `obligacion_deudora`, `obligacion_acreedora`, `activo`, `produccion`) VALUES (51, 10, 565, 'Cuentas por Pagar Diversas', 0, 0, 0, 0, 1, 0);
INSERT INTO `cuenta` (`id`, `id_tipo_cuenta_id`, `nro_cuenta`, `nombre`, `deudora`, `mixta`, `obligacion_deudora`, `obligacion_acreedora`, `activo`, `produccion`) VALUES (52, 10, 569, 'Cuentas por Pagar Compra de Monedas', 0, 0, 0, 0, 1, 0);
INSERT INTO `cuenta` (`id`, `id_tipo_cuenta_id`, `nro_cuenta`, `nombre`, `deudora`, `mixta`, `obligacion_deudora`, `obligacion_acreedora`, `activo`, `produccion`) VALUES (53, 10, 570, 'Ingresos de Periodos Futuros', 0, 0, 0, 0, 1, 0);
INSERT INTO `cuenta` (`id`, `id_tipo_cuenta_id`, `nro_cuenta`, `nombre`, `deudora`, `mixta`, `obligacion_deudora`, `obligacion_acreedora`, `activo`, `produccion`) VALUES (54, 11, 600, 'Capital Contable en RD$', 0, 0, 0, 0, 1, 0);
INSERT INTO `cuenta` (`id`, `id_tipo_cuenta_id`, `nro_cuenta`, `nombre`, `deudora`, `mixta`, `obligacion_deudora`, `obligacion_acreedora`, `activo`, `produccion`) VALUES (55, 11, 605, 'Acciones por Emitir', 1, 0, 0, 0, 1, 0);
INSERT INTO `cuenta` (`id`, `id_tipo_cuenta_id`, `nro_cuenta`, `nombre`, `deudora`, `mixta`, `obligacion_deudora`, `obligacion_acreedora`, `activo`, `produccion`) VALUES (56, 11, 608, 'Acciones Suscritas', 0, 0, 0, 0, 1, 0);
INSERT INTO `cuenta` (`id`, `id_tipo_cuenta_id`, `nro_cuenta`, `nombre`, `deudora`, `mixta`, `obligacion_deudora`, `obligacion_acreedora`, `activo`, `produccion`) VALUES (57, 11, 615, 'Revalorizacion de Activos Fijos Tangibles', 1, 0, 0, 0, 1, 0);
INSERT INTO `cuenta` (`id`, `id_tipo_cuenta_id`, `nro_cuenta`, `nombre`, `deudora`, `mixta`, `obligacion_deudora`, `obligacion_acreedora`, `activo`, `produccion`) VALUES (58, 11, 620, 'Donaciones Recibidas', 0, 0, 0, 0, 1, 0);
INSERT INTO `cuenta` (`id`, `id_tipo_cuenta_id`, `nro_cuenta`, `nombre`, `deudora`, `mixta`, `obligacion_deudora`, `obligacion_acreedora`, `activo`, `produccion`) VALUES (59, 11, 630, 'Utilidades Retenidas', 0, 0, 0, 0, 1, 0);
INSERT INTO `cuenta` (`id`, `id_tipo_cuenta_id`, `nro_cuenta`, `nombre`, `deudora`, `mixta`, `obligacion_deudora`, `obligacion_acreedora`, `activo`, `produccion`) VALUES (60, 11, 640, 'Perdidas', 1, 0, 0, 0, 1, 0);
INSERT INTO `cuenta` (`id`, `id_tipo_cuenta_id`, `nro_cuenta`, `nombre`, `deudora`, `mixta`, `obligacion_deudora`, `obligacion_acreedora`, `activo`, `produccion`) VALUES (61, 11, 696, 'Operaciones entre Dependencias Activos', 1, 0, 0, 0, 1, 0);
INSERT INTO `cuenta` (`id`, `id_tipo_cuenta_id`, `nro_cuenta`, `nombre`, `deudora`, `mixta`, `obligacion_deudora`, `obligacion_acreedora`, `activo`, `produccion`) VALUES (62, 11, 697, 'Operaciones entre Dependencia Pasivo', 0, 0, 0, 0, 1, 0);
INSERT INTO `cuenta` (`id`, `id_tipo_cuenta_id`, `nro_cuenta`, `nombre`, `deudora`, `mixta`, `obligacion_deudora`, `obligacion_acreedora`, `activo`, `produccion`) VALUES (63, 2, 700, 'Producciones en Proceso', 1, 0, 0, 0, 1, 1);
INSERT INTO `cuenta` (`id`, `id_tipo_cuenta_id`, `nro_cuenta`, `nombre`, `deudora`, `mixta`, `obligacion_deudora`, `obligacion_acreedora`, `activo`, `produccion`) VALUES (64, 12, 730, 'Reparaciones Capitales con Medios Propios', 1, 0, 0, 0, 1, 0);
INSERT INTO `cuenta` (`id`, `id_tipo_cuenta_id`, `nro_cuenta`, `nombre`, `deudora`, `mixta`, `obligacion_deudora`, `obligacion_acreedora`, `activo`, `produccion`) VALUES (65, 13, 800, 'Devoluciones en Ventas', 1, 0, 0, 0, 1, 0);
INSERT INTO `cuenta` (`id`, `id_tipo_cuenta_id`, `nro_cuenta`, `nombre`, `deudora`, `mixta`, `obligacion_deudora`, `obligacion_acreedora`, `activo`, `produccion`) VALUES (66, 13, 806, 'Impuestos por las Ventas', 1, 0, 0, 0, 1, 0);
INSERT INTO `cuenta` (`id`, `id_tipo_cuenta_id`, `nro_cuenta`, `nombre`, `deudora`, `mixta`, `obligacion_deudora`, `obligacion_acreedora`, `activo`, `produccion`) VALUES (67, 13, 810, 'Costo de Ventas de Produccion', 1, 0, 0, 0, 1, 0);
INSERT INTO `cuenta` (`id`, `id_tipo_cuenta_id`, `nro_cuenta`, `nombre`, `deudora`, `mixta`, `obligacion_deudora`, `obligacion_acreedora`, `activo`, `produccion`) VALUES (68, 13, 815, 'Costo de Ventas de Mercancias', 1, 0, 0, 0, 1, 0);
INSERT INTO `cuenta` (`id`, `id_tipo_cuenta_id`, `nro_cuenta`, `nombre`, `deudora`, `mixta`, `obligacion_deudora`, `obligacion_acreedora`, `activo`, `produccion`) VALUES (69, 13, 823, 'Gastos de Administracion', 1, 0, 0, 0, 1, 0);
INSERT INTO `cuenta` (`id`, `id_tipo_cuenta_id`, `nro_cuenta`, `nombre`, `deudora`, `mixta`, `obligacion_deudora`, `obligacion_acreedora`, `activo`, `produccion`) VALUES (70, 13, 819, 'Gastos de Distribucion y Ventas', 1, 0, 0, 0, 1, 0);
INSERT INTO `cuenta` (`id`, `id_tipo_cuenta_id`, `nro_cuenta`, `nombre`, `deudora`, `mixta`, `obligacion_deudora`, `obligacion_acreedora`, `activo`, `produccion`) VALUES (71, 13, 839, 'Gastos por Perdidas en Tasas de Cambio', 1, 0, 0, 0, 1, 0);
INSERT INTO `cuenta` (`id`, `id_tipo_cuenta_id`, `nro_cuenta`, `nombre`, `deudora`, `mixta`, `obligacion_deudora`, `obligacion_acreedora`, `activo`, `produccion`) VALUES (72, 13, 845, 'Gastos por Perdidas', 1, 0, 0, 0, 1, 0);
INSERT INTO `cuenta` (`id`, `id_tipo_cuenta_id`, `nro_cuenta`, `nombre`, `deudora`, `mixta`, `obligacion_deudora`, `obligacion_acreedora`, `activo`, `produccion`) VALUES (73, 13, 850, 'Gastos por Faltantes', 1, 0, 0, 0, 1, 0);
INSERT INTO `cuenta` (`id`, `id_tipo_cuenta_id`, `nro_cuenta`, `nombre`, `deudora`, `mixta`, `obligacion_deudora`, `obligacion_acreedora`, `activo`, `produccion`) VALUES (74, 13, 855, 'Otros Impuestos y Contribuciones REP DOM', 1, 0, 0, 0, 1, 0);
INSERT INTO `cuenta` (`id`, `id_tipo_cuenta_id`, `nro_cuenta`, `nombre`, `deudora`, `mixta`, `obligacion_deudora`, `obligacion_acreedora`, `activo`, `produccion`) VALUES (75, 14, 901, 'Ventas de Mercancias', 0, 0, 0, 0, 1, 0);
INSERT INTO `cuenta` (`id`, `id_tipo_cuenta_id`, `nro_cuenta`, `nombre`, `deudora`, `mixta`, `obligacion_deudora`, `obligacion_acreedora`, `activo`, `produccion`) VALUES (76, 14, 900, 'Ventas de Produccion', 0, 0, 0, 0, 1, 0);
INSERT INTO `cuenta` (`id`, `id_tipo_cuenta_id`, `nro_cuenta`, `nombre`, `deudora`, `mixta`, `obligacion_deudora`, `obligacion_acreedora`, `activo`, `produccion`) VALUES (77, 14, 920, 'Ingresos Financieros', 0, 0, 0, 0, 1, 0);
INSERT INTO `cuenta` (`id`, `id_tipo_cuenta_id`, `nro_cuenta`, `nombre`, `deudora`, `mixta`, `obligacion_deudora`, `obligacion_acreedora`, `activo`, `produccion`) VALUES (78, 14, 924, 'Ingresos por Variacion de Tasas de Cambio', 0, 0, 0, 0, 1, 0);
INSERT INTO `cuenta` (`id`, `id_tipo_cuenta_id`, `nro_cuenta`, `nombre`, `deudora`, `mixta`, `obligacion_deudora`, `obligacion_acreedora`, `activo`, `produccion`) VALUES (79, 14, 930, 'Ingresos por Sobrantes de Bienes', 0, 0, 0, 0, 1, 0);
INSERT INTO `cuenta` (`id`, `id_tipo_cuenta_id`, `nro_cuenta`, `nombre`, `deudora`, `mixta`, `obligacion_deudora`, `obligacion_acreedora`, `activo`, `produccion`) VALUES (80, 14, 950, 'Otros Ingresos', 0, 0, 0, 0, 1, 0);
INSERT INTO `cuenta` (`id`, `id_tipo_cuenta_id`, `nro_cuenta`, `nombre`, `deudora`, `mixta`, `obligacion_deudora`, `obligacion_acreedora`, `activo`, `produccion`) VALUES (81, 14, 953, 'Ingresos por Donaciones Recibidas', 0, 0, 0, 0, 1, 0);
INSERT INTO `cuenta` (`id`, `id_tipo_cuenta_id`, `nro_cuenta`, `nombre`, `deudora`, `mixta`, `obligacion_deudora`, `obligacion_acreedora`, `activo`, `produccion`) VALUES (82, 15, 999, 'Resultados', 0, 1, 0, 0, 1, 0);
INSERT INTO `cuenta` (`id`, `id_tipo_cuenta_id`, `nro_cuenta`, `nombre`, `deudora`, `mixta`, `obligacion_deudora`, `obligacion_acreedora`, `activo`, `produccion`) VALUES (83, 14, 903, 'Venta de Servicios Prestados', 0, 0, 0, 0, 1, 0);
INSERT INTO `cuenta` (`id`, `id_tipo_cuenta_id`, `nro_cuenta`, `nombre`, `deudora`, `mixta`, `obligacion_deudora`, `obligacion_acreedora`, `activo`, `produccion`) VALUES (84, 13, 816, 'Costo de Venta de Servicios Prestados', 1, 0, 0, 0, 1, 0);
INSERT INTO `cuenta` (`id`, `id_tipo_cuenta_id`, `nro_cuenta`, `nombre`, `deudora`, `mixta`, `obligacion_deudora`, `obligacion_acreedora`, `activo`, `produccion`) VALUES (85, 11, 646, 'Reservas para Inversiones', 0, 0, 0, 0, 1, 0);
INSERT INTO `cuenta` (`id`, `id_tipo_cuenta_id`, `nro_cuenta`, `nombre`, `deudora`, `mixta`, `obligacion_deudora`, `obligacion_acreedora`, `activo`, `produccion`) VALUES (86, 8, 526, 'Obligaciones a Largo Plazo', 0, 0, 0, 1, 1, 0);
INSERT INTO `cuenta` (`id`, `id_tipo_cuenta_id`, `nro_cuenta`, `nombre`, `deudora`, `mixta`, `obligacion_deudora`, `obligacion_acreedora`, `activo`, `produccion`) VALUES (112, 1, 480, 'Gastos acumulados por pagar', 0, 0, 0, 0, 1, 0);
INSERT INTO `cuenta` (`id`, `id_tipo_cuenta_id`, `nro_cuenta`, `nombre`, `deudora`, `mixta`, `obligacion_deudora`, `obligacion_acreedora`, `activo`, `produccion`) VALUES (134, 1, 116, 'Efectivo a Justificar en RD$', 1, 0, 0, 0, 1, 0);
INSERT INTO `cuenta` (`id`, `id_tipo_cuenta_id`, `nro_cuenta`, `nombre`, `deudora`, `mixta`, `obligacion_deudora`, `obligacion_acreedora`, `activo`, `produccion`) VALUES (141, 1, 103, 'Efectivo en Caja en USD', 1, 0, 0, 0, 1, 0);
INSERT INTO `cuenta` (`id`, `id_tipo_cuenta_id`, `nro_cuenta`, `nombre`, `deudora`, `mixta`, `obligacion_deudora`, `obligacion_acreedora`, `activo`, `produccion`) VALUES (142, 1, 114, 'Efectivo a Justificar en USD', 1, 0, 0, 0, 1, 0);
INSERT INTO `cuenta` (`id`, `id_tipo_cuenta_id`, `nro_cuenta`, `nombre`, `deudora`, `mixta`, `obligacion_deudora`, `obligacion_acreedora`, `activo`, `produccion`) VALUES (143, 1, 109, 'Efectivo en Banco en USD', 1, 0, 0, 0, 1, 0);
INSERT INTO `cuenta` (`id`, `id_tipo_cuenta_id`, `nro_cuenta`, `nombre`, `deudora`, `mixta`, `obligacion_deudora`, `obligacion_acreedora`, `activo`, `produccion`) VALUES (144, 1, 601, 'Capital Contable en USD', 0, 0, 0, 0, 1, 0);
INSERT INTO `cuenta` (`id`, `id_tipo_cuenta_id`, `nro_cuenta`, `nombre`, `deudora`, `mixta`, `obligacion_deudora`, `obligacion_acreedora`, `activo`, `produccion`) VALUES (145, 1, 104, 'Efectivo en Caja en EUR', 1, 0, 0, 0, 1, 0);
INSERT INTO `cuenta` (`id`, `id_tipo_cuenta_id`, `nro_cuenta`, `nombre`, `deudora`, `mixta`, `obligacion_deudora`, `obligacion_acreedora`, `activo`, `produccion`) VALUES (146, 1, 115, 'Efectivo a Justificar en EUR', 1, 0, 0, 0, 1, 0);
INSERT INTO `cuenta` (`id`, `id_tipo_cuenta_id`, `nro_cuenta`, `nombre`, `deudora`, `mixta`, `obligacion_deudora`, `obligacion_acreedora`, `activo`, `produccion`) VALUES (147, 1, 110, 'Efectivo en Banco en EUR', 1, 0, 0, 0, 1, 0);
INSERT INTO `cuenta` (`id`, `id_tipo_cuenta_id`, `nro_cuenta`, `nombre`, `deudora`, `mixta`, `obligacion_deudora`, `obligacion_acreedora`, `activo`, `produccion`) VALUES (148, 1, 602, 'Capital Contable en EUR', 0, 0, 0, 0, 1, 0);
INSERT INTO `cuenta_criterio_analisis` (`id`, `id_cuenta_id`, `id_criterio_analisis_id`, `orden`) VALUES (10, 3, 6, NULL);
INSERT INTO `cuenta_criterio_analisis` (`id`, `id_cuenta_id`, `id_criterio_analisis_id`, `orden`) VALUES (13, 6, 6, NULL);
INSERT INTO `cuenta_criterio_analisis` (`id`, `id_cuenta_id`, `id_criterio_analisis_id`, `orden`) VALUES (14, 4, 15, NULL);
INSERT INTO `cuenta_criterio_analisis` (`id`, `id_cuenta_id`, `id_criterio_analisis_id`, `orden`) VALUES (15, 7, 8, NULL);
INSERT INTO `cuenta_criterio_analisis` (`id`, `id_cuenta_id`, `id_criterio_analisis_id`, `orden`) VALUES (16, 8, 6, NULL);
INSERT INTO `cuenta_criterio_analisis` (`id`, `id_cuenta_id`, `id_criterio_analisis_id`, `orden`) VALUES (18, 10, 1, NULL);
INSERT INTO `cuenta_criterio_analisis` (`id`, `id_cuenta_id`, `id_criterio_analisis_id`, `orden`) VALUES (19, 11, 1, NULL);
INSERT INTO `cuenta_criterio_analisis` (`id`, `id_cuenta_id`, `id_criterio_analisis_id`, `orden`) VALUES (21, 13, 1, NULL);
INSERT INTO `cuenta_criterio_analisis` (`id`, `id_cuenta_id`, `id_criterio_analisis_id`, `orden`) VALUES (23, 12, 1, NULL);
INSERT INTO `cuenta_criterio_analisis` (`id`, `id_cuenta_id`, `id_criterio_analisis_id`, `orden`) VALUES (26, 14, 1, NULL);
INSERT INTO `cuenta_criterio_analisis` (`id`, `id_cuenta_id`, `id_criterio_analisis_id`, `orden`) VALUES (28, 16, 1, NULL);
INSERT INTO `cuenta_criterio_analisis` (`id`, `id_cuenta_id`, `id_criterio_analisis_id`, `orden`) VALUES (29, 17, 1, NULL);
INSERT INTO `cuenta_criterio_analisis` (`id`, `id_cuenta_id`, `id_criterio_analisis_id`, `orden`) VALUES (30, 18, 6, NULL);
INSERT INTO `cuenta_criterio_analisis` (`id`, `id_cuenta_id`, `id_criterio_analisis_id`, `orden`) VALUES (31, 19, 6, NULL);
INSERT INTO `cuenta_criterio_analisis` (`id`, `id_cuenta_id`, `id_criterio_analisis_id`, `orden`) VALUES (32, 20, 6, NULL);
INSERT INTO `cuenta_criterio_analisis` (`id`, `id_cuenta_id`, `id_criterio_analisis_id`, `orden`) VALUES (33, 21, 4, NULL);
INSERT INTO `cuenta_criterio_analisis` (`id`, `id_cuenta_id`, `id_criterio_analisis_id`, `orden`) VALUES (36, 23, 2, NULL);
INSERT INTO `cuenta_criterio_analisis` (`id`, `id_cuenta_id`, `id_criterio_analisis_id`, `orden`) VALUES (37, 24, 4, NULL);
INSERT INTO `cuenta_criterio_analisis` (`id`, `id_cuenta_id`, `id_criterio_analisis_id`, `orden`) VALUES (38, 25, 6, NULL);
INSERT INTO `cuenta_criterio_analisis` (`id`, `id_cuenta_id`, `id_criterio_analisis_id`, `orden`) VALUES (39, 26, 6, NULL);
INSERT INTO `cuenta_criterio_analisis` (`id`, `id_cuenta_id`, `id_criterio_analisis_id`, `orden`) VALUES (43, 35, 6, NULL);
INSERT INTO `cuenta_criterio_analisis` (`id`, `id_cuenta_id`, `id_criterio_analisis_id`, `orden`) VALUES (51, 36, 6, NULL);
INSERT INTO `cuenta_criterio_analisis` (`id`, `id_cuenta_id`, `id_criterio_analisis_id`, `orden`) VALUES (52, 37, 6, NULL);
INSERT INTO `cuenta_criterio_analisis` (`id`, `id_cuenta_id`, `id_criterio_analisis_id`, `orden`) VALUES (54, 39, 6, NULL);
INSERT INTO `cuenta_criterio_analisis` (`id`, `id_cuenta_id`, `id_criterio_analisis_id`, `orden`) VALUES (55, 40, 6, NULL);
INSERT INTO `cuenta_criterio_analisis` (`id`, `id_cuenta_id`, `id_criterio_analisis_id`, `orden`) VALUES (57, 43, 6, NULL);
INSERT INTO `cuenta_criterio_analisis` (`id`, `id_cuenta_id`, `id_criterio_analisis_id`, `orden`) VALUES (58, 44, 8, NULL);
INSERT INTO `cuenta_criterio_analisis` (`id`, `id_cuenta_id`, `id_criterio_analisis_id`, `orden`) VALUES (59, 45, 6, NULL);
INSERT INTO `cuenta_criterio_analisis` (`id`, `id_cuenta_id`, `id_criterio_analisis_id`, `orden`) VALUES (60, 46, 6, NULL);
INSERT INTO `cuenta_criterio_analisis` (`id`, `id_cuenta_id`, `id_criterio_analisis_id`, `orden`) VALUES (65, 48, 6, NULL);
INSERT INTO `cuenta_criterio_analisis` (`id`, `id_cuenta_id`, `id_criterio_analisis_id`, `orden`) VALUES (66, 50, 11, NULL);
INSERT INTO `cuenta_criterio_analisis` (`id`, `id_cuenta_id`, `id_criterio_analisis_id`, `orden`) VALUES (67, 51, 6, NULL);
INSERT INTO `cuenta_criterio_analisis` (`id`, `id_cuenta_id`, `id_criterio_analisis_id`, `orden`) VALUES (68, 52, 6, NULL);
INSERT INTO `cuenta_criterio_analisis` (`id`, `id_cuenta_id`, `id_criterio_analisis_id`, `orden`) VALUES (69, 55, 15, NULL);
INSERT INTO `cuenta_criterio_analisis` (`id`, `id_cuenta_id`, `id_criterio_analisis_id`, `orden`) VALUES (74, 15, 1, NULL);
INSERT INTO `cuenta_criterio_analisis` (`id`, `id_cuenta_id`, `id_criterio_analisis_id`, `orden`) VALUES (79, 27, 5, NULL);
INSERT INTO `cuenta_criterio_analisis` (`id`, `id_cuenta_id`, `id_criterio_analisis_id`, `orden`) VALUES (80, 28, 11, NULL);
INSERT INTO `cuenta_criterio_analisis` (`id`, `id_cuenta_id`, `id_criterio_analisis_id`, `orden`) VALUES (81, 29, 11, NULL);
INSERT INTO `cuenta_criterio_analisis` (`id`, `id_cuenta_id`, `id_criterio_analisis_id`, `orden`) VALUES (82, 30, 11, NULL);
INSERT INTO `cuenta_criterio_analisis` (`id`, `id_cuenta_id`, `id_criterio_analisis_id`, `orden`) VALUES (83, 31, 6, NULL);
INSERT INTO `cuenta_criterio_analisis` (`id`, `id_cuenta_id`, `id_criterio_analisis_id`, `orden`) VALUES (84, 31, 8, NULL);
INSERT INTO `cuenta_criterio_analisis` (`id`, `id_cuenta_id`, `id_criterio_analisis_id`, `orden`) VALUES (85, 56, 15, NULL);
INSERT INTO `cuenta_criterio_analisis` (`id`, `id_cuenta_id`, `id_criterio_analisis_id`, `orden`) VALUES (136, 61, 2, 1);
INSERT INTO `cuenta_criterio_analisis` (`id`, `id_cuenta_id`, `id_criterio_analisis_id`, `orden`) VALUES (137, 61, 1, 2);
INSERT INTO `cuenta_criterio_analisis` (`id`, `id_cuenta_id`, `id_criterio_analisis_id`, `orden`) VALUES (138, 63, 3, 1);
INSERT INTO `cuenta_criterio_analisis` (`id`, `id_cuenta_id`, `id_criterio_analisis_id`, `orden`) VALUES (139, 63, 10, 2);
INSERT INTO `cuenta_criterio_analisis` (`id`, `id_cuenta_id`, `id_criterio_analisis_id`, `orden`) VALUES (140, 63, 5, 3);
INSERT INTO `cuenta_criterio_analisis` (`id`, `id_cuenta_id`, `id_criterio_analisis_id`, `orden`) VALUES (141, 62, 2, 1);
INSERT INTO `cuenta_criterio_analisis` (`id`, `id_cuenta_id`, `id_criterio_analisis_id`, `orden`) VALUES (142, 62, 1, 2);
INSERT INTO `cuenta_criterio_analisis` (`id`, `id_cuenta_id`, `id_criterio_analisis_id`, `orden`) VALUES (148, 70, 3, 1);
INSERT INTO `cuenta_criterio_analisis` (`id`, `id_cuenta_id`, `id_criterio_analisis_id`, `orden`) VALUES (149, 70, 5, 2);
INSERT INTO `cuenta_criterio_analisis` (`id`, `id_cuenta_id`, `id_criterio_analisis_id`, `orden`) VALUES (155, 69, 3, 1);
INSERT INTO `cuenta_criterio_analisis` (`id`, `id_cuenta_id`, `id_criterio_analisis_id`, `orden`) VALUES (156, 69, 5, 2);
INSERT INTO `cuenta_criterio_analisis` (`id`, `id_cuenta_id`, `id_criterio_analisis_id`, `orden`) VALUES (160, 22, 12, 2);
INSERT INTO `cuenta_criterio_analisis` (`id`, `id_cuenta_id`, `id_criterio_analisis_id`, `orden`) VALUES (161, 22, 3, 3);
INSERT INTO `cuenta_criterio_analisis` (`id`, `id_cuenta_id`, `id_criterio_analisis_id`, `orden`) VALUES (162, 86, 6, 1);
INSERT INTO `cuenta_criterio_analisis` (`id`, `id_cuenta_id`, `id_criterio_analisis_id`, `orden`) VALUES (164, 42, 8, 1);
INSERT INTO `cuenta_criterio_analisis` (`id`, `id_cuenta_id`, `id_criterio_analisis_id`, `orden`) VALUES (165, 5, 6, 1);
INSERT INTO `cuenta_criterio_analisis` (`id`, `id_cuenta_id`, `id_criterio_analisis_id`, `orden`) VALUES (168, 64, 4, 1);
INSERT INTO `cuenta_criterio_analisis` (`id`, `id_cuenta_id`, `id_criterio_analisis_id`, `orden`) VALUES (169, 64, 5, 2);
INSERT INTO `cuenta_criterio_analisis` (`id`, `id_cuenta_id`, `id_criterio_analisis_id`, `orden`) VALUES (171, 38, 6, 1);
INSERT INTO `cuenta_criterio_analisis` (`id`, `id_cuenta_id`, `id_criterio_analisis_id`, `orden`) VALUES (172, 112, 6, 1);
INSERT INTO `elemento_gasto` (`id`, `codigo`, `descripcion`, `activo`) VALUES (1, '1001', 'Materiales de Oficina', 1);
INSERT INTO `elemento_gasto` (`id`, `codigo`, `descripcion`, `activo`) VALUES (2, '1002', 'Materiales y Productos de Aseo', 1);
INSERT INTO `elemento_gasto` (`id`, `codigo`, `descripcion`, `activo`) VALUES (3, '1003', 'Alimentos', 1);
INSERT INTO `elemento_gasto` (`id`, `codigo`, `descripcion`, `activo`) VALUES (4, '1004', 'Materiales de Limpieza', 1);
INSERT INTO `elemento_gasto` (`id`, `codigo`, `descripcion`, `activo`) VALUES (5, '1005', 'Desgaste de Utiles y Herramientas', 1);
INSERT INTO `elemento_gasto` (`id`, `codigo`, `descripcion`, `activo`) VALUES (6, '1006', 'Piezas de Repuestos', 1);
INSERT INTO `elemento_gasto` (`id`, `codigo`, `descripcion`, `activo`) VALUES (7, '1007', 'Otros Materiales', 1);
INSERT INTO `elemento_gasto` (`id`, `codigo`, `descripcion`, `activo`) VALUES (8, '3001', 'Gasolina', 1);
INSERT INTO `elemento_gasto` (`id`, `codigo`, `descripcion`, `activo`) VALUES (9, '3002', 'Diesel', 1);
INSERT INTO `elemento_gasto` (`id`, `codigo`, `descripcion`, `activo`) VALUES (10, '3003', 'Grasas y Lubricantes', 1);
INSERT INTO `elemento_gasto` (`id`, `codigo`, `descripcion`, `activo`) VALUES (11, '3004', 'Otros Combustibles', 1);
INSERT INTO `elemento_gasto` (`id`, `codigo`, `descripcion`, `activo`) VALUES (12, '4001', 'Energia Electrica', 1);
INSERT INTO `elemento_gasto` (`id`, `codigo`, `descripcion`, `activo`) VALUES (13, '5001', 'Gasto de Sueldo', 1);
INSERT INTO `elemento_gasto` (`id`, `codigo`, `descripcion`, `activo`) VALUES (14, '5002', 'Seguridad Social', 1);
INSERT INTO `elemento_gasto` (`id`, `codigo`, `descripcion`, `activo`) VALUES (15, '5003', 'Vacaciones', 1);
INSERT INTO `elemento_gasto` (`id`, `codigo`, `descripcion`, `activo`) VALUES (16, '6001', 'Impuestos Utilizacion Fuerza de Trabajo', 1);
INSERT INTO `elemento_gasto` (`id`, `codigo`, `descripcion`, `activo`) VALUES (17, '7001', 'Depreciacion de Activos Fijos', 1);
INSERT INTO `elemento_gasto` (`id`, `codigo`, `descripcion`, `activo`) VALUES (18, '7002', 'Amortizacion de Gastos Diferidos', 1);
INSERT INTO `elemento_gasto` (`id`, `codigo`, `descripcion`, `activo`) VALUES (19, '8001', 'Servicios de Reparacion y Mantenimiento', 1);
INSERT INTO `elemento_gasto` (`id`, `codigo`, `descripcion`, `activo`) VALUES (20, '8002', 'Servicios de Comunicaciones', 1);
INSERT INTO `elemento_gasto` (`id`, `codigo`, `descripcion`, `activo`) VALUES (21, '8003', 'Servicios de Transportacion', 1);
INSERT INTO `elemento_gasto` (`id`, `codigo`, `descripcion`, `activo`) VALUES (22, '8004', 'Viaticos', 1);
INSERT INTO `elemento_gasto` (`id`, `codigo`, `descripcion`, `activo`) VALUES (23, '8005', 'Otros Servicios', 1);
INSERT INTO `elemento_gasto` (`id`, `codigo`, `descripcion`, `activo`) VALUES (24, 'Traspasos de Gastos Indirectos', '9000', 1);
INSERT INTO `estado` (`id`, `nombre`, `orden`, `activo`, `color`) VALUES (1, 'Pendiente', 1, 1, '#DDDBDB');
INSERT INTO `estado` (`id`, `nombre`, `orden`, `activo`, `color`) VALUES (2, 'Asignada', 2, 1, '#0C2EC0');
INSERT INTO `estado` (`id`, `nombre`, `orden`, `activo`, `color`) VALUES (3, 'En Proceso', 3, 1, '#84C0F7');
INSERT INTO `estado` (`id`, `nombre`, `orden`, `activo`, `color`) VALUES (4, 'Distribución', 4, 1, '#18B437');
INSERT INTO `estado` (`id`, `nombre`, `orden`, `activo`, `color`) VALUES (5, 'Entregada', 5, 1, '#9A710A');
INSERT INTO `estado` (`id`, `nombre`, `orden`, `activo`, `color`) VALUES (6, 'Cancelada', 6, 1, '#F10000');
INSERT INTO `estado_solicitudes` (`id`, `nombre`, `activo`) VALUES (1, 'Registrada', 1);
INSERT INTO `estado_solicitudes` (`id`, `nombre`, `activo`) VALUES (2, 'Procesada', 1);
INSERT INTO `estado_solicitudes` (`id`, `nombre`, `activo`) VALUES (3, 'Pagada', 1);
INSERT INTO `estado_solicitudes` (`id`, `nombre`, `activo`) VALUES (4, 'Aceptada', 1);
INSERT INTO `moneda` (`id`, `nombre`, `activo`) VALUES (1, 'RD$', 1);
INSERT INTO `moneda` (`id`, `nombre`, `activo`) VALUES (2, 'USD', 1);
INSERT INTO `moneda` (`id`, `nombre`, `activo`) VALUES (3, 'EUR', 1);
INSERT INTO `rango_escala_dgii` (`id`, `anno`, `escala`, `por_ciento`, `minimo`, `maximo`, `activo`, `valor_fijo`) VALUES (2, 2021, 'Rentas hasta RD$416,220.00', 0, 0, 416220, 1, 0);
INSERT INTO `rango_escala_dgii` (`id`, `anno`, `escala`, `por_ciento`, `minimo`, `maximo`, `activo`, `valor_fijo`) VALUES (3, 2021, 'Rentas desde RD$416,220.01 hasta RD$624,329.00', 15, 416220.01, 624329, 1, 0);
INSERT INTO `rango_escala_dgii` (`id`, `anno`, `escala`, `por_ciento`, `minimo`, `maximo`, `activo`, `valor_fijo`) VALUES (4, 2021, 'Rentas desde RD$624329.01 hasta RD$867123.00', 20, 624329.01, 867123, 1, 31216);
INSERT INTO `rango_escala_dgii` (`id`, `anno`, `escala`, `por_ciento`, `minimo`, `maximo`, `activo`, `valor_fijo`) VALUES (5, 2021, 'Rentas desde  RD$867123.01 en adelante', 25, 867123.01, 10000000, 1, 79776);
INSERT INTO `rango_escala_dgii` (`id`, `anno`, `escala`, `por_ciento`, `minimo`, `maximo`, `activo`, `valor_fijo`) VALUES (6, 2022, 'Rentas hasta RD$416,220.00', 0, 0, 416220, 1, 0);
INSERT INTO `rango_escala_dgii` (`id`, `anno`, `escala`, `por_ciento`, `minimo`, `maximo`, `activo`, `valor_fijo`) VALUES (7, 2022, 'Rentas desde RD$416,220.01 hasta RD$624,329.00', 15, 416220.01, 624329, 1, 0);
INSERT INTO `rango_escala_dgii` (`id`, `anno`, `escala`, `por_ciento`, `minimo`, `maximo`, `activo`, `valor_fijo`) VALUES (8, 2022, 'Rentas desde RD$624329.01 hasta RD$867123.00', 20, 624329.01, 867123, 1, 31216);
INSERT INTO `rango_escala_dgii` (`id`, `anno`, `escala`, `por_ciento`, `minimo`, `maximo`, `activo`, `valor_fijo`) VALUES (9, 2022, 'Rentas desde  RD$867123.01 en adelante', 25, 867123.01, 100000000, 1, 79776);
INSERT INTO `subcuenta` (`id`, `id_cuenta_id`, `nro_subcuenta`, `elemento_gasto`, `descripcion`, `deudora`, `activo`, `bloqueado`) VALUES(1, 1, '0001', 0, 'Efectivo', 1, 1, 1);
INSERT INTO `subcuenta` (`id`, `id_cuenta_id`, `nro_subcuenta`, `elemento_gasto`, `descripcion`, `deudora`, `activo`, `bloqueado`) VALUES(2, 13, '00001', 0, 'En Almacen', 1, 1, 1);
INSERT INTO `subcuenta` (`id`, `id_cuenta_id`, `nro_subcuenta`, `elemento_gasto`, `descripcion`, `deudora`, `activo`, `bloqueado`) VALUES(3, 13, '0002', 0, 'En Uso', 1, 1, 1);
INSERT INTO `subcuenta` (`id`, `id_cuenta_id`, `nro_subcuenta`, `elemento_gasto`, `descripcion`, `deudora`, `activo`, `bloqueado`) VALUES(13, 25, '0100', 0, 'Compras del Periodo', 1, 1, 1);
INSERT INTO `subcuenta` (`id`, `id_cuenta_id`, `nro_subcuenta`, `elemento_gasto`, `descripcion`, `deudora`, `activo`, `bloqueado`) VALUES(14, 25, '0300', 0, 'Adquisicion del Periodo por Donaciones', 1, 1, 1);
INSERT INTO `subcuenta` (`id`, `id_cuenta_id`, `nro_subcuenta`, `elemento_gasto`, `descripcion`, `deudora`, `activo`, `bloqueado`) VALUES(15, 25, '0999', 0, 'Traspaso a Activos Fijos Tangibles', 0, 1, 1);
INSERT INTO `subcuenta` (`id`, `id_cuenta_id`, `nro_subcuenta`, `elemento_gasto`, `descripcion`, `deudora`, `activo`, `bloqueado`) VALUES(17, 9, '0001', 0, 'Impuesto sobre las ventas', 1, 1, 1);
INSERT INTO `subcuenta` (`id`, `id_cuenta_id`, `nro_subcuenta`, `elemento_gasto`, `descripcion`, `deudora`, `activo`, `bloqueado`) VALUES(18, 9, '0002', 0, 'Aranceles de Aduana', 1, 1, 1);
INSERT INTO `subcuenta` (`id`, `id_cuenta_id`, `nro_subcuenta`, `elemento_gasto`, `descripcion`, `deudora`, `activo`, `bloqueado`) VALUES(19, 9, '0004', 0, 'Impuesto sobre Utilidades', 1, 1, 1);
INSERT INTO `subcuenta` (`id`, `id_cuenta_id`, `nro_subcuenta`, `elemento_gasto`, `descripcion`, `deudora`, `activo`, `bloqueado`) VALUES(20, 26, '0100', 0, 'Compras del Periodo', 1, 1, 1);
INSERT INTO `subcuenta` (`id`, `id_cuenta_id`, `nro_subcuenta`, `elemento_gasto`, `descripcion`, `deudora`, `activo`, `bloqueado`) VALUES(21, 26, '0999', 0, 'Traspaso a activos fijos intangibles', 0, 1, 1);
INSERT INTO `subcuenta` (`id`, `id_cuenta_id`, `nro_subcuenta`, `elemento_gasto`, `descripcion`, `deudora`, `activo`, `bloqueado`) VALUES(22, 27, '0010', 0, 'Saldo al Incio', 1, 1, 1);
INSERT INTO `subcuenta` (`id`, `id_cuenta_id`, `nro_subcuenta`, `elemento_gasto`, `descripcion`, `deudora`, `activo`, `bloqueado`) VALUES(23, 27, '0020', 1, 'Gastos por Elementos del Periodo', 1, 1, 1);
INSERT INTO `subcuenta` (`id`, `id_cuenta_id`, `nro_subcuenta`, `elemento_gasto`, `descripcion`, `deudora`, `activo`, `bloqueado`) VALUES(24, 27, '0030', 0, 'Amortizacion de Gastos', 0, 1, 1);
INSERT INTO `subcuenta` (`id`, `id_cuenta_id`, `nro_subcuenta`, `elemento_gasto`, `descripcion`, `deudora`, `activo`, `bloqueado`) VALUES(25, 28, '0010', 0, 'Saldo al Inicio', 1, 1, 1);
INSERT INTO `subcuenta` (`id`, `id_cuenta_id`, `nro_subcuenta`, `elemento_gasto`, `descripcion`, `deudora`, `activo`, `bloqueado`) VALUES(26, 28, '0020', 0, 'Gastos del Periodo', 1, 1, 1);
INSERT INTO `subcuenta` (`id`, `id_cuenta_id`, `nro_subcuenta`, `elemento_gasto`, `descripcion`, `deudora`, `activo`, `bloqueado`) VALUES(27, 28, '0030', 0, 'Amortizacion de Gastos', 0, 1, 1);
INSERT INTO `subcuenta` (`id`, `id_cuenta_id`, `nro_subcuenta`, `elemento_gasto`, `descripcion`, `deudora`, `activo`, `bloqueado`) VALUES(28, 29, '0010', 0, 'Perdidas por Deterioros', 1, 1, 1);
INSERT INTO `subcuenta` (`id`, `id_cuenta_id`, `nro_subcuenta`, `elemento_gasto`, `descripcion`, `deudora`, `activo`, `bloqueado`) VALUES(29, 29, '0020', 0, 'Perdidas de Cuentas por Cobrar', 1, 1, 1);
INSERT INTO `subcuenta` (`id`, `id_cuenta_id`, `nro_subcuenta`, `elemento_gasto`, `descripcion`, `deudora`, `activo`, `bloqueado`) VALUES(30, 30, '0010', 0, 'Medios Monetarios', 1, 1, 1);
INSERT INTO `subcuenta` (`id`, `id_cuenta_id`, `nro_subcuenta`, `elemento_gasto`, `descripcion`, `deudora`, `activo`, `bloqueado`) VALUES(31, 30, '0020', 0, 'Medios  Materiales', 1, 1, 1);
INSERT INTO `subcuenta` (`id`, `id_cuenta_id`, `nro_subcuenta`, `elemento_gasto`, `descripcion`, `deudora`, `activo`, `bloqueado`) VALUES(32, 31, '0010', 0, 'Ventas a Entidades', 1, 1, 1);
INSERT INTO `subcuenta` (`id`, `id_cuenta_id`, `nro_subcuenta`, `elemento_gasto`, `descripcion`, `deudora`, `activo`, `bloqueado`) VALUES(33, 31, '0020', 0, 'Ventas a Trabajadores', 1, 1, 1);
INSERT INTO `subcuenta` (`id`, `id_cuenta_id`, `nro_subcuenta`, `elemento_gasto`, `descripcion`, `deudora`, `activo`, `bloqueado`) VALUES(34, 41, '0001', 0, 'Impuesto sobre Ventas', 0, 1, 1);
INSERT INTO `subcuenta` (`id`, `id_cuenta_id`, `nro_subcuenta`, `elemento_gasto`, `descripcion`, `deudora`, `activo`, `bloqueado`) VALUES(35, 41, '0003', 0, 'Aranceles de Aduana', 0, 1, 1);
INSERT INTO `subcuenta` (`id`, `id_cuenta_id`, `nro_subcuenta`, `elemento_gasto`, `descripcion`, `deudora`, `activo`, `bloqueado`) VALUES(36, 41, '0004', 0, 'Impuesto sobre Utilidades', 0, 1, 1);
INSERT INTO `subcuenta` (`id`, `id_cuenta_id`, `nro_subcuenta`, `elemento_gasto`, `descripcion`, `deudora`, `activo`, `bloqueado`) VALUES(37, 41, '0005', 0, 'Impuesto Sobre la Renta', 0, 1, 1);
INSERT INTO `subcuenta` (`id`, `id_cuenta_id`, `nro_subcuenta`, `elemento_gasto`, `descripcion`, `deudora`, `activo`, `bloqueado`) VALUES(38, 54, '0010', 0, 'Compra o Adquisición de Activos Fijos', 0, 1, 1);
INSERT INTO `subcuenta` (`id`, `id_cuenta_id`, `nro_subcuenta`, `elemento_gasto`, `descripcion`, `deudora`, `activo`, `bloqueado`) VALUES(39, 54, '0020', 0, 'Activos Fijos Intangibles', 0, 1, 1);
INSERT INTO `subcuenta` (`id`, `id_cuenta_id`, `nro_subcuenta`, `elemento_gasto`, `descripcion`, `deudora`, `activo`, `bloqueado`) VALUES(365, 54, '0030', 0, 'Recursos Monetarios', 0, 1, 1);
INSERT INTO `subcuenta` (`id`, `id_cuenta_id`, `nro_subcuenta`, `elemento_gasto`, `descripcion`, `deudora`, `activo`, `bloqueado`) VALUES(366, 54, '0040', 0, 'Recursos Materiales-Inventarios', 0, 1, 1);
INSERT INTO `subcuenta` (`id`, `id_cuenta_id`, `nro_subcuenta`, `elemento_gasto`, `descripcion`, `deudora`, `activo`, `bloqueado`) VALUES(137, 54, '0050', 0, 'Entrega o Baja de Activos Fijos', 1, 1, 1);
INSERT INTO `subcuenta` (`id`, `id_cuenta_id`, `nro_subcuenta`, `elemento_gasto`, `descripcion`, `deudora`, `activo`, `bloqueado`) VALUES(367, 144, '0010', 0, 'Compra o Adquisición de Activos Fijos', 0, 1, 1);
INSERT INTO `subcuenta` (`id`, `id_cuenta_id`, `nro_subcuenta`, `elemento_gasto`, `descripcion`, `deudora`, `activo`, `bloqueado`) VALUES(368, 144, '0020', 0, 'Activos Fijos Intangibles', 0, 1, 1);
INSERT INTO `subcuenta` (`id`, `id_cuenta_id`, `nro_subcuenta`, `elemento_gasto`, `descripcion`, `deudora`, `activo`, `bloqueado`) VALUES(245, 144, '0030', 0, 'Recursos Monetarios', 0, 1, 1);
INSERT INTO `subcuenta` (`id`, `id_cuenta_id`, `nro_subcuenta`, `elemento_gasto`, `descripcion`, `deudora`, `activo`, `bloqueado`) VALUES(369, 144, '0040', 0, 'Recursos Materiales-Inventarios', 0, 1, 1);
INSERT INTO `subcuenta` (`id`, `id_cuenta_id`, `nro_subcuenta`, `elemento_gasto`, `descripcion`, `deudora`, `activo`, `bloqueado`) VALUES(370, 144, '0050', 0, 'Entrega o Baja de Activos Fijos', 1, 1, 1);
INSERT INTO `subcuenta` (`id`, `id_cuenta_id`, `nro_subcuenta`, `elemento_gasto`, `descripcion`, `deudora`, `activo`, `bloqueado`) VALUES(371, 148, '0010', 0, 'Compra o Adquisición de Activos Fijos', 0, 1, 1);
INSERT INTO `subcuenta` (`id`, `id_cuenta_id`, `nro_subcuenta`, `elemento_gasto`, `descripcion`, `deudora`, `activo`, `bloqueado`) VALUES(372, 148, '0020', 0, 'Activos Fijos Intangibles', 0, 1, 1);
INSERT INTO `subcuenta` (`id`, `id_cuenta_id`, `nro_subcuenta`, `elemento_gasto`, `descripcion`, `deudora`, `activo`, `bloqueado`) VALUES(209, 148, '0030', 0, 'Recursos Monetarios', 0, 1, 1);
INSERT INTO `subcuenta` (`id`, `id_cuenta_id`, `nro_subcuenta`, `elemento_gasto`, `descripcion`, `deudora`, `activo`, `bloqueado`) VALUES(373, 148, '0040', 0, 'Recursos Materiales-Inventarios', 0, 1, 1);
INSERT INTO `subcuenta` (`id`, `id_cuenta_id`, `nro_subcuenta`, `elemento_gasto`, `descripcion`, `deudora`, `activo`, `bloqueado`) VALUES(374, 148, '0050', 0, 'Entrega o Baja de Activos Fijos', 1, 1, 1);
INSERT INTO `subcuenta` (`id`, `id_cuenta_id`, `nro_subcuenta`, `elemento_gasto`, `descripcion`, `deudora`, `activo`, `bloqueado`) VALUES(42, 47, '0010', 0, 'Prestamos Recibidos de Entidades', 0, 1, 1);
INSERT INTO `subcuenta` (`id`, `id_cuenta_id`, `nro_subcuenta`, `elemento_gasto`, `descripcion`, `deudora`, `activo`, `bloqueado`) VALUES(43, 47, '0020', 0, 'Prestamos Recibidos de Bancos', 0, 1, 1);
INSERT INTO `subcuenta` (`id`, `id_cuenta_id`, `nro_subcuenta`, `elemento_gasto`, `descripcion`, `deudora`, `activo`, `bloqueado`) VALUES(44, 61, '0010', 0, 'Transferencias entre Unidades', 1, 1, 1);
INSERT INTO `subcuenta` (`id`, `id_cuenta_id`, `nro_subcuenta`, `elemento_gasto`, `descripcion`, `deudora`, `activo`, `bloqueado`) VALUES(45, 61, '0020', 0, 'Transferencias entre Almacenes', 1, 1, 1);
INSERT INTO `subcuenta` (`id`, `id_cuenta_id`, `nro_subcuenta`, `elemento_gasto`, `descripcion`, `deudora`, `activo`, `bloqueado`) VALUES(46, 61, '0099', 0, 'Operaciones de Ajustes en Inventarios', 1, 1, 1);
INSERT INTO `subcuenta` (`id`, `id_cuenta_id`, `nro_subcuenta`, `elemento_gasto`, `descripcion`, `deudora`, `activo`, `bloqueado`) VALUES(47, 62, '0010', 0, 'Transferencias entre Unidades', 0, 1, 1);
INSERT INTO `subcuenta` (`id`, `id_cuenta_id`, `nro_subcuenta`, `elemento_gasto`, `descripcion`, `deudora`, `activo`, `bloqueado`) VALUES(48, 62, '0020', 0, 'Transferencias de Inventarios entre almacenes', 0, 1, 1);
INSERT INTO `subcuenta` (`id`, `id_cuenta_id`, `nro_subcuenta`, `elemento_gasto`, `descripcion`, `deudora`, `activo`, `bloqueado`) VALUES(49, 62, '0099', 0, 'Operaciones de Ajustes de Inventarios', 0, 1, 1);
INSERT INTO `subcuenta` (`id`, `id_cuenta_id`, `nro_subcuenta`, `elemento_gasto`, `descripcion`, `deudora`, `activo`, `bloqueado`) VALUES(50, 63, '0010', 0, 'Saldo Inicio', 1, 1, 1);
INSERT INTO `subcuenta` (`id`, `id_cuenta_id`, `nro_subcuenta`, `elemento_gasto`, `descripcion`, `deudora`, `activo`, `bloqueado`) VALUES(51, 63, '0020', 1, 'Gastos del Periodo', 1, 1, 1);
INSERT INTO `subcuenta` (`id`, `id_cuenta_id`, `nro_subcuenta`, `elemento_gasto`, `descripcion`, `deudora`, `activo`, `bloqueado`) VALUES(52, 63, '0030', 0, 'Aumentos', 1, 1, 1);
INSERT INTO `subcuenta` (`id`, `id_cuenta_id`, `nro_subcuenta`, `elemento_gasto`, `descripcion`, `deudora`, `activo`, `bloqueado`) VALUES(53, 63, '0040', 0, 'Disminuciones', 0, 1, 1);
INSERT INTO `subcuenta` (`id`, `id_cuenta_id`, `nro_subcuenta`, `elemento_gasto`, `descripcion`, `deudora`, `activo`, `bloqueado`) VALUES(54, 63, '0050', 0, 'Traspaso a Produccion Terminada', 0, 1, 1);
INSERT INTO `subcuenta` (`id`, `id_cuenta_id`, `nro_subcuenta`, `elemento_gasto`, `descripcion`, `deudora`, `activo`, `bloqueado`) VALUES(55, 64, '0010', 0, 'Con Terceros', 1, 1, 1);
INSERT INTO `subcuenta` (`id`, `id_cuenta_id`, `nro_subcuenta`, `elemento_gasto`, `descripcion`, `deudora`, `activo`, `bloqueado`) VALUES(56, 64, '0020', 1, 'Con Medios Propios', 1, 1, 1);
INSERT INTO `subcuenta` (`id`, `id_cuenta_id`, `nro_subcuenta`, `elemento_gasto`, `descripcion`, `deudora`, `activo`, `bloqueado`) VALUES(57, 65, '0010', 0, 'Produccion', 1, 1, 1);
INSERT INTO `subcuenta` (`id`, `id_cuenta_id`, `nro_subcuenta`, `elemento_gasto`, `descripcion`, `deudora`, `activo`, `bloqueado`) VALUES(58, 65, '0020', 0, 'Mercancias', 1, 1, 1);
INSERT INTO `subcuenta` (`id`, `id_cuenta_id`, `nro_subcuenta`, `elemento_gasto`, `descripcion`, `deudora`, `activo`, `bloqueado`) VALUES(63, 36, '0010', 0, 'Proveedores Principales', 0, 1, 1);
INSERT INTO `subcuenta` (`id`, `id_cuenta_id`, `nro_subcuenta`, `elemento_gasto`, `descripcion`, `deudora`, `activo`, `bloqueado`) VALUES(64, 36, '0020', 0, 'Otros Proveedores', 0, 1, 1);
INSERT INTO `subcuenta` (`id`, `id_cuenta_id`, `nro_subcuenta`, `elemento_gasto`, `descripcion`, `deudora`, `activo`, `bloqueado`) VALUES(69, 50, '0010', 0, 'Medios Monetarios', 0, 1, 1);
INSERT INTO `subcuenta` (`id`, `id_cuenta_id`, `nro_subcuenta`, `elemento_gasto`, `descripcion`, `deudora`, `activo`, `bloqueado`) VALUES(70, 50, '0020', 0, 'Recursos Materiales', 0, 1, 1);
INSERT INTO `subcuenta` (`id`, `id_cuenta_id`, `nro_subcuenta`, `elemento_gasto`, `descripcion`, `deudora`, `activo`, `bloqueado`) VALUES(71, 8, '0030', 0, 'Clientes Externos', 1, 1, 1);
INSERT INTO `subcuenta` (`id`, `id_cuenta_id`, `nro_subcuenta`, `elemento_gasto`, `descripcion`, `deudora`, `activo`, `bloqueado`) VALUES(72, 8, '0010', 0, 'Personas Naturales', 1, 1, 1);
INSERT INTO `subcuenta` (`id`, `id_cuenta_id`, `nro_subcuenta`, `elemento_gasto`, `descripcion`, `deudora`, `activo`, `bloqueado`) VALUES(92, 66, '0010', 0, 'Mercancias', 1, 1, 1);
INSERT INTO `subcuenta` (`id`, `id_cuenta_id`, `nro_subcuenta`, `elemento_gasto`, `descripcion`, `deudora`, `activo`, `bloqueado`) VALUES(93, 66, '0020', 0, 'Produccion', 1, 1, 1);
INSERT INTO `subcuenta` (`id`, `id_cuenta_id`, `nro_subcuenta`, `elemento_gasto`, `descripcion`, `deudora`, `activo`, `bloqueado`) VALUES(95, 70, '0010', 1, 'Ventas', 1, 1, 1);
INSERT INTO `subcuenta` (`id`, `id_cuenta_id`, `nro_subcuenta`, `elemento_gasto`, `descripcion`, `deudora`, `activo`, `bloqueado`) VALUES(96, 70, '0020', 1, 'Distribucion', 1, 1, 1);
INSERT INTO `subcuenta` (`id`, `id_cuenta_id`, `nro_subcuenta`, `elemento_gasto`, `descripcion`, `deudora`, `activo`, `bloqueado`) VALUES(97, 69, '0010', 1, 'Gastos de Administración', 1, 1, 1);
INSERT INTO `subcuenta` (`id`, `id_cuenta_id`, `nro_subcuenta`, `elemento_gasto`, `descripcion`, `deudora`, `activo`, `bloqueado`) VALUES(104, 8, '0020', 0, 'Clientes Internos', 1, 1, 1);
INSERT INTO `subcuenta` (`id`, `id_cuenta_id`, `nro_subcuenta`, `elemento_gasto`, `descripcion`, `deudora`, `activo`, `bloqueado`) VALUES(134, 33, '0010', 0, 'Depreciacion de Activos Fijos Tangibles', 0, 1, 1);
INSERT INTO `subcuenta` (`id`, `id_cuenta_id`, `nro_subcuenta`, `elemento_gasto`, `descripcion`, `deudora`, `activo`, `bloqueado`) VALUES(135, 80, '0010', 0, 'Otros ingresos', 1, 1, 1);
INSERT INTO `subcuenta` (`id`, `id_cuenta_id`, `nro_subcuenta`, `elemento_gasto`, `descripcion`, `deudora`, `activo`, `bloqueado`) VALUES(136, 85, '0010', 0, 'Compra de Activo Fijo', 0, 1, 1);
INSERT INTO `subcuenta` (`id`, `id_cuenta_id`, `nro_subcuenta`, `elemento_gasto`, `descripcion`, `deudora`, `activo`, `bloqueado`) VALUES(138, 22, '0010', 0, 'Activo Fijos', 1, 1, 1);
INSERT INTO `subcuenta` (`id`, `id_cuenta_id`, `nro_subcuenta`, `elemento_gasto`, `descripcion`, `deudora`, `activo`, `bloqueado`) VALUES(139, 74, '0010', 0, 'Gastos de ARS Patrimonial', 1, 1, 1);
INSERT INTO `subcuenta` (`id`, `id_cuenta_id`, `nro_subcuenta`, `elemento_gasto`, `descripcion`, `deudora`, `activo`, `bloqueado`) VALUES(140, 74, '0020', 0, 'Gastos AFP Patrimonial', 1, 1, 1);
INSERT INTO `subcuenta` (`id`, `id_cuenta_id`, `nro_subcuenta`, `elemento_gasto`, `descripcion`, `deudora`, `activo`, `bloqueado`) VALUES(141, 74, '0030', 0, 'Gastos  SRL-1.1%', 1, 1, 1);
INSERT INTO `subcuenta` (`id`, `id_cuenta_id`, `nro_subcuenta`, `elemento_gasto`, `descripcion`, `deudora`, `activo`, `bloqueado`) VALUES(142, 74, '0040', 0, 'Gastos Infotep-1%', 1, 1, 1);
INSERT INTO `subcuenta` (`id`, `id_cuenta_id`, `nro_subcuenta`, `elemento_gasto`, `descripcion`, `deudora`, `activo`, `bloqueado`) VALUES(143, 41, '0006', 0, 'ARS por Pagar', 0, 1, 1);
INSERT INTO `subcuenta` (`id`, `id_cuenta_id`, `nro_subcuenta`, `elemento_gasto`, `descripcion`, `deudora`, `activo`, `bloqueado`) VALUES(144, 41, '0007', 0, 'AFP por Pagar', 0, 1, 1);
INSERT INTO `subcuenta` (`id`, `id_cuenta_id`, `nro_subcuenta`, `elemento_gasto`, `descripcion`, `deudora`, `activo`, `bloqueado`) VALUES(145, 41, '0008', 0, 'Cooperativa por Pagar', 0, 1, 1);
INSERT INTO `subcuenta` (`id`, `id_cuenta_id`, `nro_subcuenta`, `elemento_gasto`, `descripcion`, `deudora`, `activo`, `bloqueado`) VALUES(146, 41, '0009', 0, 'Plan Médico Adicional  por Pagar', 0, 1, 1);
INSERT INTO `subcuenta` (`id`, `id_cuenta_id`, `nro_subcuenta`, `elemento_gasto`, `descripcion`, `deudora`, `activo`, `bloqueado`) VALUES(147, 41, '0010', 0, 'Restaurant por Pagar', 0, 1, 1);
INSERT INTO `subcuenta` (`id`, `id_cuenta_id`, `nro_subcuenta`, `elemento_gasto`, `descripcion`, `deudora`, `activo`, `bloqueado`) VALUES(148, 41, '0011', 0, 'ARS Patrimonial por Pagar', 0, 1, 1);
INSERT INTO `subcuenta` (`id`, `id_cuenta_id`, `nro_subcuenta`, `elemento_gasto`, `descripcion`, `deudora`, `activo`, `bloqueado`) VALUES(149, 41, '0012', 0, 'AFP Patrimonial por Pagar', 0, 1, 1);
INSERT INTO `subcuenta` (`id`, `id_cuenta_id`, `nro_subcuenta`, `elemento_gasto`, `descripcion`, `deudora`, `activo`, `bloqueado`) VALUES(150, 41, '0013', 0, 'SRL-1.1% por Pagar', 0, 1, 1);
INSERT INTO `subcuenta` (`id`, `id_cuenta_id`, `nro_subcuenta`, `elemento_gasto`, `descripcion`, `deudora`, `activo`, `bloqueado`) VALUES(151, 41, '0014', 0, 'Infotep-1.1% por Pagar', 0, 1, 1);
INSERT INTO `subcuenta` (`id`, `id_cuenta_id`, `nro_subcuenta`, `elemento_gasto`, `descripcion`, `deudora`, `activo`, `bloqueado`) VALUES(152, 42, '0010', 0, 'Nominas por Pagar', 0, 1, 1);
INSERT INTO `subcuenta` (`id`, `id_cuenta_id`, `nro_subcuenta`, `elemento_gasto`, `descripcion`, `deudora`, `activo`, `bloqueado`) VALUES(167, 39, '0010', 0, 'Cobros Anticipados', 0, 1, 1);
INSERT INTO `subcuenta` (`id`, `id_cuenta_id`, `nro_subcuenta`, `elemento_gasto`, `descripcion`, `deudora`, `activo`, `bloqueado`) VALUES(168, 66, '0030', 0, 'Servicios', 1, 1, 1);
INSERT INTO `subcuenta` (`id`, `id_cuenta_id`, `nro_subcuenta`, `elemento_gasto`, `descripcion`, `deudora`, `activo`, `bloqueado`) VALUES(175, 37, '0010', 0, 'Proveedores Principales', 0, 1, 1);
INSERT INTO `subcuenta` (`id`, `id_cuenta_id`, `nro_subcuenta`, `elemento_gasto`, `descripcion`, `deudora`, `activo`, `bloqueado`) VALUES(176, 5, '0010', 0, 'Prestamos y otras operaciones crediticias', 1, 1, 1);
INSERT INTO `subcuenta` (`id`, `id_cuenta_id`, `nro_subcuenta`, `elemento_gasto`, `descripcion`, `deudora`, `activo`, `bloqueado`) VALUES(188, 38, '0001', 0, 'Servicios comprados', 0, 1, 1);
INSERT INTO `subcuenta` (`id`, `id_cuenta_id`, `nro_subcuenta`, `elemento_gasto`, `descripcion`, `deudora`, `activo`, `bloqueado`) VALUES(275, 112, '0010', 0, 'Gastos acumulados por pagar', 0, 1, 1);
INSERT INTO `subcuenta` (`id`, `id_cuenta_id`, `nro_subcuenta`, `elemento_gasto`, `descripcion`, `deudora`, `activo`, `bloqueado`) VALUES(298, 15, '0000', 0, 'Subcuenta de tránsito', 1, 1, 1);
INSERT INTO `subcuenta` (`id`, `id_cuenta_id`, `nro_subcuenta`, `elemento_gasto`, `descripcion`, `deudora`, `activo`, `bloqueado`) VALUES(299, 14, '0000', 0, 'Subcuenta de tránsito', 1, 1, 1);
INSERT INTO `subcuenta` (`id`, `id_cuenta_id`, `nro_subcuenta`, `elemento_gasto`, `descripcion`, `deudora`, `activo`, `bloqueado`) VALUES(300, 10, '0000', 0, 'Subcuenta de tránsito', 1, 1, 1);
INSERT INTO `subcuenta` (`id`, `id_cuenta_id`, `nro_subcuenta`, `elemento_gasto`, `descripcion`, `deudora`, `activo`, `bloqueado`) VALUES(305, 67, '0000', 0, 'Subcuenta de tránsito', 1, 1, 1);
INSERT INTO `subcuenta` (`id`, `id_cuenta_id`, `nro_subcuenta`, `elemento_gasto`, `descripcion`, `deudora`, `activo`, `bloqueado`) VALUES(306, 76, '0000', 0, 'Subcuenta de tránsito', 0, 1, 1);
INSERT INTO `subcuenta` (`id`, `id_cuenta_id`, `nro_subcuenta`, `elemento_gasto`, `descripcion`, `deudora`, `activo`, `bloqueado`) VALUES(307, 75, '0000', 0, 'Subcuenta de tránsito', 0, 1, 1);
INSERT INTO `subcuenta` (`id`, `id_cuenta_id`, `nro_subcuenta`, `elemento_gasto`, `descripcion`, `deudora`, `activo`, `bloqueado`) VALUES(330, 7, '0010', 0, 'Anticipos de salario', 1, 1, 1);
INSERT INTO `subcuenta` (`id`, `id_cuenta_id`, `nro_subcuenta`, `elemento_gasto`, `descripcion`, `deudora`, `activo`, `bloqueado`) VALUES(355, 141, '0001', 0, 'Efectivo', 1, 1,1);
INSERT INTO `subcuenta` (`id`, `id_cuenta_id`, `nro_subcuenta`, `elemento_gasto`, `descripcion`, `deudora`, `activo`, `bloqueado`) VALUES(357, 142, '0010', 0, 'Ingreso a justificar', 0, 1,1);
INSERT INTO `subcuenta` (`id`, `id_cuenta_id`, `nro_subcuenta`, `elemento_gasto`, `descripcion`, `deudora`, `activo`, `bloqueado`) VALUES(358, 142, '0020', 0, 'Gastos a justificar', 1, 1,1);
INSERT INTO `subcuenta` (`id`, `id_cuenta_id`, `nro_subcuenta`, `elemento_gasto`, `descripcion`, `deudora`, `activo`, `bloqueado`) VALUES(359, 134, '0010', 0, 'Ingreso a justificar', 0, 1,1);
INSERT INTO `subcuenta` (`id`, `id_cuenta_id`, `nro_subcuenta`, `elemento_gasto`, `descripcion`, `deudora`, `activo`, `bloqueado`) VALUES(360, 134, '0020', 0, 'Gastos a justificar', 1, 1,1);
INSERT INTO `subcuenta` (`id`, `id_cuenta_id`, `nro_subcuenta`, `elemento_gasto`, `descripcion`, `deudora`, `activo`, `bloqueado`) VALUES(361, 145, '0001', 0, 'Efectivo', 1, 1,1);
INSERT INTO `subcuenta` (`id`, `id_cuenta_id`, `nro_subcuenta`, `elemento_gasto`, `descripcion`, `deudora`, `activo`, `bloqueado`) VALUES(363, 146, '0010', 0, 'Ingreso a justificar', 0, 1,1);
INSERT INTO `subcuenta` (`id`, `id_cuenta_id`, `nro_subcuenta`, `elemento_gasto`, `descripcion`, `deudora`, `activo`, `bloqueado`) VALUES(364, 146, '0020', 0, 'Gastos a justificar', 1, 1,1);
INSERT INTO `subcuenta_criterio_analisis` (`id`, `id_subcuenta_id`, `id_criterio_analisis_id`) VALUES(5, 22, 11);
INSERT INTO `subcuenta_criterio_analisis` (`id`, `id_subcuenta_id`, `id_criterio_analisis_id`) VALUES(7, 24, 11);
INSERT INTO `subcuenta_criterio_analisis` (`id`, `id_subcuenta_id`, `id_criterio_analisis_id`) VALUES(8, 27, 11);
INSERT INTO `subcuenta_criterio_analisis` (`id`, `id_subcuenta_id`, `id_criterio_analisis_id`) VALUES(9, 25, 11);
INSERT INTO `subcuenta_criterio_analisis` (`id`, `id_subcuenta_id`, `id_criterio_analisis_id`) VALUES(10, 26, 11);
INSERT INTO `subcuenta_criterio_analisis` (`id`, `id_subcuenta_id`, `id_criterio_analisis_id`) VALUES(11, 28, 11);
INSERT INTO `subcuenta_criterio_analisis` (`id`, `id_subcuenta_id`, `id_criterio_analisis_id`) VALUES(12, 29, 11);
INSERT INTO `subcuenta_criterio_analisis` (`id`, `id_subcuenta_id`, `id_criterio_analisis_id`) VALUES(13, 30, 11);
INSERT INTO `subcuenta_criterio_analisis` (`id`, `id_subcuenta_id`, `id_criterio_analisis_id`) VALUES(14, 31, 11);
INSERT INTO `subcuenta_criterio_analisis` (`id`, `id_subcuenta_id`, `id_criterio_analisis_id`) VALUES(15, 32, 6);
INSERT INTO `subcuenta_criterio_analisis` (`id`, `id_subcuenta_id`, `id_criterio_analisis_id`) VALUES(16, 33, 8);
INSERT INTO `subcuenta_criterio_analisis` (`id`, `id_subcuenta_id`, `id_criterio_analisis_id`) VALUES(17, 23, 11);
INSERT INTO `subcuenta_criterio_analisis` (`id`, `id_subcuenta_id`, `id_criterio_analisis_id`) VALUES(24, 42, 6);
INSERT INTO `subcuenta_criterio_analisis` (`id`, `id_subcuenta_id`, `id_criterio_analisis_id`) VALUES(25, 43, 14);
INSERT INTO `subcuenta_criterio_analisis` (`id`, `id_subcuenta_id`, `id_criterio_analisis_id`) VALUES(27, 45, 1);
INSERT INTO `subcuenta_criterio_analisis` (`id`, `id_subcuenta_id`, `id_criterio_analisis_id`) VALUES(28, 46, 1);
INSERT INTO `subcuenta_criterio_analisis` (`id`, `id_subcuenta_id`, `id_criterio_analisis_id`) VALUES(29, 47, 2);
INSERT INTO `subcuenta_criterio_analisis` (`id`, `id_subcuenta_id`, `id_criterio_analisis_id`) VALUES(30, 48, 1);
INSERT INTO `subcuenta_criterio_analisis` (`id`, `id_subcuenta_id`, `id_criterio_analisis_id`) VALUES(31, 49, 1);
INSERT INTO `subcuenta_criterio_analisis` (`id`, `id_subcuenta_id`, `id_criterio_analisis_id`) VALUES(38, 52, 11);
INSERT INTO `subcuenta_criterio_analisis` (`id`, `id_subcuenta_id`, `id_criterio_analisis_id`) VALUES(39, 53, 11);
INSERT INTO `subcuenta_criterio_analisis` (`id`, `id_subcuenta_id`, `id_criterio_analisis_id`) VALUES(41, 55, 4);
INSERT INTO `subcuenta_criterio_analisis` (`id`, `id_subcuenta_id`, `id_criterio_analisis_id`) VALUES(42, 55, 6);
INSERT INTO `subcuenta_criterio_analisis` (`id`, `id_subcuenta_id`, `id_criterio_analisis_id`) VALUES(43, 56, 4);
INSERT INTO `subcuenta_criterio_analisis` (`id`, `id_subcuenta_id`, `id_criterio_analisis_id`) VALUES(50, 63, 6);
INSERT INTO `subcuenta_criterio_analisis` (`id`, `id_subcuenta_id`, `id_criterio_analisis_id`) VALUES(51, 64, 6);
INSERT INTO `subcuenta_criterio_analisis` (`id`, `id_subcuenta_id`, `id_criterio_analisis_id`) VALUES(58, 50, 3);
INSERT INTO `subcuenta_criterio_analisis` (`id`, `id_subcuenta_id`, `id_criterio_analisis_id`) VALUES(59, 50, 10);
INSERT INTO `subcuenta_criterio_analisis` (`id`, `id_subcuenta_id`, `id_criterio_analisis_id`) VALUES(64, 69, 11);
INSERT INTO `subcuenta_criterio_analisis` (`id`, `id_subcuenta_id`, `id_criterio_analisis_id`) VALUES(65, 70, 11);
INSERT INTO `subcuenta_criterio_analisis` (`id`, `id_subcuenta_id`, `id_criterio_analisis_id`) VALUES(66, 51, 3);
INSERT INTO `subcuenta_criterio_analisis` (`id`, `id_subcuenta_id`, `id_criterio_analisis_id`) VALUES(67, 51, 5);
INSERT INTO `subcuenta_criterio_analisis` (`id`, `id_subcuenta_id`, `id_criterio_analisis_id`) VALUES(68, 51, 10);
INSERT INTO `subcuenta_criterio_analisis` (`id`, `id_subcuenta_id`, `id_criterio_analisis_id`) VALUES(69, 54, 3);
INSERT INTO `subcuenta_criterio_analisis` (`id`, `id_subcuenta_id`, `id_criterio_analisis_id`) VALUES(70, 54, 10);
INSERT INTO `subcuenta_criterio_analisis` (`id`, `id_subcuenta_id`, `id_criterio_analisis_id`) VALUES(73, 95, 3);
INSERT INTO `subcuenta_criterio_analisis` (`id`, `id_subcuenta_id`, `id_criterio_analisis_id`) VALUES(74, 95, 5);
INSERT INTO `subcuenta_criterio_analisis` (`id`, `id_subcuenta_id`, `id_criterio_analisis_id`) VALUES(75, 96, 3);
INSERT INTO `subcuenta_criterio_analisis` (`id`, `id_subcuenta_id`, `id_criterio_analisis_id`) VALUES(76, 96, 5);
INSERT INTO `subcuenta_criterio_analisis` (`id`, `id_subcuenta_id`, `id_criterio_analisis_id`) VALUES(77, 97, 3);
INSERT INTO `subcuenta_criterio_analisis` (`id`, `id_subcuenta_id`, `id_criterio_analisis_id`) VALUES(78, 97, 5);
INSERT INTO `subcuenta_criterio_analisis` (`id`, `id_subcuenta_id`, `id_criterio_analisis_id`) VALUES(81, 72, 6);
INSERT INTO `subcuenta_criterio_analisis` (`id`, `id_subcuenta_id`, `id_criterio_analisis_id`) VALUES(82, 104, 6);
INSERT INTO `subcuenta_criterio_analisis` (`id`, `id_subcuenta_id`, `id_criterio_analisis_id`) VALUES(83, 71, 6);
INSERT INTO `subcuenta_criterio_analisis` (`id`, `id_subcuenta_id`, `id_criterio_analisis_id`) VALUES(103, 175, 6);
INSERT INTO `subcuenta_criterio_analisis` (`id`, `id_subcuenta_id`, `id_criterio_analisis_id`) VALUES(104, 176, 6);
INSERT INTO `subcuenta_criterio_analisis` (`id`, `id_subcuenta_id`, `id_criterio_analisis_id`) VALUES(105, 176, 8);
INSERT INTO `subcuenta_criterio_analisis` (`id`, `id_subcuenta_id`, `id_criterio_analisis_id`) VALUES(161, 275, 6);
INSERT INTO `subcuenta_criterio_analisis` (`id`, `id_subcuenta_id`, `id_criterio_analisis_id`) VALUES(162, 44, 2);
INSERT INTO `subcuenta_criterio_analisis` (`id`, `id_subcuenta_id`, `id_criterio_analisis_id`) VALUES(163, 298, 1);
INSERT INTO `subcuenta_criterio_analisis` (`id`, `id_subcuenta_id`, `id_criterio_analisis_id`) VALUES(164, 299, 1);
INSERT INTO `subcuenta_criterio_analisis` (`id`, `id_subcuenta_id`, `id_criterio_analisis_id`) VALUES(169, 300, 1);
INSERT INTO `subcuenta_criterio_analisis` (`id`, `id_subcuenta_id`, `id_criterio_analisis_id`) VALUES(173, 330, 8);
INSERT INTO `tipo_comprobante` (`id`, `descripcion`, `activo`, `abreviatura`) VALUES (1, 'COMPROBANTE DE APERTURA', 1, 'AP');
INSERT INTO `tipo_comprobante` (`id`, `descripcion`, `activo`, `abreviatura`) VALUES (2, 'COMPROBANTE DE OPERACIONES', 1, '00');
INSERT INTO `tipo_movimiento` (`id`, `descripcion`, `activo`, `codigo`) VALUES (1, 'APERTURA', 1, 'AP');
INSERT INTO `tipo_movimiento` (`id`, `descripcion`, `activo`, `codigo`) VALUES (2, 'COMPRA', 1, 'A');
INSERT INTO `tipo_movimiento` (`id`, `descripcion`, `activo`, `codigo`) VALUES (3, 'TRASLADO INTERNO', 1, 'TI');
INSERT INTO `tipo_movimiento` (`id`, `descripcion`, `activo`, `codigo`) VALUES (4, 'TRASLADOS ENVIADOS', 1, 'TE');
INSERT INTO `tipo_movimiento` (`id`, `descripcion`, `activo`, `codigo`) VALUES (5, 'TRASLADOS RECIBIDOS', 1, 'TR');
INSERT INTO `tipo_movimiento` (`id`, `descripcion`, `activo`, `codigo`) VALUES (6, 'BAJAS DE ACTIVOS', 1, 'BA');
INSERT INTO `tipo_movimiento` (`id`, `descripcion`, `activo`, `codigo`) VALUES (7, 'VENTA DE ACTIVOS', 1, 'VA');
INSERT INTO `tipo_documento` (`id`, `nombre`, `activo`) VALUES (1, 'INFORME DE RECECIÓN MERCANCIA', 1);
INSERT INTO `tipo_documento` (`id`, `nombre`, `activo`) VALUES (2, 'INFORME DE RECECIÓN PRODUCTO', 1);
INSERT INTO `tipo_documento` (`id`, `nombre`, `activo`) VALUES (3, 'AJUSTE DE ENTRADA', 1);
INSERT INTO `tipo_documento` (`id`, `nombre`, `activo`) VALUES (4, 'AJUSTE DE SALIDA', 1);
INSERT INTO `tipo_documento` (`id`, `nombre`, `activo`) VALUES (5, 'TRANSFERENCIA DE ENTRADA', 1);
INSERT INTO `tipo_documento` (`id`, `nombre`, `activo`) VALUES (6, 'TRANSFERENCIA DE SALIDA', 1);
INSERT INTO `tipo_documento` (`id`, `nombre`, `activo`) VALUES (7, 'VALE DE SALIDA MERCANCIA', 1);
INSERT INTO `tipo_documento` (`id`, `nombre`, `activo`) VALUES (8, 'VALE DE SALIDA PRODUCTO', 0);
INSERT INTO `tipo_documento` (`id`, `nombre`, `activo`) VALUES (9, 'DEVOLUCION', 1);
INSERT INTO `tipo_documento` (`id`, `nombre`, `activo`) VALUES (10, 'VENTA', 1);
INSERT INTO `tipo_documento` (`id`, `nombre`, `activo`) VALUES (11, 'DEVOLUCION VENTA', 1);
INSERT INTO `tipo_documento` (`id`, `nombre`, `activo`) VALUES (12, 'APERTURA', 1);
INSERT INTO `tipo_documento` (`id`, `nombre`, `activo`) VALUES (13, 'APERTURA PRODUCTO', 1);
INSERT INTO `tipo_movimiento` (`id`, `descripcion`, `activo`, `codigo`) VALUES (1, 'APERTURA', 1, 'AP');
INSERT INTO `tipo_movimiento` (`id`, `descripcion`, `activo`, `codigo`) VALUES (2, 'COMPRA', 1, 'A');
INSERT INTO `tipo_movimiento` (`id`, `descripcion`, `activo`, `codigo`) VALUES (3, 'TRASLADO INTERNO', 1, 'TI');
INSERT INTO `tipo_movimiento` (`id`, `descripcion`, `activo`, `codigo`) VALUES (4, 'TRASLADOS ENVIADOS', 1, 'TE');
INSERT INTO `tipo_movimiento` (`id`, `descripcion`, `activo`, `codigo`) VALUES (5, 'TRASLADOS RECIBIDOS', 1, 'TR');
INSERT INTO `tipo_movimiento` (`id`, `descripcion`, `activo`, `codigo`) VALUES (6, 'BAJAS DE ACTIVOS', 1, 'BA');
INSERT INTO `tipo_movimiento` (`id`, `descripcion`, `activo`, `codigo`) VALUES (7, 'VENTA DE ACTIVOS', 1, 'VA');
INSERT INTO `unidad_medida` (`id`, `nombre`, `abreviatura`, `activo`) VALUES (1, 'Centímetro', 'cm', 1);
INSERT INTO `unidad_medida` (`id`, `nombre`, `abreviatura`, `activo`) VALUES (2, 'Metro', 'm', 1);
INSERT INTO `unidad_medida` (`id`, `nombre`, `abreviatura`, `activo`) VALUES (3, 'Milímetro', 'mm', 1);
INSERT INTO `unidad_medida` (`id`, `nombre`, `abreviatura`, `activo`) VALUES (4, 'Kilómetro', 'km', 1);
INSERT INTO `unidad_medida` (`id`, `nombre`, `abreviatura`, `activo`) VALUES (5, 'Gramo', 'g', 1);
INSERT INTO `unidad_medida` (`id`, `nombre`, `abreviatura`, `activo`) VALUES (6, 'Miligramo', 'mg', 1);
INSERT INTO `unidad_medida` (`id`, `nombre`, `abreviatura`, `activo`) VALUES (7, 'Libra', 'lb', 1);
INSERT INTO `unidad_medida` (`id`, `nombre`, `abreviatura`, `activo`) VALUES (8, 'Kilogramo', 'kg', 1);
INSERT INTO `unidad_medida` (`id`, `nombre`, `abreviatura`, `activo`) VALUES (9, 'Mililitro', 'ml', 1);
INSERT INTO `unidad_medida` (`id`, `nombre`, `abreviatura`, `activo`) VALUES (10, 'Litro', 'l', 1);
INSERT INTO `unidad_medida` (`id`, `nombre`, `abreviatura`, `activo`) VALUES (11, 'Metro cuadrado', 'm²', 1);
INSERT INTO `unidad_medida` (`id`, `nombre`, `abreviatura`, `activo`) VALUES (12, 'Metro cúbico', 'm³', 1);
INSERT INTO `unidad_medida` (`id`, `nombre`, `abreviatura`, `activo`) VALUES (13, 'Unidad', 'u', 1);
INSERT INTO `unidad_medida` (`id`, `nombre`, `abreviatura`, `activo`) VALUES (14, 'Blister', 'Blister', 1);
INSERT INTO `termino_pago` (`id`, `nombre`) VALUES(1, 'De contado');
INSERT INTO `termino_pago` (`id`, `nombre`) VALUES(2, 'A 7 días');
INSERT INTO `termino_pago` (`id`, `nombre`) VALUES(3, 'A 15 días');
INSERT INTO `termino_pago` (`id`, `nombre`) VALUES(4, 'A 30 días');
INSERT INTO `termino_pago` (`id`, `nombre`) VALUES(5, 'A 45 días');
INSERT INTO `termino_pago` (`id`, `nombre`) VALUES(6, 'A 60 días');
INSERT INTO `termino_pago` (`id`, `nombre`) VALUES(7, 'A 90 días');
INSERT INTO `termino_pago` (`id`, `nombre`) VALUES(8, 'Personalizado');