INSERT INTO `ajuste` (`id`, `id_documento_id`, `nro_cuenta_inventario`, `observacion`, `nro_subcuenta_inventario`, `nro_cuenta_acreedora`, `nro_subcuenta_acreedora`, `nro_concecutivo`, `anno`, `activo`, `entrada`) VALUES (7, 129, '', 'En conteo fisico se detecto un sobrante de 10 boligrafos', '', '555', '0020', '1', 2022, 1, 1);
INSERT INTO `almacen` (`id`, `id_unidad_id`, `descripcion`, `activo`, `codigo`, `punto_venta`, `id_cuenta_inventario_id`, `direccion`, `mercancia`, `producto`, `humbral`, `otro_destino`) VALUES (1, 1, 'Almacén de Materiales y Mercancias', 1, '01', 0, 10, 'Calle A', 0, NULL, NULL, 1);
INSERT INTO `almacen` (`id`, `id_unidad_id`, `descripcion`, `activo`, `codigo`, `punto_venta`, `id_cuenta_inventario_id`, `direccion`, `mercancia`, `producto`, `humbral`, `otro_destino`) VALUES (2, 1, 'Almacén Mercancias para la Venta', 1, '02', 0, 15, 'Calle A', 1, 0, 120, NULL);
INSERT INTO `almacen` (`id`, `id_unidad_id`, `descripcion`, `activo`, `codigo`, `punto_venta`, `id_cuenta_inventario_id`, `direccion`, `mercancia`, `producto`, `humbral`, `otro_destino`) VALUES (3, 1, 'Almacén de Productos Terminados', 1, '03', 0, 14, 'Calle B #131', 0, 1, NULL, NULL);
INSERT INTO `almacen` (`id`, `id_unidad_id`, `descripcion`, `activo`, `codigo`, `punto_venta`, `id_cuenta_inventario_id`, `direccion`, `mercancia`, `producto`, `humbral`, `otro_destino`) VALUES (4, 1, 'Punto de Venta 1', 1, 'PV-01', 1, 15, NULL, 0, 0, NULL, NULL);
INSERT INTO `almacen` (`id`, `id_unidad_id`, `descripcion`, `activo`, `codigo`, `punto_venta`, `id_cuenta_inventario_id`, `direccion`, `mercancia`, `producto`, `humbral`, `otro_destino`) VALUES (5, 1, 'Almacen de productos Quimicos', 0, '04', 0, NULL, '', 0, 1, NULL, NULL);
INSERT INTO `almacen` (`id`, `id_unidad_id`, `descripcion`, `activo`, `codigo`, `punto_venta`, `id_cuenta_inventario_id`, `direccion`, `mercancia`, `producto`, `humbral`, `otro_destino`) VALUES (6, 1, 'Punto de Venta 2', 1, 'PV-2', 1, 15, 'asasas', 0, 0, NULL, NULL);
INSERT INTO `almacen` (`id`, `id_unidad_id`, `descripcion`, `activo`, `codigo`, `punto_venta`, `id_cuenta_inventario_id`, `direccion`, `mercancia`, `producto`, `humbral`, `otro_destino`) VALUES (7, 1, 'Punto de Venta 3', 1, 'PV-3', 1, 15, NULL, 0, 0, 50, NULL);
INSERT INTO `almacen` (`id`, `id_unidad_id`, `descripcion`, `activo`, `codigo`, `punto_venta`, `id_cuenta_inventario_id`, `direccion`, `mercancia`, `producto`, `humbral`, `otro_destino`) VALUES (8, 1, 'Punto de Venta 4', 1, 'PV-4', 1, 15, 'Calle Santo Domingo', 0, 0, 33, NULL);
INSERT INTO `apertura` (`id`, `id_documento_id`, `nro_cuenta_inventario`, `observacion`, `nro_subcuenta_inventario`, `nro_cuenta_acreedora`, `nro_subcuenta_acreedora`, `nro_concecutivo`, `anno`, `activo`, `entrada`) VALUES (8, 122, '183', 'Apertura del Negocio', '', '600', '0040', '1', 2022, 1, 1);
INSERT INTO `apertura` (`id`, `id_documento_id`, `nro_cuenta_inventario`, `observacion`, `nro_subcuenta_inventario`, `nro_cuenta_acreedora`, `nro_subcuenta_acreedora`, `nro_concecutivo`, `anno`, `activo`, `entrada`) VALUES (9, 132, '189', 'Realizando apertura de almacen de mercancia', '', '600', '0040', '1', 2022, 1, 1);
INSERT INTO `apertura` (`id`, `id_documento_id`, `nro_cuenta_inventario`, `observacion`, `nro_subcuenta_inventario`, `nro_cuenta_acreedora`, `nro_subcuenta_acreedora`, `nro_concecutivo`, `anno`, `activo`, `entrada`) VALUES (10, 135, '188', 'Realizando apertura del almacen de productos terminados', '', '600', '0040', '1', 2022, 1, 1);
INSERT INTO `asiento` (`id`, `id_cuenta_id`, `id_subcuenta_id`, `id_documento_id`, `id_almacen_id`, `id_centro_costo_id`, `id_elemento_gasto_id`, `id_orden_trabajo_id`, `id_expediente_id`, `id_proveedor_id`, `id_unidad_id`, `id_tipo_comprobante_id`, `id_comprobante_id`, `id_factura_id`, `id_activo_fijo_id`, `id_area_responsabilidad_id`, `id_cotizacion_id`, `id_elemento_visa_id`, `tipo_cliente`, `id_cliente`, `fecha`, `anno`, `credito`, `debito`, `nro_documento`, `orden_operacion`, `banco`, `entrada`, `id_cuentas_unidad_id`, `nro_doc_mostrar`) VALUES (1009, 10, 68, 122, 1, 25, NULL, NULL, NULL, NULL, 1, 2, 64, NULL, NULL, NULL, NULL, NULL, 0, NULL, '2022-01-08', 2022, 0, 2000, 'AP-1', 0, NULL, 1, NULL, NULL);
INSERT INTO `asiento` (`id`, `id_cuenta_id`, `id_subcuenta_id`, `id_documento_id`, `id_almacen_id`, `id_centro_costo_id`, `id_elemento_gasto_id`, `id_orden_trabajo_id`, `id_expediente_id`, `id_proveedor_id`, `id_unidad_id`, `id_tipo_comprobante_id`, `id_comprobante_id`, `id_factura_id`, `id_activo_fijo_id`, `id_area_responsabilidad_id`, `id_cotizacion_id`, `id_elemento_visa_id`, `tipo_cliente`, `id_cliente`, `fecha`, `anno`, `credito`, `debito`, `nro_documento`, `orden_operacion`, `banco`, `entrada`, `id_cuentas_unidad_id`, `nro_doc_mostrar`) VALUES (1010, 10, 68, 122, 1, 25, NULL, NULL, NULL, NULL, 1, 2, 64, NULL, NULL, NULL, NULL, NULL, 0, NULL, '2022-01-08', 2022, 0, 6500, 'AP-1', 0, NULL, 1, NULL, NULL);
INSERT INTO `asiento` (`id`, `id_cuenta_id`, `id_subcuenta_id`, `id_documento_id`, `id_almacen_id`, `id_centro_costo_id`, `id_elemento_gasto_id`, `id_orden_trabajo_id`, `id_expediente_id`, `id_proveedor_id`, `id_unidad_id`, `id_tipo_comprobante_id`, `id_comprobante_id`, `id_factura_id`, `id_activo_fijo_id`, `id_area_responsabilidad_id`, `id_cotizacion_id`, `id_elemento_visa_id`, `tipo_cliente`, `id_cliente`, `fecha`, `anno`, `credito`, `debito`, `nro_documento`, `orden_operacion`, `banco`, `entrada`, `id_cuentas_unidad_id`, `nro_doc_mostrar`) VALUES (1011, 54, 41, 122, 1, NULL, NULL, NULL, NULL, NULL, 1, 2, 64, NULL, NULL, NULL, NULL, NULL, 0, NULL, '2022-01-08', 2022, 8500, 0, 'AP-1', 0, NULL, 1, NULL, NULL);
INSERT INTO `asiento` (`id`, `id_cuenta_id`, `id_subcuenta_id`, `id_documento_id`, `id_almacen_id`, `id_centro_costo_id`, `id_elemento_gasto_id`, `id_orden_trabajo_id`, `id_expediente_id`, `id_proveedor_id`, `id_unidad_id`, `id_tipo_comprobante_id`, `id_comprobante_id`, `id_factura_id`, `id_activo_fijo_id`, `id_area_responsabilidad_id`, `id_cotizacion_id`, `id_elemento_visa_id`, `tipo_cliente`, `id_cliente`, `fecha`, `anno`, `credito`, `debito`, `nro_documento`, `orden_operacion`, `banco`, `entrada`, `id_cuentas_unidad_id`, `nro_doc_mostrar`) VALUES (1012, 10, 68, 123, 1, NULL, NULL, NULL, NULL, 14, 1, 2, 64, NULL, NULL, NULL, NULL, NULL, 0, NULL, '2022-01-08', 2022, 0, 200, 'IRM-1', 0, NULL, 1, NULL, NULL);
INSERT INTO `asiento` (`id`, `id_cuenta_id`, `id_subcuenta_id`, `id_documento_id`, `id_almacen_id`, `id_centro_costo_id`, `id_elemento_gasto_id`, `id_orden_trabajo_id`, `id_expediente_id`, `id_proveedor_id`, `id_unidad_id`, `id_tipo_comprobante_id`, `id_comprobante_id`, `id_factura_id`, `id_activo_fijo_id`, `id_area_responsabilidad_id`, `id_cotizacion_id`, `id_elemento_visa_id`, `tipo_cliente`, `id_cliente`, `fecha`, `anno`, `credito`, `debito`, `nro_documento`, `orden_operacion`, `banco`, `entrada`, `id_cuentas_unidad_id`, `nro_doc_mostrar`) VALUES (1013, 10, 68, 123, 1, NULL, NULL, NULL, NULL, 14, 1, 2, 64, NULL, NULL, NULL, NULL, NULL, 0, NULL, '2022-01-08', 2022, 0, 250, 'IRM-1', 0, NULL, 1, NULL, NULL);
INSERT INTO `asiento` (`id`, `id_cuenta_id`, `id_subcuenta_id`, `id_documento_id`, `id_almacen_id`, `id_centro_costo_id`, `id_elemento_gasto_id`, `id_orden_trabajo_id`, `id_expediente_id`, `id_proveedor_id`, `id_unidad_id`, `id_tipo_comprobante_id`, `id_comprobante_id`, `id_factura_id`, `id_activo_fijo_id`, `id_area_responsabilidad_id`, `id_cotizacion_id`, `id_elemento_visa_id`, `tipo_cliente`, `id_cliente`, `fecha`, `anno`, `credito`, `debito`, `nro_documento`, `orden_operacion`, `banco`, `entrada`, `id_cuentas_unidad_id`, `nro_doc_mostrar`) VALUES (1014, 36, 63, 123, 1, NULL, NULL, NULL, NULL, 14, 1, 2, 64, NULL, NULL, NULL, NULL, NULL, 0, NULL, '2022-01-08', 2022, 450, 0, 'IRM-1', 0, NULL, 1, NULL, NULL);
INSERT INTO `asiento` (`id`, `id_cuenta_id`, `id_subcuenta_id`, `id_documento_id`, `id_almacen_id`, `id_centro_costo_id`, `id_elemento_gasto_id`, `id_orden_trabajo_id`, `id_expediente_id`, `id_proveedor_id`, `id_unidad_id`, `id_tipo_comprobante_id`, `id_comprobante_id`, `id_factura_id`, `id_activo_fijo_id`, `id_area_responsabilidad_id`, `id_cotizacion_id`, `id_elemento_visa_id`, `tipo_cliente`, `id_cliente`, `fecha`, `anno`, `credito`, `debito`, `nro_documento`, `orden_operacion`, `banco`, `entrada`, `id_cuentas_unidad_id`, `nro_doc_mostrar`) VALUES (1015, 10, 68, 124, 1, NULL, NULL, NULL, NULL, 9, 1, 2, 64, NULL, NULL, NULL, NULL, NULL, 0, NULL, '2022-01-08', 2022, 0, 10000, 'IRM-2', 0, NULL, 1, NULL, NULL);
INSERT INTO `asiento` (`id`, `id_cuenta_id`, `id_subcuenta_id`, `id_documento_id`, `id_almacen_id`, `id_centro_costo_id`, `id_elemento_gasto_id`, `id_orden_trabajo_id`, `id_expediente_id`, `id_proveedor_id`, `id_unidad_id`, `id_tipo_comprobante_id`, `id_comprobante_id`, `id_factura_id`, `id_activo_fijo_id`, `id_area_responsabilidad_id`, `id_cotizacion_id`, `id_elemento_visa_id`, `tipo_cliente`, `id_cliente`, `fecha`, `anno`, `credito`, `debito`, `nro_documento`, `orden_operacion`, `banco`, `entrada`, `id_cuentas_unidad_id`, `nro_doc_mostrar`) VALUES (1016, 10, 65, 124, 1, NULL, NULL, NULL, NULL, 9, 1, 2, 64, NULL, NULL, NULL, NULL, NULL, 0, NULL, '2022-01-08', 2022, 0, 6000, 'IRM-2', 0, NULL, 1, NULL, NULL);
INSERT INTO `asiento` (`id`, `id_cuenta_id`, `id_subcuenta_id`, `id_documento_id`, `id_almacen_id`, `id_centro_costo_id`, `id_elemento_gasto_id`, `id_orden_trabajo_id`, `id_expediente_id`, `id_proveedor_id`, `id_unidad_id`, `id_tipo_comprobante_id`, `id_comprobante_id`, `id_factura_id`, `id_activo_fijo_id`, `id_area_responsabilidad_id`, `id_cotizacion_id`, `id_elemento_visa_id`, `tipo_cliente`, `id_cliente`, `fecha`, `anno`, `credito`, `debito`, `nro_documento`, `orden_operacion`, `banco`, `entrada`, `id_cuentas_unidad_id`, `nro_doc_mostrar`) VALUES (1017, 36, 63, 124, 1, NULL, NULL, NULL, NULL, 9, 1, 2, 64, NULL, NULL, NULL, NULL, NULL, 0, NULL, '2022-01-08', 2022, 16000, 0, 'IRM-2', 0, NULL, 1, NULL, NULL);
INSERT INTO `asiento` (`id`, `id_cuenta_id`, `id_subcuenta_id`, `id_documento_id`, `id_almacen_id`, `id_centro_costo_id`, `id_elemento_gasto_id`, `id_orden_trabajo_id`, `id_expediente_id`, `id_proveedor_id`, `id_unidad_id`, `id_tipo_comprobante_id`, `id_comprobante_id`, `id_factura_id`, `id_activo_fijo_id`, `id_area_responsabilidad_id`, `id_cotizacion_id`, `id_elemento_visa_id`, `tipo_cliente`, `id_cliente`, `fecha`, `anno`, `credito`, `debito`, `nro_documento`, `orden_operacion`, `banco`, `entrada`, `id_cuentas_unidad_id`, `nro_doc_mostrar`) VALUES (1018, 10, 68, 124, 1, NULL, NULL, NULL, NULL, 9, 1, 2, 64, NULL, NULL, NULL, NULL, NULL, 0, NULL, '2022-01-08', 2022, 10000, 0, 'IRM-2', 0, NULL, 1, NULL, NULL);
INSERT INTO `asiento` (`id`, `id_cuenta_id`, `id_subcuenta_id`, `id_documento_id`, `id_almacen_id`, `id_centro_costo_id`, `id_elemento_gasto_id`, `id_orden_trabajo_id`, `id_expediente_id`, `id_proveedor_id`, `id_unidad_id`, `id_tipo_comprobante_id`, `id_comprobante_id`, `id_factura_id`, `id_activo_fijo_id`, `id_area_responsabilidad_id`, `id_cotizacion_id`, `id_elemento_visa_id`, `tipo_cliente`, `id_cliente`, `fecha`, `anno`, `credito`, `debito`, `nro_documento`, `orden_operacion`, `banco`, `entrada`, `id_cuentas_unidad_id`, `nro_doc_mostrar`) VALUES (1019, 10, 65, 124, 1, NULL, NULL, NULL, NULL, 9, 1, 2, 64, NULL, NULL, NULL, NULL, NULL, 0, NULL, '2022-01-08', 2022, 6000, 0, 'IRM-2', 0, NULL, 1, NULL, NULL);
INSERT INTO `asiento` (`id`, `id_cuenta_id`, `id_subcuenta_id`, `id_documento_id`, `id_almacen_id`, `id_centro_costo_id`, `id_elemento_gasto_id`, `id_orden_trabajo_id`, `id_expediente_id`, `id_proveedor_id`, `id_unidad_id`, `id_tipo_comprobante_id`, `id_comprobante_id`, `id_factura_id`, `id_activo_fijo_id`, `id_area_responsabilidad_id`, `id_cotizacion_id`, `id_elemento_visa_id`, `tipo_cliente`, `id_cliente`, `fecha`, `anno`, `credito`, `debito`, `nro_documento`, `orden_operacion`, `banco`, `entrada`, `id_cuentas_unidad_id`, `nro_doc_mostrar`) VALUES (1020, 36, 63, 124, 1, NULL, NULL, NULL, NULL, 9, 1, 2, 64, NULL, NULL, NULL, NULL, NULL, 0, NULL, '2022-01-08', 2022, 0, 16000, 'IRM-2', 0, NULL, 1, NULL, NULL);
INSERT INTO `asiento` (`id`, `id_cuenta_id`, `id_subcuenta_id`, `id_documento_id`, `id_almacen_id`, `id_centro_costo_id`, `id_elemento_gasto_id`, `id_orden_trabajo_id`, `id_expediente_id`, `id_proveedor_id`, `id_unidad_id`, `id_tipo_comprobante_id`, `id_comprobante_id`, `id_factura_id`, `id_activo_fijo_id`, `id_area_responsabilidad_id`, `id_cotizacion_id`, `id_elemento_visa_id`, `tipo_cliente`, `id_cliente`, `fecha`, `anno`, `credito`, `debito`, `nro_documento`, `orden_operacion`, `banco`, `entrada`, `id_cuentas_unidad_id`, `nro_doc_mostrar`) VALUES (1021, 10, 68, 126, 1, NULL, NULL, NULL, NULL, 9, 1, 2, 64, NULL, NULL, NULL, NULL, NULL, 0, NULL, '2022-01-08', 2022, 0, 6500, 'IRM-3', 0, NULL, 1, NULL, NULL);
INSERT INTO `asiento` (`id`, `id_cuenta_id`, `id_subcuenta_id`, `id_documento_id`, `id_almacen_id`, `id_centro_costo_id`, `id_elemento_gasto_id`, `id_orden_trabajo_id`, `id_expediente_id`, `id_proveedor_id`, `id_unidad_id`, `id_tipo_comprobante_id`, `id_comprobante_id`, `id_factura_id`, `id_activo_fijo_id`, `id_area_responsabilidad_id`, `id_cotizacion_id`, `id_elemento_visa_id`, `tipo_cliente`, `id_cliente`, `fecha`, `anno`, `credito`, `debito`, `nro_documento`, `orden_operacion`, `banco`, `entrada`, `id_cuentas_unidad_id`, `nro_doc_mostrar`) VALUES (1022, 36, 63, 126, 1, NULL, NULL, NULL, NULL, 9, 1, 2, 64, NULL, NULL, NULL, NULL, NULL, 0, NULL, '2022-01-08', 2022, 6500, 0, 'IRM-3', 0, NULL, 1, NULL, NULL);
INSERT INTO `asiento` (`id`, `id_cuenta_id`, `id_subcuenta_id`, `id_documento_id`, `id_almacen_id`, `id_centro_costo_id`, `id_elemento_gasto_id`, `id_orden_trabajo_id`, `id_expediente_id`, `id_proveedor_id`, `id_unidad_id`, `id_tipo_comprobante_id`, `id_comprobante_id`, `id_factura_id`, `id_activo_fijo_id`, `id_area_responsabilidad_id`, `id_cotizacion_id`, `id_elemento_visa_id`, `tipo_cliente`, `id_cliente`, `fecha`, `anno`, `credito`, `debito`, `nro_documento`, `orden_operacion`, `banco`, `entrada`, `id_cuentas_unidad_id`, `nro_doc_mostrar`) VALUES (1023, 10, 68, 127, 1, NULL, NULL, NULL, NULL, 9, 1, 2, 64, NULL, NULL, NULL, NULL, NULL, 0, NULL, '2022-01-08', 2022, 0, 120, 'IRM-4', 0, NULL, 1, NULL, NULL);
INSERT INTO `asiento` (`id`, `id_cuenta_id`, `id_subcuenta_id`, `id_documento_id`, `id_almacen_id`, `id_centro_costo_id`, `id_elemento_gasto_id`, `id_orden_trabajo_id`, `id_expediente_id`, `id_proveedor_id`, `id_unidad_id`, `id_tipo_comprobante_id`, `id_comprobante_id`, `id_factura_id`, `id_activo_fijo_id`, `id_area_responsabilidad_id`, `id_cotizacion_id`, `id_elemento_visa_id`, `tipo_cliente`, `id_cliente`, `fecha`, `anno`, `credito`, `debito`, `nro_documento`, `orden_operacion`, `banco`, `entrada`, `id_cuentas_unidad_id`, `nro_doc_mostrar`) VALUES (1024, 10, 65, 127, 1, NULL, NULL, NULL, NULL, 9, 1, 2, 64, NULL, NULL, NULL, NULL, NULL, 0, NULL, '2022-01-08', 2022, 0, 450, 'IRM-4', 0, NULL, 1, NULL, NULL);
INSERT INTO `asiento` (`id`, `id_cuenta_id`, `id_subcuenta_id`, `id_documento_id`, `id_almacen_id`, `id_centro_costo_id`, `id_elemento_gasto_id`, `id_orden_trabajo_id`, `id_expediente_id`, `id_proveedor_id`, `id_unidad_id`, `id_tipo_comprobante_id`, `id_comprobante_id`, `id_factura_id`, `id_activo_fijo_id`, `id_area_responsabilidad_id`, `id_cotizacion_id`, `id_elemento_visa_id`, `tipo_cliente`, `id_cliente`, `fecha`, `anno`, `credito`, `debito`, `nro_documento`, `orden_operacion`, `banco`, `entrada`, `id_cuentas_unidad_id`, `nro_doc_mostrar`) VALUES (1025, 36, 63, 127, 1, NULL, NULL, NULL, NULL, 9, 1, 2, 64, NULL, NULL, NULL, NULL, NULL, 0, NULL, '2022-01-08', 2022, 570, 0, 'IRM-4', 0, NULL, 1, NULL, NULL);
INSERT INTO `asiento` (`id`, `id_cuenta_id`, `id_subcuenta_id`, `id_documento_id`, `id_almacen_id`, `id_centro_costo_id`, `id_elemento_gasto_id`, `id_orden_trabajo_id`, `id_expediente_id`, `id_proveedor_id`, `id_unidad_id`, `id_tipo_comprobante_id`, `id_comprobante_id`, `id_factura_id`, `id_activo_fijo_id`, `id_area_responsabilidad_id`, `id_cotizacion_id`, `id_elemento_visa_id`, `tipo_cliente`, `id_cliente`, `fecha`, `anno`, `credito`, `debito`, `nro_documento`, `orden_operacion`, `banco`, `entrada`, `id_cuentas_unidad_id`, `nro_doc_mostrar`) VALUES (1026, 10, 68, 127, 1, NULL, NULL, NULL, NULL, 9, 1, 2, 64, NULL, NULL, NULL, NULL, NULL, 0, NULL, '2022-01-08', 2022, 120, 0, 'IRM-4', 0, NULL, 1, NULL, NULL);
INSERT INTO `asiento` (`id`, `id_cuenta_id`, `id_subcuenta_id`, `id_documento_id`, `id_almacen_id`, `id_centro_costo_id`, `id_elemento_gasto_id`, `id_orden_trabajo_id`, `id_expediente_id`, `id_proveedor_id`, `id_unidad_id`, `id_tipo_comprobante_id`, `id_comprobante_id`, `id_factura_id`, `id_activo_fijo_id`, `id_area_responsabilidad_id`, `id_cotizacion_id`, `id_elemento_visa_id`, `tipo_cliente`, `id_cliente`, `fecha`, `anno`, `credito`, `debito`, `nro_documento`, `orden_operacion`, `banco`, `entrada`, `id_cuentas_unidad_id`, `nro_doc_mostrar`) VALUES (1027, 10, 65, 127, 1, NULL, NULL, NULL, NULL, 9, 1, 2, 64, NULL, NULL, NULL, NULL, NULL, 0, NULL, '2022-01-08', 2022, 450, 0, 'IRM-4', 0, NULL, 1, NULL, NULL);
INSERT INTO `asiento` (`id`, `id_cuenta_id`, `id_subcuenta_id`, `id_documento_id`, `id_almacen_id`, `id_centro_costo_id`, `id_elemento_gasto_id`, `id_orden_trabajo_id`, `id_expediente_id`, `id_proveedor_id`, `id_unidad_id`, `id_tipo_comprobante_id`, `id_comprobante_id`, `id_factura_id`, `id_activo_fijo_id`, `id_area_responsabilidad_id`, `id_cotizacion_id`, `id_elemento_visa_id`, `tipo_cliente`, `id_cliente`, `fecha`, `anno`, `credito`, `debito`, `nro_documento`, `orden_operacion`, `banco`, `entrada`, `id_cuentas_unidad_id`, `nro_doc_mostrar`) VALUES (1028, 36, 63, 127, 1, NULL, NULL, NULL, NULL, 9, 1, 2, 64, NULL, NULL, NULL, NULL, NULL, 0, NULL, '2022-01-08', 2022, 0, 570, 'IRM-4', 0, NULL, 1, NULL, NULL);
INSERT INTO `asiento` (`id`, `id_cuenta_id`, `id_subcuenta_id`, `id_documento_id`, `id_almacen_id`, `id_centro_costo_id`, `id_elemento_gasto_id`, `id_orden_trabajo_id`, `id_expediente_id`, `id_proveedor_id`, `id_unidad_id`, `id_tipo_comprobante_id`, `id_comprobante_id`, `id_factura_id`, `id_activo_fijo_id`, `id_area_responsabilidad_id`, `id_cotizacion_id`, `id_elemento_visa_id`, `tipo_cliente`, `id_cliente`, `fecha`, `anno`, `credito`, `debito`, `nro_documento`, `orden_operacion`, `banco`, `entrada`, `id_cuentas_unidad_id`, `nro_doc_mostrar`) VALUES (1029, 10, 68, 129, 1, NULL, NULL, NULL, NULL, NULL, 1, 2, 64, NULL, NULL, NULL, NULL, NULL, 0, NULL, '2022-01-08', 2022, 0, 165, 'AE-1', 0, NULL, 1, NULL, NULL);
INSERT INTO `asiento` (`id`, `id_cuenta_id`, `id_subcuenta_id`, `id_documento_id`, `id_almacen_id`, `id_centro_costo_id`, `id_elemento_gasto_id`, `id_orden_trabajo_id`, `id_expediente_id`, `id_proveedor_id`, `id_unidad_id`, `id_tipo_comprobante_id`, `id_comprobante_id`, `id_factura_id`, `id_activo_fijo_id`, `id_area_responsabilidad_id`, `id_cotizacion_id`, `id_elemento_visa_id`, `tipo_cliente`, `id_cliente`, `fecha`, `anno`, `credito`, `debito`, `nro_documento`, `orden_operacion`, `banco`, `entrada`, `id_cuentas_unidad_id`, `nro_doc_mostrar`) VALUES (1030, 50, 70, 129, 1, NULL, NULL, NULL, NULL, NULL, 1, 2, 64, NULL, NULL, NULL, NULL, NULL, 0, NULL, '2022-01-08', 2022, 165, 0, 'AE-1', 0, NULL, 1, NULL, NULL);
INSERT INTO `asiento` (`id`, `id_cuenta_id`, `id_subcuenta_id`, `id_documento_id`, `id_almacen_id`, `id_centro_costo_id`, `id_elemento_gasto_id`, `id_orden_trabajo_id`, `id_expediente_id`, `id_proveedor_id`, `id_unidad_id`, `id_tipo_comprobante_id`, `id_comprobante_id`, `id_factura_id`, `id_activo_fijo_id`, `id_area_responsabilidad_id`, `id_cotizacion_id`, `id_elemento_visa_id`, `tipo_cliente`, `id_cliente`, `fecha`, `anno`, `credito`, `debito`, `nro_documento`, `orden_operacion`, `banco`, `entrada`, `id_cuentas_unidad_id`, `nro_doc_mostrar`) VALUES (1031, 69, 97, 130, 1, 25, 1, NULL, NULL, NULL, 1, 2, 64, NULL, NULL, NULL, NULL, NULL, 0, NULL, '2022-01-08', 2022, 0, 165, 'VSM-1', 0, NULL, 0, NULL, NULL);
INSERT INTO `asiento` (`id`, `id_cuenta_id`, `id_subcuenta_id`, `id_documento_id`, `id_almacen_id`, `id_centro_costo_id`, `id_elemento_gasto_id`, `id_orden_trabajo_id`, `id_expediente_id`, `id_proveedor_id`, `id_unidad_id`, `id_tipo_comprobante_id`, `id_comprobante_id`, `id_factura_id`, `id_activo_fijo_id`, `id_area_responsabilidad_id`, `id_cotizacion_id`, `id_elemento_visa_id`, `tipo_cliente`, `id_cliente`, `fecha`, `anno`, `credito`, `debito`, `nro_documento`, `orden_operacion`, `banco`, `entrada`, `id_cuentas_unidad_id`, `nro_doc_mostrar`) VALUES (1032, 10, 68, 130, 1, NULL, NULL, NULL, NULL, NULL, 1, 2, 64, NULL, NULL, NULL, NULL, NULL, 0, NULL, '2022-01-08', 2022, 165, 0, 'VSM-1', 0, NULL, 0, NULL, NULL);
INSERT INTO `asiento` (`id`, `id_cuenta_id`, `id_subcuenta_id`, `id_documento_id`, `id_almacen_id`, `id_centro_costo_id`, `id_elemento_gasto_id`, `id_orden_trabajo_id`, `id_expediente_id`, `id_proveedor_id`, `id_unidad_id`, `id_tipo_comprobante_id`, `id_comprobante_id`, `id_factura_id`, `id_activo_fijo_id`, `id_area_responsabilidad_id`, `id_cotizacion_id`, `id_elemento_visa_id`, `tipo_cliente`, `id_cliente`, `fecha`, `anno`, `credito`, `debito`, `nro_documento`, `orden_operacion`, `banco`, `entrada`, `id_cuentas_unidad_id`, `nro_doc_mostrar`) VALUES (1033, 10, 68, 131, 1, NULL, NULL, NULL, NULL, NULL, 1, 2, 64, NULL, NULL, NULL, NULL, NULL, 0, NULL, '2022-01-08', 2022, 0, 165, 'TS-1', 0, NULL, 0, NULL, NULL);
INSERT INTO `asiento` (`id`, `id_cuenta_id`, `id_subcuenta_id`, `id_documento_id`, `id_almacen_id`, `id_centro_costo_id`, `id_elemento_gasto_id`, `id_orden_trabajo_id`, `id_expediente_id`, `id_proveedor_id`, `id_unidad_id`, `id_tipo_comprobante_id`, `id_comprobante_id`, `id_factura_id`, `id_activo_fijo_id`, `id_area_responsabilidad_id`, `id_cotizacion_id`, `id_elemento_visa_id`, `tipo_cliente`, `id_cliente`, `fecha`, `anno`, `credito`, `debito`, `nro_documento`, `orden_operacion`, `banco`, `entrada`, `id_cuentas_unidad_id`, `nro_doc_mostrar`) VALUES (1034, 10, 68, 131, 1, NULL, NULL, NULL, NULL, NULL, 1, 2, 64, NULL, NULL, NULL, NULL, NULL, 0, NULL, '2022-01-08', 2022, 165, 0, 'TS-1', 0, NULL, 0, NULL, NULL);
INSERT INTO `asiento` (`id`, `id_cuenta_id`, `id_subcuenta_id`, `id_documento_id`, `id_almacen_id`, `id_centro_costo_id`, `id_elemento_gasto_id`, `id_orden_trabajo_id`, `id_expediente_id`, `id_proveedor_id`, `id_unidad_id`, `id_tipo_comprobante_id`, `id_comprobante_id`, `id_factura_id`, `id_activo_fijo_id`, `id_area_responsabilidad_id`, `id_cotizacion_id`, `id_elemento_visa_id`, `tipo_cliente`, `id_cliente`, `fecha`, `anno`, `credito`, `debito`, `nro_documento`, `orden_operacion`, `banco`, `entrada`, `id_cuentas_unidad_id`, `nro_doc_mostrar`) VALUES (1035, 15, 61, 132, 2, 25, NULL, NULL, NULL, NULL, 1, 2, 63, NULL, NULL, NULL, NULL, NULL, 0, NULL, '2022-01-08', 2022, 0, 25000, 'AP-1', 0, NULL, 1, NULL, NULL);
INSERT INTO `asiento` (`id`, `id_cuenta_id`, `id_subcuenta_id`, `id_documento_id`, `id_almacen_id`, `id_centro_costo_id`, `id_elemento_gasto_id`, `id_orden_trabajo_id`, `id_expediente_id`, `id_proveedor_id`, `id_unidad_id`, `id_tipo_comprobante_id`, `id_comprobante_id`, `id_factura_id`, `id_activo_fijo_id`, `id_area_responsabilidad_id`, `id_cotizacion_id`, `id_elemento_visa_id`, `tipo_cliente`, `id_cliente`, `fecha`, `anno`, `credito`, `debito`, `nro_documento`, `orden_operacion`, `banco`, `entrada`, `id_cuentas_unidad_id`, `nro_doc_mostrar`) VALUES (1036, 15, 61, 132, 2, 25, NULL, NULL, NULL, NULL, 1, 2, 63, NULL, NULL, NULL, NULL, NULL, 0, NULL, '2022-01-08', 2022, 0, 30000, 'AP-1', 0, NULL, 1, NULL, NULL);
INSERT INTO `asiento` (`id`, `id_cuenta_id`, `id_subcuenta_id`, `id_documento_id`, `id_almacen_id`, `id_centro_costo_id`, `id_elemento_gasto_id`, `id_orden_trabajo_id`, `id_expediente_id`, `id_proveedor_id`, `id_unidad_id`, `id_tipo_comprobante_id`, `id_comprobante_id`, `id_factura_id`, `id_activo_fijo_id`, `id_area_responsabilidad_id`, `id_cotizacion_id`, `id_elemento_visa_id`, `tipo_cliente`, `id_cliente`, `fecha`, `anno`, `credito`, `debito`, `nro_documento`, `orden_operacion`, `banco`, `entrada`, `id_cuentas_unidad_id`, `nro_doc_mostrar`) VALUES (1037, 15, 61, 132, 2, 25, NULL, NULL, NULL, NULL, 1, 2, 63, NULL, NULL, NULL, NULL, NULL, 0, NULL, '2022-01-08', 2022, 0, 45000, 'AP-1', 0, NULL, 1, NULL, NULL);
INSERT INTO `asiento` (`id`, `id_cuenta_id`, `id_subcuenta_id`, `id_documento_id`, `id_almacen_id`, `id_centro_costo_id`, `id_elemento_gasto_id`, `id_orden_trabajo_id`, `id_expediente_id`, `id_proveedor_id`, `id_unidad_id`, `id_tipo_comprobante_id`, `id_comprobante_id`, `id_factura_id`, `id_activo_fijo_id`, `id_area_responsabilidad_id`, `id_cotizacion_id`, `id_elemento_visa_id`, `tipo_cliente`, `id_cliente`, `fecha`, `anno`, `credito`, `debito`, `nro_documento`, `orden_operacion`, `banco`, `entrada`, `id_cuentas_unidad_id`, `nro_doc_mostrar`) VALUES (1038, 54, 41, 132, 2, NULL, NULL, NULL, NULL, NULL, 1, 2, 63, NULL, NULL, NULL, NULL, NULL, 0, NULL, '2022-01-08', 2022, 100000, 0, 'AP-1', 0, NULL, 1, NULL, NULL);
INSERT INTO `asiento` (`id`, `id_cuenta_id`, `id_subcuenta_id`, `id_documento_id`, `id_almacen_id`, `id_centro_costo_id`, `id_elemento_gasto_id`, `id_orden_trabajo_id`, `id_expediente_id`, `id_proveedor_id`, `id_unidad_id`, `id_tipo_comprobante_id`, `id_comprobante_id`, `id_factura_id`, `id_activo_fijo_id`, `id_area_responsabilidad_id`, `id_cotizacion_id`, `id_elemento_visa_id`, `tipo_cliente`, `id_cliente`, `fecha`, `anno`, `credito`, `debito`, `nro_documento`, `orden_operacion`, `banco`, `entrada`, `id_cuentas_unidad_id`, `nro_doc_mostrar`) VALUES (1039, 15, 61, 133, 2, NULL, NULL, NULL, NULL, 9, 1, 2, 63, NULL, NULL, NULL, NULL, NULL, 0, NULL, '2022-01-08', 2022, 0, 30000, 'IRM-1', 0, NULL, 1, NULL, NULL);
INSERT INTO `asiento` (`id`, `id_cuenta_id`, `id_subcuenta_id`, `id_documento_id`, `id_almacen_id`, `id_centro_costo_id`, `id_elemento_gasto_id`, `id_orden_trabajo_id`, `id_expediente_id`, `id_proveedor_id`, `id_unidad_id`, `id_tipo_comprobante_id`, `id_comprobante_id`, `id_factura_id`, `id_activo_fijo_id`, `id_area_responsabilidad_id`, `id_cotizacion_id`, `id_elemento_visa_id`, `tipo_cliente`, `id_cliente`, `fecha`, `anno`, `credito`, `debito`, `nro_documento`, `orden_operacion`, `banco`, `entrada`, `id_cuentas_unidad_id`, `nro_doc_mostrar`) VALUES (1040, 15, 61, 133, 2, NULL, NULL, NULL, NULL, 9, 1, 2, 63, NULL, NULL, NULL, NULL, NULL, 0, NULL, '2022-01-08', 2022, 0, 25000, 'IRM-1', 0, NULL, 1, NULL, NULL);
INSERT INTO `asiento` (`id`, `id_cuenta_id`, `id_subcuenta_id`, `id_documento_id`, `id_almacen_id`, `id_centro_costo_id`, `id_elemento_gasto_id`, `id_orden_trabajo_id`, `id_expediente_id`, `id_proveedor_id`, `id_unidad_id`, `id_tipo_comprobante_id`, `id_comprobante_id`, `id_factura_id`, `id_activo_fijo_id`, `id_area_responsabilidad_id`, `id_cotizacion_id`, `id_elemento_visa_id`, `tipo_cliente`, `id_cliente`, `fecha`, `anno`, `credito`, `debito`, `nro_documento`, `orden_operacion`, `banco`, `entrada`, `id_cuentas_unidad_id`, `nro_doc_mostrar`) VALUES (1041, 36, 63, 133, 2, NULL, NULL, NULL, NULL, 9, 1, 2, 63, NULL, NULL, NULL, NULL, NULL, 0, NULL, '2022-01-08', 2022, 55000, 0, 'IRM-1', 0, NULL, 1, NULL, NULL);
INSERT INTO `asiento` (`id`, `id_cuenta_id`, `id_subcuenta_id`, `id_documento_id`, `id_almacen_id`, `id_centro_costo_id`, `id_elemento_gasto_id`, `id_orden_trabajo_id`, `id_expediente_id`, `id_proveedor_id`, `id_unidad_id`, `id_tipo_comprobante_id`, `id_comprobante_id`, `id_factura_id`, `id_activo_fijo_id`, `id_area_responsabilidad_id`, `id_cotizacion_id`, `id_elemento_visa_id`, `tipo_cliente`, `id_cliente`, `fecha`, `anno`, `credito`, `debito`, `nro_documento`, `orden_operacion`, `banco`, `entrada`, `id_cuentas_unidad_id`, `nro_doc_mostrar`) VALUES (1042, 63, 51, 134, 2, 24, 3, NULL, NULL, NULL, 1, 2, 63, NULL, NULL, NULL, NULL, NULL, 0, NULL, '2022-01-08', 2022, 0, 57833.34, 'VSM-1', 0, NULL, 0, NULL, NULL);
INSERT INTO `asiento` (`id`, `id_cuenta_id`, `id_subcuenta_id`, `id_documento_id`, `id_almacen_id`, `id_centro_costo_id`, `id_elemento_gasto_id`, `id_orden_trabajo_id`, `id_expediente_id`, `id_proveedor_id`, `id_unidad_id`, `id_tipo_comprobante_id`, `id_comprobante_id`, `id_factura_id`, `id_activo_fijo_id`, `id_area_responsabilidad_id`, `id_cotizacion_id`, `id_elemento_visa_id`, `tipo_cliente`, `id_cliente`, `fecha`, `anno`, `credito`, `debito`, `nro_documento`, `orden_operacion`, `banco`, `entrada`, `id_cuentas_unidad_id`, `nro_doc_mostrar`) VALUES (1043, 15, 61, 134, 2, NULL, NULL, NULL, NULL, NULL, 1, 2, 63, NULL, NULL, NULL, NULL, NULL, 0, NULL, '2022-01-08', 2022, 36666.67, 0, 'VSM-1', 0, NULL, 0, NULL, NULL);
INSERT INTO `asiento` (`id`, `id_cuenta_id`, `id_subcuenta_id`, `id_documento_id`, `id_almacen_id`, `id_centro_costo_id`, `id_elemento_gasto_id`, `id_orden_trabajo_id`, `id_expediente_id`, `id_proveedor_id`, `id_unidad_id`, `id_tipo_comprobante_id`, `id_comprobante_id`, `id_factura_id`, `id_activo_fijo_id`, `id_area_responsabilidad_id`, `id_cotizacion_id`, `id_elemento_visa_id`, `tipo_cliente`, `id_cliente`, `fecha`, `anno`, `credito`, `debito`, `nro_documento`, `orden_operacion`, `banco`, `entrada`, `id_cuentas_unidad_id`, `nro_doc_mostrar`) VALUES (1044, 15, 61, 134, 2, NULL, NULL, NULL, NULL, NULL, 1, 2, 63, NULL, NULL, NULL, NULL, NULL, 0, NULL, '2022-01-08', 2022, 16666.67, 0, 'VSM-1', 0, NULL, 0, NULL, NULL);
INSERT INTO `asiento` (`id`, `id_cuenta_id`, `id_subcuenta_id`, `id_documento_id`, `id_almacen_id`, `id_centro_costo_id`, `id_elemento_gasto_id`, `id_orden_trabajo_id`, `id_expediente_id`, `id_proveedor_id`, `id_unidad_id`, `id_tipo_comprobante_id`, `id_comprobante_id`, `id_factura_id`, `id_activo_fijo_id`, `id_area_responsabilidad_id`, `id_cotizacion_id`, `id_elemento_visa_id`, `tipo_cliente`, `id_cliente`, `fecha`, `anno`, `credito`, `debito`, `nro_documento`, `orden_operacion`, `banco`, `entrada`, `id_cuentas_unidad_id`, `nro_doc_mostrar`) VALUES (1045, 15, 61, 134, 2, NULL, NULL, NULL, NULL, NULL, 1, 2, 63, NULL, NULL, NULL, NULL, NULL, 0, NULL, '2022-01-08', 2022, 4500, 0, 'VSM-1', 0, NULL, 0, NULL, NULL);
INSERT INTO `asiento` (`id`, `id_cuenta_id`, `id_subcuenta_id`, `id_documento_id`, `id_almacen_id`, `id_centro_costo_id`, `id_elemento_gasto_id`, `id_orden_trabajo_id`, `id_expediente_id`, `id_proveedor_id`, `id_unidad_id`, `id_tipo_comprobante_id`, `id_comprobante_id`, `id_factura_id`, `id_activo_fijo_id`, `id_area_responsabilidad_id`, `id_cotizacion_id`, `id_elemento_visa_id`, `tipo_cliente`, `id_cliente`, `fecha`, `anno`, `credito`, `debito`, `nro_documento`, `orden_operacion`, `banco`, `entrada`, `id_cuentas_unidad_id`, `nro_doc_mostrar`) VALUES (1046, 14, 6, 135, 3, 24, NULL, NULL, NULL, NULL, 1, 2, 65, NULL, NULL, NULL, NULL, NULL, 0, NULL, '2022-01-08', 2022, 0, 10000, 'AP-1', 0, NULL, 1, NULL, NULL);
INSERT INTO `asiento` (`id`, `id_cuenta_id`, `id_subcuenta_id`, `id_documento_id`, `id_almacen_id`, `id_centro_costo_id`, `id_elemento_gasto_id`, `id_orden_trabajo_id`, `id_expediente_id`, `id_proveedor_id`, `id_unidad_id`, `id_tipo_comprobante_id`, `id_comprobante_id`, `id_factura_id`, `id_activo_fijo_id`, `id_area_responsabilidad_id`, `id_cotizacion_id`, `id_elemento_visa_id`, `tipo_cliente`, `id_cliente`, `fecha`, `anno`, `credito`, `debito`, `nro_documento`, `orden_operacion`, `banco`, `entrada`, `id_cuentas_unidad_id`, `nro_doc_mostrar`) VALUES (1047, 14, 6, 135, 3, 23, NULL, NULL, NULL, NULL, 1, 2, 65, NULL, NULL, NULL, NULL, NULL, 0, NULL, '2022-01-08', 2022, 0, 5000, 'AP-1', 0, NULL, 1, NULL, NULL);
INSERT INTO `asiento` (`id`, `id_cuenta_id`, `id_subcuenta_id`, `id_documento_id`, `id_almacen_id`, `id_centro_costo_id`, `id_elemento_gasto_id`, `id_orden_trabajo_id`, `id_expediente_id`, `id_proveedor_id`, `id_unidad_id`, `id_tipo_comprobante_id`, `id_comprobante_id`, `id_factura_id`, `id_activo_fijo_id`, `id_area_responsabilidad_id`, `id_cotizacion_id`, `id_elemento_visa_id`, `tipo_cliente`, `id_cliente`, `fecha`, `anno`, `credito`, `debito`, `nro_documento`, `orden_operacion`, `banco`, `entrada`, `id_cuentas_unidad_id`, `nro_doc_mostrar`) VALUES (1048, 54, 41, 135, 3, NULL, NULL, NULL, NULL, NULL, 1, 2, 65, NULL, NULL, NULL, NULL, NULL, 0, NULL, '2022-01-08', 2022, 15000, 0, 'AP-1', 0, NULL, 1, NULL, NULL);
INSERT INTO `asiento` (`id`, `id_cuenta_id`, `id_subcuenta_id`, `id_documento_id`, `id_almacen_id`, `id_centro_costo_id`, `id_elemento_gasto_id`, `id_orden_trabajo_id`, `id_expediente_id`, `id_proveedor_id`, `id_unidad_id`, `id_tipo_comprobante_id`, `id_comprobante_id`, `id_factura_id`, `id_activo_fijo_id`, `id_area_responsabilidad_id`, `id_cotizacion_id`, `id_elemento_visa_id`, `tipo_cliente`, `id_cliente`, `fecha`, `anno`, `credito`, `debito`, `nro_documento`, `orden_operacion`, `banco`, `entrada`, `id_cuentas_unidad_id`, `nro_doc_mostrar`) VALUES (1049, 14, 4, 136, 3, NULL, NULL, NULL, NULL, NULL, 1, 2, 65, NULL, NULL, NULL, NULL, NULL, 0, NULL, '2022-01-08', 2022, 0, 57833.34, 'IRP-1', 0, NULL, 1, NULL, NULL);
INSERT INTO `asiento` (`id`, `id_cuenta_id`, `id_subcuenta_id`, `id_documento_id`, `id_almacen_id`, `id_centro_costo_id`, `id_elemento_gasto_id`, `id_orden_trabajo_id`, `id_expediente_id`, `id_proveedor_id`, `id_unidad_id`, `id_tipo_comprobante_id`, `id_comprobante_id`, `id_factura_id`, `id_activo_fijo_id`, `id_area_responsabilidad_id`, `id_cotizacion_id`, `id_elemento_visa_id`, `tipo_cliente`, `id_cliente`, `fecha`, `anno`, `credito`, `debito`, `nro_documento`, `orden_operacion`, `banco`, `entrada`, `id_cuentas_unidad_id`, `nro_doc_mostrar`) VALUES (1050, 63, 54, 136, 3, 24, NULL, 3, NULL, NULL, 1, 2, 65, NULL, NULL, NULL, NULL, NULL, 0, NULL, '2022-01-08', 2022, 57833.34, 0, 'IRP-1', 0, NULL, 1, NULL, NULL);
INSERT INTO `asiento` (`id`, `id_cuenta_id`, `id_subcuenta_id`, `id_documento_id`, `id_almacen_id`, `id_centro_costo_id`, `id_elemento_gasto_id`, `id_orden_trabajo_id`, `id_expediente_id`, `id_proveedor_id`, `id_unidad_id`, `id_tipo_comprobante_id`, `id_comprobante_id`, `id_factura_id`, `id_activo_fijo_id`, `id_area_responsabilidad_id`, `id_cotizacion_id`, `id_elemento_visa_id`, `tipo_cliente`, `id_cliente`, `fecha`, `anno`, `credito`, `debito`, `nro_documento`, `orden_operacion`, `banco`, `entrada`, `id_cuentas_unidad_id`, `nro_doc_mostrar`) VALUES (1051, 2, 133, NULL, NULL, NULL, NULL, NULL, NULL, NULL, 1, 1, 66, NULL, NULL, NULL, NULL, NULL, NULL, NULL, '2022-01-09', 2022, 0, 1250000, '-', NULL, '', NULL, NULL, NULL);
INSERT INTO `asiento` (`id`, `id_cuenta_id`, `id_subcuenta_id`, `id_documento_id`, `id_almacen_id`, `id_centro_costo_id`, `id_elemento_gasto_id`, `id_orden_trabajo_id`, `id_expediente_id`, `id_proveedor_id`, `id_unidad_id`, `id_tipo_comprobante_id`, `id_comprobante_id`, `id_factura_id`, `id_activo_fijo_id`, `id_area_responsabilidad_id`, `id_cotizacion_id`, `id_elemento_visa_id`, `tipo_cliente`, `id_cliente`, `fecha`, `anno`, `credito`, `debito`, `nro_documento`, `orden_operacion`, `banco`, `entrada`, `id_cuentas_unidad_id`, `nro_doc_mostrar`) VALUES (1052, 54, 40, NULL, NULL, NULL, NULL, NULL, NULL, NULL, 1, 1, 66, NULL, NULL, NULL, NULL, NULL, NULL, NULL, '2022-01-09', 2022, 1250000, 0, '-', NULL, '', NULL, NULL, NULL);
INSERT INTO `asiento` (`id`, `id_cuenta_id`, `id_subcuenta_id`, `id_documento_id`, `id_almacen_id`, `id_centro_costo_id`, `id_elemento_gasto_id`, `id_orden_trabajo_id`, `id_expediente_id`, `id_proveedor_id`, `id_unidad_id`, `id_tipo_comprobante_id`, `id_comprobante_id`, `id_factura_id`, `id_activo_fijo_id`, `id_area_responsabilidad_id`, `id_cotizacion_id`, `id_elemento_visa_id`, `tipo_cliente`, `id_cliente`, `fecha`, `anno`, `credito`, `debito`, `nro_documento`, `orden_operacion`, `banco`, `entrada`, `id_cuentas_unidad_id`, `nro_doc_mostrar`) VALUES (1053, 36, 63, NULL, 1, NULL, NULL, NULL, NULL, 14, 1, 2, 67, NULL, NULL, NULL, NULL, NULL, NULL, NULL, '2022-01-09', 2022, 0, 200, 'IRM-1', NULL, '', NULL, NULL, NULL);
INSERT INTO `asiento` (`id`, `id_cuenta_id`, `id_subcuenta_id`, `id_documento_id`, `id_almacen_id`, `id_centro_costo_id`, `id_elemento_gasto_id`, `id_orden_trabajo_id`, `id_expediente_id`, `id_proveedor_id`, `id_unidad_id`, `id_tipo_comprobante_id`, `id_comprobante_id`, `id_factura_id`, `id_activo_fijo_id`, `id_area_responsabilidad_id`, `id_cotizacion_id`, `id_elemento_visa_id`, `tipo_cliente`, `id_cliente`, `fecha`, `anno`, `credito`, `debito`, `nro_documento`, `orden_operacion`, `banco`, `entrada`, `id_cuentas_unidad_id`, `nro_doc_mostrar`) VALUES (1054, 2, 133, NULL, NULL, NULL, NULL, NULL, NULL, 14, 1, 2, 67, NULL, NULL, NULL, NULL, NULL, NULL, NULL, '2022-01-09', 2022, 200, 0, 'CH-0001', NULL, '', NULL, NULL, NULL);
INSERT INTO `asiento` (`id`, `id_cuenta_id`, `id_subcuenta_id`, `id_documento_id`, `id_almacen_id`, `id_centro_costo_id`, `id_elemento_gasto_id`, `id_orden_trabajo_id`, `id_expediente_id`, `id_proveedor_id`, `id_unidad_id`, `id_tipo_comprobante_id`, `id_comprobante_id`, `id_factura_id`, `id_activo_fijo_id`, `id_area_responsabilidad_id`, `id_cotizacion_id`, `id_elemento_visa_id`, `tipo_cliente`, `id_cliente`, `fecha`, `anno`, `credito`, `debito`, `nro_documento`, `orden_operacion`, `banco`, `entrada`, `id_cuentas_unidad_id`, `nro_doc_mostrar`) VALUES (1055, 8, 72, NULL, NULL, NULL, NULL, NULL, NULL, NULL, 1, 2, 73, 61, NULL, NULL, NULL, NULL, 1, 3, '2022-01-09', 2022, 0, 3344, 'FACT-1', 0, NULL, 1, NULL, NULL);
INSERT INTO `asiento` (`id`, `id_cuenta_id`, `id_subcuenta_id`, `id_documento_id`, `id_almacen_id`, `id_centro_costo_id`, `id_elemento_gasto_id`, `id_orden_trabajo_id`, `id_expediente_id`, `id_proveedor_id`, `id_unidad_id`, `id_tipo_comprobante_id`, `id_comprobante_id`, `id_factura_id`, `id_activo_fijo_id`, `id_area_responsabilidad_id`, `id_cotizacion_id`, `id_elemento_visa_id`, `tipo_cliente`, `id_cliente`, `fecha`, `anno`, `credito`, `debito`, `nro_documento`, `orden_operacion`, `banco`, `entrada`, `id_cuentas_unidad_id`, `nro_doc_mostrar`) VALUES (1056, 75, 84, NULL, NULL, NULL, NULL, NULL, NULL, NULL, 1, 2, 73, 61, NULL, NULL, NULL, NULL, 0, NULL, '2022-01-09', 2022, 800, 0, 'FACT-1', 0, NULL, 0, NULL, NULL);
INSERT INTO `asiento` (`id`, `id_cuenta_id`, `id_subcuenta_id`, `id_documento_id`, `id_almacen_id`, `id_centro_costo_id`, `id_elemento_gasto_id`, `id_orden_trabajo_id`, `id_expediente_id`, `id_proveedor_id`, `id_unidad_id`, `id_tipo_comprobante_id`, `id_comprobante_id`, `id_factura_id`, `id_activo_fijo_id`, `id_area_responsabilidad_id`, `id_cotizacion_id`, `id_elemento_visa_id`, `tipo_cliente`, `id_cliente`, `fecha`, `anno`, `credito`, `debito`, `nro_documento`, `orden_operacion`, `banco`, `entrada`, `id_cuentas_unidad_id`, `nro_doc_mostrar`) VALUES (1057, 75, 84, NULL, NULL, NULL, NULL, NULL, NULL, NULL, 1, 2, 73, 61, NULL, NULL, NULL, NULL, 0, NULL, '2022-01-09', 2022, 2000, 0, 'FACT-1', 0, NULL, 0, NULL, NULL);
INSERT INTO `asiento` (`id`, `id_cuenta_id`, `id_subcuenta_id`, `id_documento_id`, `id_almacen_id`, `id_centro_costo_id`, `id_elemento_gasto_id`, `id_orden_trabajo_id`, `id_expediente_id`, `id_proveedor_id`, `id_unidad_id`, `id_tipo_comprobante_id`, `id_comprobante_id`, `id_factura_id`, `id_activo_fijo_id`, `id_area_responsabilidad_id`, `id_cotizacion_id`, `id_elemento_visa_id`, `tipo_cliente`, `id_cliente`, `fecha`, `anno`, `credito`, `debito`, `nro_documento`, `orden_operacion`, `banco`, `entrada`, `id_cuentas_unidad_id`, `nro_doc_mostrar`) VALUES (1058, 76, 81, NULL, NULL, NULL, NULL, NULL, NULL, NULL, 1, 2, 73, 61, NULL, NULL, NULL, NULL, 0, NULL, '2022-01-09', 2022, 400, 0, 'FACT-1', 0, NULL, 0, NULL, NULL);
INSERT INTO `asiento` (`id`, `id_cuenta_id`, `id_subcuenta_id`, `id_documento_id`, `id_almacen_id`, `id_centro_costo_id`, `id_elemento_gasto_id`, `id_orden_trabajo_id`, `id_expediente_id`, `id_proveedor_id`, `id_unidad_id`, `id_tipo_comprobante_id`, `id_comprobante_id`, `id_factura_id`, `id_activo_fijo_id`, `id_area_responsabilidad_id`, `id_cotizacion_id`, `id_elemento_visa_id`, `tipo_cliente`, `id_cliente`, `fecha`, `anno`, `credito`, `debito`, `nro_documento`, `orden_operacion`, `banco`, `entrada`, `id_cuentas_unidad_id`, `nro_doc_mostrar`) VALUES (1059, 41, 34, NULL, NULL, NULL, NULL, NULL, NULL, NULL, 1, 2, 73, 61, NULL, NULL, NULL, NULL, 0, NULL, '2022-01-09', 2022, 144, 0, 'FACT-1', 0, NULL, 0, NULL, NULL);
INSERT INTO `asiento` (`id`, `id_cuenta_id`, `id_subcuenta_id`, `id_documento_id`, `id_almacen_id`, `id_centro_costo_id`, `id_elemento_gasto_id`, `id_orden_trabajo_id`, `id_expediente_id`, `id_proveedor_id`, `id_unidad_id`, `id_tipo_comprobante_id`, `id_comprobante_id`, `id_factura_id`, `id_activo_fijo_id`, `id_area_responsabilidad_id`, `id_cotizacion_id`, `id_elemento_visa_id`, `tipo_cliente`, `id_cliente`, `fecha`, `anno`, `credito`, `debito`, `nro_documento`, `orden_operacion`, `banco`, `entrada`, `id_cuentas_unidad_id`, `nro_doc_mostrar`) VALUES (1060, 68, 89, 137, 2, NULL, NULL, NULL, NULL, NULL, 1, 2, 69, 61, NULL, NULL, NULL, NULL, 0, NULL, '2022-01-09', 2022, 0, 733.33, 'FACT-1', 0, NULL, 0, NULL, NULL);
INSERT INTO `asiento` (`id`, `id_cuenta_id`, `id_subcuenta_id`, `id_documento_id`, `id_almacen_id`, `id_centro_costo_id`, `id_elemento_gasto_id`, `id_orden_trabajo_id`, `id_expediente_id`, `id_proveedor_id`, `id_unidad_id`, `id_tipo_comprobante_id`, `id_comprobante_id`, `id_factura_id`, `id_activo_fijo_id`, `id_area_responsabilidad_id`, `id_cotizacion_id`, `id_elemento_visa_id`, `tipo_cliente`, `id_cliente`, `fecha`, `anno`, `credito`, `debito`, `nro_documento`, `orden_operacion`, `banco`, `entrada`, `id_cuentas_unidad_id`, `nro_doc_mostrar`) VALUES (1061, 15, 61, 137, 2, NULL, NULL, NULL, NULL, NULL, 1, 2, 69, 61, NULL, NULL, NULL, NULL, 0, NULL, '2022-01-09', 2022, 733.33, 0, 'FACT-1', 0, NULL, 0, NULL, NULL);
INSERT INTO `asiento` (`id`, `id_cuenta_id`, `id_subcuenta_id`, `id_documento_id`, `id_almacen_id`, `id_centro_costo_id`, `id_elemento_gasto_id`, `id_orden_trabajo_id`, `id_expediente_id`, `id_proveedor_id`, `id_unidad_id`, `id_tipo_comprobante_id`, `id_comprobante_id`, `id_factura_id`, `id_activo_fijo_id`, `id_area_responsabilidad_id`, `id_cotizacion_id`, `id_elemento_visa_id`, `tipo_cliente`, `id_cliente`, `fecha`, `anno`, `credito`, `debito`, `nro_documento`, `orden_operacion`, `banco`, `entrada`, `id_cuentas_unidad_id`, `nro_doc_mostrar`) VALUES (1062, 68, 89, 137, 2, NULL, NULL, NULL, NULL, NULL, 1, 2, 69, 61, NULL, NULL, NULL, NULL, 0, NULL, '2022-01-09', 2022, 0, 1666.67, 'FACT-1', 0, NULL, 0, NULL, NULL);
INSERT INTO `asiento` (`id`, `id_cuenta_id`, `id_subcuenta_id`, `id_documento_id`, `id_almacen_id`, `id_centro_costo_id`, `id_elemento_gasto_id`, `id_orden_trabajo_id`, `id_expediente_id`, `id_proveedor_id`, `id_unidad_id`, `id_tipo_comprobante_id`, `id_comprobante_id`, `id_factura_id`, `id_activo_fijo_id`, `id_area_responsabilidad_id`, `id_cotizacion_id`, `id_elemento_visa_id`, `tipo_cliente`, `id_cliente`, `fecha`, `anno`, `credito`, `debito`, `nro_documento`, `orden_operacion`, `banco`, `entrada`, `id_cuentas_unidad_id`, `nro_doc_mostrar`) VALUES (1063, 15, 61, 137, 2, NULL, NULL, NULL, NULL, NULL, 1, 2, 69, 61, NULL, NULL, NULL, NULL, 0, NULL, '2022-01-09', 2022, 1666.67, 0, 'FACT-1', 0, NULL, 0, NULL, NULL);
INSERT INTO `asiento` (`id`, `id_cuenta_id`, `id_subcuenta_id`, `id_documento_id`, `id_almacen_id`, `id_centro_costo_id`, `id_elemento_gasto_id`, `id_orden_trabajo_id`, `id_expediente_id`, `id_proveedor_id`, `id_unidad_id`, `id_tipo_comprobante_id`, `id_comprobante_id`, `id_factura_id`, `id_activo_fijo_id`, `id_area_responsabilidad_id`, `id_cotizacion_id`, `id_elemento_visa_id`, `tipo_cliente`, `id_cliente`, `fecha`, `anno`, `credito`, `debito`, `nro_documento`, `orden_operacion`, `banco`, `entrada`, `id_cuentas_unidad_id`, `nro_doc_mostrar`) VALUES (1064, 67, 74, 138, 3, NULL, NULL, NULL, NULL, NULL, 1, 2, 68, 61, NULL, NULL, NULL, NULL, 0, NULL, '2022-01-09', 2022, 0, 200, 'FACT-1', 0, NULL, 0, NULL, NULL);
INSERT INTO `asiento` (`id`, `id_cuenta_id`, `id_subcuenta_id`, `id_documento_id`, `id_almacen_id`, `id_centro_costo_id`, `id_elemento_gasto_id`, `id_orden_trabajo_id`, `id_expediente_id`, `id_proveedor_id`, `id_unidad_id`, `id_tipo_comprobante_id`, `id_comprobante_id`, `id_factura_id`, `id_activo_fijo_id`, `id_area_responsabilidad_id`, `id_cotizacion_id`, `id_elemento_visa_id`, `tipo_cliente`, `id_cliente`, `fecha`, `anno`, `credito`, `debito`, `nro_documento`, `orden_operacion`, `banco`, `entrada`, `id_cuentas_unidad_id`, `nro_doc_mostrar`) VALUES (1065, 14, 6, 138, 3, NULL, NULL, NULL, NULL, NULL, 1, 2, 68, 61, NULL, NULL, NULL, NULL, 0, NULL, '2022-01-09', 2022, 200, 0, 'FACT-1', 0, NULL, 0, NULL, NULL);
INSERT INTO `asiento` (`id`, `id_cuenta_id`, `id_subcuenta_id`, `id_documento_id`, `id_almacen_id`, `id_centro_costo_id`, `id_elemento_gasto_id`, `id_orden_trabajo_id`, `id_expediente_id`, `id_proveedor_id`, `id_unidad_id`, `id_tipo_comprobante_id`, `id_comprobante_id`, `id_factura_id`, `id_activo_fijo_id`, `id_area_responsabilidad_id`, `id_cotizacion_id`, `id_elemento_visa_id`, `tipo_cliente`, `id_cliente`, `fecha`, `anno`, `credito`, `debito`, `nro_documento`, `orden_operacion`, `banco`, `entrada`, `id_cuentas_unidad_id`, `nro_doc_mostrar`) VALUES (1066, 8, 72, NULL, NULL, NULL, NULL, NULL, NULL, NULL, 1, 2, 73, 62, NULL, NULL, NULL, NULL, 1, 1, '2022-01-09', 2022, 0, 2588.8, 'FACT-2', 0, NULL, 1, NULL, NULL);
INSERT INTO `asiento` (`id`, `id_cuenta_id`, `id_subcuenta_id`, `id_documento_id`, `id_almacen_id`, `id_centro_costo_id`, `id_elemento_gasto_id`, `id_orden_trabajo_id`, `id_expediente_id`, `id_proveedor_id`, `id_unidad_id`, `id_tipo_comprobante_id`, `id_comprobante_id`, `id_factura_id`, `id_activo_fijo_id`, `id_area_responsabilidad_id`, `id_cotizacion_id`, `id_elemento_visa_id`, `tipo_cliente`, `id_cliente`, `fecha`, `anno`, `credito`, `debito`, `nro_documento`, `orden_operacion`, `banco`, `entrada`, `id_cuentas_unidad_id`, `nro_doc_mostrar`) VALUES (1067, 75, 84, NULL, NULL, NULL, NULL, NULL, NULL, NULL, 1, 2, 73, 62, NULL, NULL, NULL, NULL, 0, NULL, '2022-01-09', 2022, 160, 0, 'FACT-2', 0, NULL, 0, NULL, NULL);
INSERT INTO `asiento` (`id`, `id_cuenta_id`, `id_subcuenta_id`, `id_documento_id`, `id_almacen_id`, `id_centro_costo_id`, `id_elemento_gasto_id`, `id_orden_trabajo_id`, `id_expediente_id`, `id_proveedor_id`, `id_unidad_id`, `id_tipo_comprobante_id`, `id_comprobante_id`, `id_factura_id`, `id_activo_fijo_id`, `id_area_responsabilidad_id`, `id_cotizacion_id`, `id_elemento_visa_id`, `tipo_cliente`, `id_cliente`, `fecha`, `anno`, `credito`, `debito`, `nro_documento`, `orden_operacion`, `banco`, `entrada`, `id_cuentas_unidad_id`, `nro_doc_mostrar`) VALUES (1068, 76, 81, NULL, NULL, NULL, NULL, NULL, NULL, NULL, 1, 2, 73, 62, NULL, NULL, NULL, NULL, 0, NULL, '2022-01-09', 2022, 2400, 0, 'FACT-2', 0, NULL, 0, NULL, NULL);
INSERT INTO `asiento` (`id`, `id_cuenta_id`, `id_subcuenta_id`, `id_documento_id`, `id_almacen_id`, `id_centro_costo_id`, `id_elemento_gasto_id`, `id_orden_trabajo_id`, `id_expediente_id`, `id_proveedor_id`, `id_unidad_id`, `id_tipo_comprobante_id`, `id_comprobante_id`, `id_factura_id`, `id_activo_fijo_id`, `id_area_responsabilidad_id`, `id_cotizacion_id`, `id_elemento_visa_id`, `tipo_cliente`, `id_cliente`, `fecha`, `anno`, `credito`, `debito`, `nro_documento`, `orden_operacion`, `banco`, `entrada`, `id_cuentas_unidad_id`, `nro_doc_mostrar`) VALUES (1069, 41, 34, NULL, NULL, NULL, NULL, NULL, NULL, NULL, 1, 2, 73, 62, NULL, NULL, NULL, NULL, 0, NULL, '2022-01-09', 2022, 28.8, 0, 'FACT-2', 0, NULL, 0, NULL, NULL);
INSERT INTO `asiento` (`id`, `id_cuenta_id`, `id_subcuenta_id`, `id_documento_id`, `id_almacen_id`, `id_centro_costo_id`, `id_elemento_gasto_id`, `id_orden_trabajo_id`, `id_expediente_id`, `id_proveedor_id`, `id_unidad_id`, `id_tipo_comprobante_id`, `id_comprobante_id`, `id_factura_id`, `id_activo_fijo_id`, `id_area_responsabilidad_id`, `id_cotizacion_id`, `id_elemento_visa_id`, `tipo_cliente`, `id_cliente`, `fecha`, `anno`, `credito`, `debito`, `nro_documento`, `orden_operacion`, `banco`, `entrada`, `id_cuentas_unidad_id`, `nro_doc_mostrar`) VALUES (1070, 68, 89, 139, 2, NULL, NULL, NULL, NULL, NULL, 1, 2, 69, 62, NULL, NULL, NULL, NULL, 0, NULL, '2022-01-09', 2022, 0, 146.67, 'FACT-2', 0, NULL, 0, NULL, NULL);
INSERT INTO `asiento` (`id`, `id_cuenta_id`, `id_subcuenta_id`, `id_documento_id`, `id_almacen_id`, `id_centro_costo_id`, `id_elemento_gasto_id`, `id_orden_trabajo_id`, `id_expediente_id`, `id_proveedor_id`, `id_unidad_id`, `id_tipo_comprobante_id`, `id_comprobante_id`, `id_factura_id`, `id_activo_fijo_id`, `id_area_responsabilidad_id`, `id_cotizacion_id`, `id_elemento_visa_id`, `tipo_cliente`, `id_cliente`, `fecha`, `anno`, `credito`, `debito`, `nro_documento`, `orden_operacion`, `banco`, `entrada`, `id_cuentas_unidad_id`, `nro_doc_mostrar`) VALUES (1071, 15, 61, 139, 2, NULL, NULL, NULL, NULL, NULL, 1, 2, 69, 62, NULL, NULL, NULL, NULL, 0, NULL, '2022-01-09', 2022, 146.67, 0, 'FACT-2', 0, NULL, 0, NULL, NULL);
INSERT INTO `asiento` (`id`, `id_cuenta_id`, `id_subcuenta_id`, `id_documento_id`, `id_almacen_id`, `id_centro_costo_id`, `id_elemento_gasto_id`, `id_orden_trabajo_id`, `id_expediente_id`, `id_proveedor_id`, `id_unidad_id`, `id_tipo_comprobante_id`, `id_comprobante_id`, `id_factura_id`, `id_activo_fijo_id`, `id_area_responsabilidad_id`, `id_cotizacion_id`, `id_elemento_visa_id`, `tipo_cliente`, `id_cliente`, `fecha`, `anno`, `credito`, `debito`, `nro_documento`, `orden_operacion`, `banco`, `entrada`, `id_cuentas_unidad_id`, `nro_doc_mostrar`) VALUES (1072, 67, 74, 140, 3, NULL, NULL, NULL, NULL, NULL, 1, 2, 68, 62, NULL, NULL, NULL, NULL, 0, NULL, '2022-01-09', 2022, 0, 1200, 'FACT-2', 0, NULL, 0, NULL, NULL);
INSERT INTO `asiento` (`id`, `id_cuenta_id`, `id_subcuenta_id`, `id_documento_id`, `id_almacen_id`, `id_centro_costo_id`, `id_elemento_gasto_id`, `id_orden_trabajo_id`, `id_expediente_id`, `id_proveedor_id`, `id_unidad_id`, `id_tipo_comprobante_id`, `id_comprobante_id`, `id_factura_id`, `id_activo_fijo_id`, `id_area_responsabilidad_id`, `id_cotizacion_id`, `id_elemento_visa_id`, `tipo_cliente`, `id_cliente`, `fecha`, `anno`, `credito`, `debito`, `nro_documento`, `orden_operacion`, `banco`, `entrada`, `id_cuentas_unidad_id`, `nro_doc_mostrar`) VALUES (1073, 14, 6, 140, 3, NULL, NULL, NULL, NULL, NULL, 1, 2, 68, 62, NULL, NULL, NULL, NULL, 0, NULL, '2022-01-09', 2022, 1200, 0, 'FACT-2', 0, NULL, 0, NULL, NULL);
INSERT INTO `asiento` (`id`, `id_cuenta_id`, `id_subcuenta_id`, `id_documento_id`, `id_almacen_id`, `id_centro_costo_id`, `id_elemento_gasto_id`, `id_orden_trabajo_id`, `id_expediente_id`, `id_proveedor_id`, `id_unidad_id`, `id_tipo_comprobante_id`, `id_comprobante_id`, `id_factura_id`, `id_activo_fijo_id`, `id_area_responsabilidad_id`, `id_cotizacion_id`, `id_elemento_visa_id`, `tipo_cliente`, `id_cliente`, `fecha`, `anno`, `credito`, `debito`, `nro_documento`, `orden_operacion`, `banco`, `entrada`, `id_cuentas_unidad_id`, `nro_doc_mostrar`) VALUES (1074, 8, 72, NULL, NULL, NULL, NULL, NULL, NULL, NULL, 1, NULL, NULL, 63, NULL, NULL, NULL, NULL, 1, 8, '2023-07-31', 2022, 0, 35.4, 'FACT-3', 0, NULL, 0, NULL, NULL);
INSERT INTO `asiento` (`id`, `id_cuenta_id`, `id_subcuenta_id`, `id_documento_id`, `id_almacen_id`, `id_centro_costo_id`, `id_elemento_gasto_id`, `id_orden_trabajo_id`, `id_expediente_id`, `id_proveedor_id`, `id_unidad_id`, `id_tipo_comprobante_id`, `id_comprobante_id`, `id_factura_id`, `id_activo_fijo_id`, `id_area_responsabilidad_id`, `id_cotizacion_id`, `id_elemento_visa_id`, `tipo_cliente`, `id_cliente`, `fecha`, `anno`, `credito`, `debito`, `nro_documento`, `orden_operacion`, `banco`, `entrada`, `id_cuentas_unidad_id`, `nro_doc_mostrar`) VALUES (1075, 84, 63, NULL, NULL, NULL, NULL, NULL, NULL, 1, 1, NULL, NULL, 63, NULL, NULL, NULL, NULL, 0, NULL, '2023-07-31', 2022, 0, 1000, 'FACT-3', 0, NULL, 0, NULL, NULL);
INSERT INTO `asiento` (`id`, `id_cuenta_id`, `id_subcuenta_id`, `id_documento_id`, `id_almacen_id`, `id_centro_costo_id`, `id_elemento_gasto_id`, `id_orden_trabajo_id`, `id_expediente_id`, `id_proveedor_id`, `id_unidad_id`, `id_tipo_comprobante_id`, `id_comprobante_id`, `id_factura_id`, `id_activo_fijo_id`, `id_area_responsabilidad_id`, `id_cotizacion_id`, `id_elemento_visa_id`, `tipo_cliente`, `id_cliente`, `fecha`, `anno`, `credito`, `debito`, `nro_documento`, `orden_operacion`, `banco`, `entrada`, `id_cuentas_unidad_id`, `nro_doc_mostrar`) VALUES (1076, 84, 63, NULL, NULL, NULL, NULL, NULL, NULL, 3, 1, NULL, NULL, 63, NULL, NULL, NULL, NULL, 0, NULL, '2023-07-31', 2022, 0, 0, 'FACT-3', 0, NULL, 0, NULL, NULL);
INSERT INTO `asiento` (`id`, `id_cuenta_id`, `id_subcuenta_id`, `id_documento_id`, `id_almacen_id`, `id_centro_costo_id`, `id_elemento_gasto_id`, `id_orden_trabajo_id`, `id_expediente_id`, `id_proveedor_id`, `id_unidad_id`, `id_tipo_comprobante_id`, `id_comprobante_id`, `id_factura_id`, `id_activo_fijo_id`, `id_area_responsabilidad_id`, `id_cotizacion_id`, `id_elemento_visa_id`, `tipo_cliente`, `id_cliente`, `fecha`, `anno`, `credito`, `debito`, `nro_documento`, `orden_operacion`, `banco`, `entrada`, `id_cuentas_unidad_id`, `nro_doc_mostrar`) VALUES (1077, 36, 105, NULL, NULL, NULL, NULL, NULL, NULL, 1, 1, NULL, NULL, 63, NULL, NULL, NULL, NULL, 0, NULL, '2023-07-31', 2022, 1000, 0, 'FACT-3', 0, NULL, 0, NULL, NULL);
INSERT INTO `asiento` (`id`, `id_cuenta_id`, `id_subcuenta_id`, `id_documento_id`, `id_almacen_id`, `id_centro_costo_id`, `id_elemento_gasto_id`, `id_orden_trabajo_id`, `id_expediente_id`, `id_proveedor_id`, `id_unidad_id`, `id_tipo_comprobante_id`, `id_comprobante_id`, `id_factura_id`, `id_activo_fijo_id`, `id_area_responsabilidad_id`, `id_cotizacion_id`, `id_elemento_visa_id`, `tipo_cliente`, `id_cliente`, `fecha`, `anno`, `credito`, `debito`, `nro_documento`, `orden_operacion`, `banco`, `entrada`, `id_cuentas_unidad_id`, `nro_doc_mostrar`) VALUES (1078, 83, 119, NULL, NULL, NULL, NULL, NULL, NULL, NULL, 1, NULL, NULL, 63, NULL, NULL, NULL, NULL, 0, NULL, '2023-07-31', 2022, 16, 0, 'FACT-3', 0, NULL, 1, NULL, NULL);
INSERT INTO `asiento` (`id`, `id_cuenta_id`, `id_subcuenta_id`, `id_documento_id`, `id_almacen_id`, `id_centro_costo_id`, `id_elemento_gasto_id`, `id_orden_trabajo_id`, `id_expediente_id`, `id_proveedor_id`, `id_unidad_id`, `id_tipo_comprobante_id`, `id_comprobante_id`, `id_factura_id`, `id_activo_fijo_id`, `id_area_responsabilidad_id`, `id_cotizacion_id`, `id_elemento_visa_id`, `tipo_cliente`, `id_cliente`, `fecha`, `anno`, `credito`, `debito`, `nro_documento`, `orden_operacion`, `banco`, `entrada`, `id_cuentas_unidad_id`, `nro_doc_mostrar`) VALUES (1079, 36, 108, NULL, NULL, NULL, NULL, NULL, NULL, 3, 1, NULL, NULL, 63, NULL, NULL, NULL, NULL, 0, NULL, '2023-07-31', 2022, 0, 0, 'FACT-3', 0, NULL, 0, NULL, NULL);
INSERT INTO `asiento` (`id`, `id_cuenta_id`, `id_subcuenta_id`, `id_documento_id`, `id_almacen_id`, `id_centro_costo_id`, `id_elemento_gasto_id`, `id_orden_trabajo_id`, `id_expediente_id`, `id_proveedor_id`, `id_unidad_id`, `id_tipo_comprobante_id`, `id_comprobante_id`, `id_factura_id`, `id_activo_fijo_id`, `id_area_responsabilidad_id`, `id_cotizacion_id`, `id_elemento_visa_id`, `tipo_cliente`, `id_cliente`, `fecha`, `anno`, `credito`, `debito`, `nro_documento`, `orden_operacion`, `banco`, `entrada`, `id_cuentas_unidad_id`, `nro_doc_mostrar`) VALUES (1080, 83, 122, NULL, NULL, NULL, NULL, NULL, NULL, NULL, 1, NULL, NULL, 63, NULL, NULL, NULL, NULL, 0, NULL, '2023-07-31', 2022, 14, 0, 'FACT-3', 0, NULL, 1, NULL, NULL);
INSERT INTO `asiento` (`id`, `id_cuenta_id`, `id_subcuenta_id`, `id_documento_id`, `id_almacen_id`, `id_centro_costo_id`, `id_elemento_gasto_id`, `id_orden_trabajo_id`, `id_expediente_id`, `id_proveedor_id`, `id_unidad_id`, `id_tipo_comprobante_id`, `id_comprobante_id`, `id_factura_id`, `id_activo_fijo_id`, `id_area_responsabilidad_id`, `id_cotizacion_id`, `id_elemento_visa_id`, `tipo_cliente`, `id_cliente`, `fecha`, `anno`, `credito`, `debito`, `nro_documento`, `orden_operacion`, `banco`, `entrada`, `id_cuentas_unidad_id`, `nro_doc_mostrar`) VALUES (1081, 41, 34, NULL, NULL, NULL, NULL, NULL, NULL, NULL, 1, NULL, NULL, 63, NULL, NULL, NULL, NULL, 0, NULL, '2023-07-31', 2022, 5.4, 0, 'FACT-3', 0, NULL, 0, NULL, NULL);
INSERT INTO `asiento` (`id`, `id_cuenta_id`, `id_subcuenta_id`, `id_documento_id`, `id_almacen_id`, `id_centro_costo_id`, `id_elemento_gasto_id`, `id_orden_trabajo_id`, `id_expediente_id`, `id_proveedor_id`, `id_unidad_id`, `id_tipo_comprobante_id`, `id_comprobante_id`, `id_factura_id`, `id_activo_fijo_id`, `id_area_responsabilidad_id`, `id_cotizacion_id`, `id_elemento_visa_id`, `tipo_cliente`, `id_cliente`, `fecha`, `anno`, `credito`, `debito`, `nro_documento`, `orden_operacion`, `banco`, `entrada`, `id_cuentas_unidad_id`, `nro_doc_mostrar`) VALUES (1082, 69, 97, NULL, NULL, NULL, 13, NULL, NULL, NULL, 1, 2, 74, NULL, NULL, NULL, NULL, NULL, 0, NULL, '2022-01-10', 2022, 0, 71250, '01.01.2022', 0, NULL, NULL, NULL, NULL);
INSERT INTO `asiento` (`id`, `id_cuenta_id`, `id_subcuenta_id`, `id_documento_id`, `id_almacen_id`, `id_centro_costo_id`, `id_elemento_gasto_id`, `id_orden_trabajo_id`, `id_expediente_id`, `id_proveedor_id`, `id_unidad_id`, `id_tipo_comprobante_id`, `id_comprobante_id`, `id_factura_id`, `id_activo_fijo_id`, `id_area_responsabilidad_id`, `id_cotizacion_id`, `id_elemento_visa_id`, `tipo_cliente`, `id_cliente`, `fecha`, `anno`, `credito`, `debito`, `nro_documento`, `orden_operacion`, `banco`, `entrada`, `id_cuentas_unidad_id`, `nro_doc_mostrar`) VALUES (1083, 74, 139, NULL, NULL, NULL, NULL, NULL, NULL, NULL, 1, 2, 74, NULL, NULL, NULL, NULL, NULL, 0, NULL, '2022-01-10', 2022, 0, 4963, '01.01.2022', 0, NULL, NULL, NULL, NULL);
INSERT INTO `asiento` (`id`, `id_cuenta_id`, `id_subcuenta_id`, `id_documento_id`, `id_almacen_id`, `id_centro_costo_id`, `id_elemento_gasto_id`, `id_orden_trabajo_id`, `id_expediente_id`, `id_proveedor_id`, `id_unidad_id`, `id_tipo_comprobante_id`, `id_comprobante_id`, `id_factura_id`, `id_activo_fijo_id`, `id_area_responsabilidad_id`, `id_cotizacion_id`, `id_elemento_visa_id`, `tipo_cliente`, `id_cliente`, `fecha`, `anno`, `credito`, `debito`, `nro_documento`, `orden_operacion`, `banco`, `entrada`, `id_cuentas_unidad_id`, `nro_doc_mostrar`) VALUES (1084, 74, 140, NULL, NULL, NULL, NULL, NULL, NULL, NULL, 1, 2, 74, NULL, NULL, NULL, NULL, NULL, 0, NULL, '2022-01-10', 2022, 0, 4970, '01.01.2022', 0, NULL, NULL, NULL, NULL);
INSERT INTO `asiento` (`id`, `id_cuenta_id`, `id_subcuenta_id`, `id_documento_id`, `id_almacen_id`, `id_centro_costo_id`, `id_elemento_gasto_id`, `id_orden_trabajo_id`, `id_expediente_id`, `id_proveedor_id`, `id_unidad_id`, `id_tipo_comprobante_id`, `id_comprobante_id`, `id_factura_id`, `id_activo_fijo_id`, `id_area_responsabilidad_id`, `id_cotizacion_id`, `id_elemento_visa_id`, `tipo_cliente`, `id_cliente`, `fecha`, `anno`, `credito`, `debito`, `nro_documento`, `orden_operacion`, `banco`, `entrada`, `id_cuentas_unidad_id`, `nro_doc_mostrar`) VALUES (1085, 74, 141, NULL, NULL, NULL, NULL, NULL, NULL, NULL, 1, 2, 74, NULL, NULL, NULL, NULL, NULL, 0, NULL, '2022-01-10', 2022, 0, 770, '01.01.2022', 0, NULL, NULL, NULL, NULL);
INSERT INTO `asiento` (`id`, `id_cuenta_id`, `id_subcuenta_id`, `id_documento_id`, `id_almacen_id`, `id_centro_costo_id`, `id_elemento_gasto_id`, `id_orden_trabajo_id`, `id_expediente_id`, `id_proveedor_id`, `id_unidad_id`, `id_tipo_comprobante_id`, `id_comprobante_id`, `id_factura_id`, `id_activo_fijo_id`, `id_area_responsabilidad_id`, `id_cotizacion_id`, `id_elemento_visa_id`, `tipo_cliente`, `id_cliente`, `fecha`, `anno`, `credito`, `debito`, `nro_documento`, `orden_operacion`, `banco`, `entrada`, `id_cuentas_unidad_id`, `nro_doc_mostrar`) VALUES (1086, 74, 142, NULL, NULL, NULL, NULL, NULL, NULL, NULL, 1, 2, 74, NULL, NULL, NULL, NULL, NULL, 0, NULL, '2022-01-10', 2022, 0, 700, '01.01.2022', 0, NULL, NULL, NULL, NULL);
INSERT INTO `asiento` (`id`, `id_cuenta_id`, `id_subcuenta_id`, `id_documento_id`, `id_almacen_id`, `id_centro_costo_id`, `id_elemento_gasto_id`, `id_orden_trabajo_id`, `id_expediente_id`, `id_proveedor_id`, `id_unidad_id`, `id_tipo_comprobante_id`, `id_comprobante_id`, `id_factura_id`, `id_activo_fijo_id`, `id_area_responsabilidad_id`, `id_cotizacion_id`, `id_elemento_visa_id`, `tipo_cliente`, `id_cliente`, `fecha`, `anno`, `credito`, `debito`, `nro_documento`, `orden_operacion`, `banco`, `entrada`, `id_cuentas_unidad_id`, `nro_doc_mostrar`) VALUES (1087, 42, 152, NULL, NULL, NULL, NULL, NULL, NULL, NULL, 1, 2, 74, NULL, NULL, NULL, NULL, NULL, 0, NULL, '2022-01-10', 2022, 58694.55, 0, '01.01.2022', 0, NULL, NULL, NULL, NULL);
INSERT INTO `asiento` (`id`, `id_cuenta_id`, `id_subcuenta_id`, `id_documento_id`, `id_almacen_id`, `id_centro_costo_id`, `id_elemento_gasto_id`, `id_orden_trabajo_id`, `id_expediente_id`, `id_proveedor_id`, `id_unidad_id`, `id_tipo_comprobante_id`, `id_comprobante_id`, `id_factura_id`, `id_activo_fijo_id`, `id_area_responsabilidad_id`, `id_cotizacion_id`, `id_elemento_visa_id`, `tipo_cliente`, `id_cliente`, `fecha`, `anno`, `credito`, `debito`, `nro_documento`, `orden_operacion`, `banco`, `entrada`, `id_cuentas_unidad_id`, `nro_doc_mostrar`) VALUES (1088, 41, 37, NULL, NULL, NULL, NULL, NULL, NULL, NULL, 1, 2, 74, NULL, NULL, NULL, NULL, NULL, 0, NULL, '2022-01-10', 2022, 5368.45, 0, '01.01.2022', 0, NULL, NULL, NULL, NULL);
INSERT INTO `asiento` (`id`, `id_cuenta_id`, `id_subcuenta_id`, `id_documento_id`, `id_almacen_id`, `id_centro_costo_id`, `id_elemento_gasto_id`, `id_orden_trabajo_id`, `id_expediente_id`, `id_proveedor_id`, `id_unidad_id`, `id_tipo_comprobante_id`, `id_comprobante_id`, `id_factura_id`, `id_activo_fijo_id`, `id_area_responsabilidad_id`, `id_cotizacion_id`, `id_elemento_visa_id`, `tipo_cliente`, `id_cliente`, `fecha`, `anno`, `credito`, `debito`, `nro_documento`, `orden_operacion`, `banco`, `entrada`, `id_cuentas_unidad_id`, `nro_doc_mostrar`) VALUES (1089, 41, 143, NULL, NULL, NULL, NULL, NULL, NULL, NULL, 1, 2, 74, NULL, NULL, NULL, NULL, NULL, 0, NULL, '2022-01-10', 2022, 2128, 0, '01.01.2022', 0, NULL, NULL, NULL, NULL);
INSERT INTO `asiento` (`id`, `id_cuenta_id`, `id_subcuenta_id`, `id_documento_id`, `id_almacen_id`, `id_centro_costo_id`, `id_elemento_gasto_id`, `id_orden_trabajo_id`, `id_expediente_id`, `id_proveedor_id`, `id_unidad_id`, `id_tipo_comprobante_id`, `id_comprobante_id`, `id_factura_id`, `id_activo_fijo_id`, `id_area_responsabilidad_id`, `id_cotizacion_id`, `id_elemento_visa_id`, `tipo_cliente`, `id_cliente`, `fecha`, `anno`, `credito`, `debito`, `nro_documento`, `orden_operacion`, `banco`, `entrada`, `id_cuentas_unidad_id`, `nro_doc_mostrar`) VALUES (1090, 41, 144, NULL, NULL, NULL, NULL, NULL, NULL, NULL, 1, 2, 74, NULL, NULL, NULL, NULL, NULL, 0, NULL, '2022-01-10', 2022, 2009, 0, '01.01.2022', 0, NULL, NULL, NULL, NULL);
INSERT INTO `asiento` (`id`, `id_cuenta_id`, `id_subcuenta_id`, `id_documento_id`, `id_almacen_id`, `id_centro_costo_id`, `id_elemento_gasto_id`, `id_orden_trabajo_id`, `id_expediente_id`, `id_proveedor_id`, `id_unidad_id`, `id_tipo_comprobante_id`, `id_comprobante_id`, `id_factura_id`, `id_activo_fijo_id`, `id_area_responsabilidad_id`, `id_cotizacion_id`, `id_elemento_visa_id`, `tipo_cliente`, `id_cliente`, `fecha`, `anno`, `credito`, `debito`, `nro_documento`, `orden_operacion`, `banco`, `entrada`, `id_cuentas_unidad_id`, `nro_doc_mostrar`) VALUES (1091, 41, 145, NULL, NULL, NULL, NULL, NULL, NULL, NULL, 1, 2, 74, NULL, NULL, NULL, NULL, NULL, 0, NULL, '2022-01-10', 2022, 1750, 0, '01.01.2022', 0, NULL, NULL, NULL, NULL);
INSERT INTO `asiento` (`id`, `id_cuenta_id`, `id_subcuenta_id`, `id_documento_id`, `id_almacen_id`, `id_centro_costo_id`, `id_elemento_gasto_id`, `id_orden_trabajo_id`, `id_expediente_id`, `id_proveedor_id`, `id_unidad_id`, `id_tipo_comprobante_id`, `id_comprobante_id`, `id_factura_id`, `id_activo_fijo_id`, `id_area_responsabilidad_id`, `id_cotizacion_id`, `id_elemento_visa_id`, `tipo_cliente`, `id_cliente`, `fecha`, `anno`, `credito`, `debito`, `nro_documento`, `orden_operacion`, `banco`, `entrada`, `id_cuentas_unidad_id`, `nro_doc_mostrar`) VALUES (1092, 41, 146, NULL, NULL, NULL, NULL, NULL, NULL, NULL, 1, 2, 74, NULL, NULL, NULL, NULL, NULL, 0, NULL, '2022-01-10', 2022, 500, 0, '01.01.2022', 0, NULL, NULL, NULL, NULL);
INSERT INTO `asiento` (`id`, `id_cuenta_id`, `id_subcuenta_id`, `id_documento_id`, `id_almacen_id`, `id_centro_costo_id`, `id_elemento_gasto_id`, `id_orden_trabajo_id`, `id_expediente_id`, `id_proveedor_id`, `id_unidad_id`, `id_tipo_comprobante_id`, `id_comprobante_id`, `id_factura_id`, `id_activo_fijo_id`, `id_area_responsabilidad_id`, `id_cotizacion_id`, `id_elemento_visa_id`, `tipo_cliente`, `id_cliente`, `fecha`, `anno`, `credito`, `debito`, `nro_documento`, `orden_operacion`, `banco`, `entrada`, `id_cuentas_unidad_id`, `nro_doc_mostrar`) VALUES (1093, 41, 147, NULL, NULL, NULL, NULL, NULL, NULL, NULL, 1, 2, 74, NULL, NULL, NULL, NULL, NULL, 0, NULL, '2022-01-10', 2022, 800, 0, '01.01.2022', 0, NULL, NULL, NULL, NULL);
INSERT INTO `asiento` (`id`, `id_cuenta_id`, `id_subcuenta_id`, `id_documento_id`, `id_almacen_id`, `id_centro_costo_id`, `id_elemento_gasto_id`, `id_orden_trabajo_id`, `id_expediente_id`, `id_proveedor_id`, `id_unidad_id`, `id_tipo_comprobante_id`, `id_comprobante_id`, `id_factura_id`, `id_activo_fijo_id`, `id_area_responsabilidad_id`, `id_cotizacion_id`, `id_elemento_visa_id`, `tipo_cliente`, `id_cliente`, `fecha`, `anno`, `credito`, `debito`, `nro_documento`, `orden_operacion`, `banco`, `entrada`, `id_cuentas_unidad_id`, `nro_doc_mostrar`) VALUES (1094, 41, 148, NULL, NULL, NULL, NULL, NULL, NULL, NULL, 1, 2, 74, NULL, NULL, NULL, NULL, NULL, 0, NULL, '2022-01-10', 2022, 4963, 0, '01.01.2022', 0, NULL, NULL, NULL, NULL);
INSERT INTO `asiento` (`id`, `id_cuenta_id`, `id_subcuenta_id`, `id_documento_id`, `id_almacen_id`, `id_centro_costo_id`, `id_elemento_gasto_id`, `id_orden_trabajo_id`, `id_expediente_id`, `id_proveedor_id`, `id_unidad_id`, `id_tipo_comprobante_id`, `id_comprobante_id`, `id_factura_id`, `id_activo_fijo_id`, `id_area_responsabilidad_id`, `id_cotizacion_id`, `id_elemento_visa_id`, `tipo_cliente`, `id_cliente`, `fecha`, `anno`, `credito`, `debito`, `nro_documento`, `orden_operacion`, `banco`, `entrada`, `id_cuentas_unidad_id`, `nro_doc_mostrar`) VALUES (1095, 41, 149, NULL, NULL, NULL, NULL, NULL, NULL, NULL, 1, 2, 74, NULL, NULL, NULL, NULL, NULL, 0, NULL, '2022-01-10', 2022, 4970, 0, '01.01.2022', 0, NULL, NULL, NULL, NULL);
INSERT INTO `asiento` (`id`, `id_cuenta_id`, `id_subcuenta_id`, `id_documento_id`, `id_almacen_id`, `id_centro_costo_id`, `id_elemento_gasto_id`, `id_orden_trabajo_id`, `id_expediente_id`, `id_proveedor_id`, `id_unidad_id`, `id_tipo_comprobante_id`, `id_comprobante_id`, `id_factura_id`, `id_activo_fijo_id`, `id_area_responsabilidad_id`, `id_cotizacion_id`, `id_elemento_visa_id`, `tipo_cliente`, `id_cliente`, `fecha`, `anno`, `credito`, `debito`, `nro_documento`, `orden_operacion`, `banco`, `entrada`, `id_cuentas_unidad_id`, `nro_doc_mostrar`) VALUES (1096, 41, 150, NULL, NULL, NULL, NULL, NULL, NULL, NULL, 1, 2, 74, NULL, NULL, NULL, NULL, NULL, 0, NULL, '2022-01-10', 2022, 770, 0, '01.01.2022', 0, NULL, NULL, NULL, NULL);
INSERT INTO `asiento` (`id`, `id_cuenta_id`, `id_subcuenta_id`, `id_documento_id`, `id_almacen_id`, `id_centro_costo_id`, `id_elemento_gasto_id`, `id_orden_trabajo_id`, `id_expediente_id`, `id_proveedor_id`, `id_unidad_id`, `id_tipo_comprobante_id`, `id_comprobante_id`, `id_factura_id`, `id_activo_fijo_id`, `id_area_responsabilidad_id`, `id_cotizacion_id`, `id_elemento_visa_id`, `tipo_cliente`, `id_cliente`, `fecha`, `anno`, `credito`, `debito`, `nro_documento`, `orden_operacion`, `banco`, `entrada`, `id_cuentas_unidad_id`, `nro_doc_mostrar`) VALUES (1097, 41, 151, NULL, NULL, NULL, NULL, NULL, NULL, NULL, 1, 2, 74, NULL, NULL, NULL, NULL, NULL, 0, NULL, '2022-01-10', 2022, 700, 0, '01.01.2022', 0, NULL, NULL, NULL, NULL);
INSERT INTO `asiento` (`id`, `id_cuenta_id`, `id_subcuenta_id`, `id_documento_id`, `id_almacen_id`, `id_centro_costo_id`, `id_elemento_gasto_id`, `id_orden_trabajo_id`, `id_expediente_id`, `id_proveedor_id`, `id_unidad_id`, `id_tipo_comprobante_id`, `id_comprobante_id`, `id_factura_id`, `id_activo_fijo_id`, `id_area_responsabilidad_id`, `id_cotizacion_id`, `id_elemento_visa_id`, `tipo_cliente`, `id_cliente`, `fecha`, `anno`, `credito`, `debito`, `nro_documento`, `orden_operacion`, `banco`, `entrada`, `id_cuentas_unidad_id`, `nro_doc_mostrar`) VALUES (1098, 69, 97, NULL, NULL, NULL, 13, NULL, NULL, NULL, 1, 2, 75, NULL, NULL, NULL, NULL, NULL, 0, NULL, '2022-01-10', 2022, 71250, 0, '01.01.2022', 0, NULL, NULL, NULL, NULL);
INSERT INTO `asiento` (`id`, `id_cuenta_id`, `id_subcuenta_id`, `id_documento_id`, `id_almacen_id`, `id_centro_costo_id`, `id_elemento_gasto_id`, `id_orden_trabajo_id`, `id_expediente_id`, `id_proveedor_id`, `id_unidad_id`, `id_tipo_comprobante_id`, `id_comprobante_id`, `id_factura_id`, `id_activo_fijo_id`, `id_area_responsabilidad_id`, `id_cotizacion_id`, `id_elemento_visa_id`, `tipo_cliente`, `id_cliente`, `fecha`, `anno`, `credito`, `debito`, `nro_documento`, `orden_operacion`, `banco`, `entrada`, `id_cuentas_unidad_id`, `nro_doc_mostrar`) VALUES (1099, 74, 139, NULL, NULL, NULL, NULL, NULL, NULL, NULL, 1, 2, 75, NULL, NULL, NULL, NULL, NULL, 0, NULL, '2022-01-10', 2022, 4963, 0, '01.01.2022', 0, NULL, NULL, NULL, NULL);
INSERT INTO `asiento` (`id`, `id_cuenta_id`, `id_subcuenta_id`, `id_documento_id`, `id_almacen_id`, `id_centro_costo_id`, `id_elemento_gasto_id`, `id_orden_trabajo_id`, `id_expediente_id`, `id_proveedor_id`, `id_unidad_id`, `id_tipo_comprobante_id`, `id_comprobante_id`, `id_factura_id`, `id_activo_fijo_id`, `id_area_responsabilidad_id`, `id_cotizacion_id`, `id_elemento_visa_id`, `tipo_cliente`, `id_cliente`, `fecha`, `anno`, `credito`, `debito`, `nro_documento`, `orden_operacion`, `banco`, `entrada`, `id_cuentas_unidad_id`, `nro_doc_mostrar`) VALUES (1100, 74, 140, NULL, NULL, NULL, NULL, NULL, NULL, NULL, 1, 2, 75, NULL, NULL, NULL, NULL, NULL, 0, NULL, '2022-01-10', 2022, 4970, 0, '01.01.2022', 0, NULL, NULL, NULL, NULL);
INSERT INTO `asiento` (`id`, `id_cuenta_id`, `id_subcuenta_id`, `id_documento_id`, `id_almacen_id`, `id_centro_costo_id`, `id_elemento_gasto_id`, `id_orden_trabajo_id`, `id_expediente_id`, `id_proveedor_id`, `id_unidad_id`, `id_tipo_comprobante_id`, `id_comprobante_id`, `id_factura_id`, `id_activo_fijo_id`, `id_area_responsabilidad_id`, `id_cotizacion_id`, `id_elemento_visa_id`, `tipo_cliente`, `id_cliente`, `fecha`, `anno`, `credito`, `debito`, `nro_documento`, `orden_operacion`, `banco`, `entrada`, `id_cuentas_unidad_id`, `nro_doc_mostrar`) VALUES (1101, 74, 141, NULL, NULL, NULL, NULL, NULL, NULL, NULL, 1, 2, 75, NULL, NULL, NULL, NULL, NULL, 0, NULL, '2022-01-10', 2022, 770, 0, '01.01.2022', 0, NULL, NULL, NULL, NULL);
INSERT INTO `asiento` (`id`, `id_cuenta_id`, `id_subcuenta_id`, `id_documento_id`, `id_almacen_id`, `id_centro_costo_id`, `id_elemento_gasto_id`, `id_orden_trabajo_id`, `id_expediente_id`, `id_proveedor_id`, `id_unidad_id`, `id_tipo_comprobante_id`, `id_comprobante_id`, `id_factura_id`, `id_activo_fijo_id`, `id_area_responsabilidad_id`, `id_cotizacion_id`, `id_elemento_visa_id`, `tipo_cliente`, `id_cliente`, `fecha`, `anno`, `credito`, `debito`, `nro_documento`, `orden_operacion`, `banco`, `entrada`, `id_cuentas_unidad_id`, `nro_doc_mostrar`) VALUES (1102, 74, 142, NULL, NULL, NULL, NULL, NULL, NULL, NULL, 1, 2, 75, NULL, NULL, NULL, NULL, NULL, 0, NULL, '2022-01-10', 2022, 700, 0, '01.01.2022', 0, NULL, NULL, NULL, NULL);
INSERT INTO `asiento` (`id`, `id_cuenta_id`, `id_subcuenta_id`, `id_documento_id`, `id_almacen_id`, `id_centro_costo_id`, `id_elemento_gasto_id`, `id_orden_trabajo_id`, `id_expediente_id`, `id_proveedor_id`, `id_unidad_id`, `id_tipo_comprobante_id`, `id_comprobante_id`, `id_factura_id`, `id_activo_fijo_id`, `id_area_responsabilidad_id`, `id_cotizacion_id`, `id_elemento_visa_id`, `tipo_cliente`, `id_cliente`, `fecha`, `anno`, `credito`, `debito`, `nro_documento`, `orden_operacion`, `banco`, `entrada`, `id_cuentas_unidad_id`, `nro_doc_mostrar`) VALUES (1103, 42, 152, NULL, NULL, NULL, NULL, NULL, NULL, NULL, 1, 2, 75, NULL, NULL, NULL, NULL, NULL, 0, NULL, '2022-01-10', 2022, 0, 58694.55, '01.01.2022', 0, NULL, NULL, NULL, NULL);
INSERT INTO `asiento` (`id`, `id_cuenta_id`, `id_subcuenta_id`, `id_documento_id`, `id_almacen_id`, `id_centro_costo_id`, `id_elemento_gasto_id`, `id_orden_trabajo_id`, `id_expediente_id`, `id_proveedor_id`, `id_unidad_id`, `id_tipo_comprobante_id`, `id_comprobante_id`, `id_factura_id`, `id_activo_fijo_id`, `id_area_responsabilidad_id`, `id_cotizacion_id`, `id_elemento_visa_id`, `tipo_cliente`, `id_cliente`, `fecha`, `anno`, `credito`, `debito`, `nro_documento`, `orden_operacion`, `banco`, `entrada`, `id_cuentas_unidad_id`, `nro_doc_mostrar`) VALUES (1104, 41, 37, NULL, NULL, NULL, NULL, NULL, NULL, NULL, 1, 2, 75, NULL, NULL, NULL, NULL, NULL, 0, NULL, '2022-01-10', 2022, 0, 5368.45, '01.01.2022', 0, NULL, NULL, NULL, NULL);
INSERT INTO `asiento` (`id`, `id_cuenta_id`, `id_subcuenta_id`, `id_documento_id`, `id_almacen_id`, `id_centro_costo_id`, `id_elemento_gasto_id`, `id_orden_trabajo_id`, `id_expediente_id`, `id_proveedor_id`, `id_unidad_id`, `id_tipo_comprobante_id`, `id_comprobante_id`, `id_factura_id`, `id_activo_fijo_id`, `id_area_responsabilidad_id`, `id_cotizacion_id`, `id_elemento_visa_id`, `tipo_cliente`, `id_cliente`, `fecha`, `anno`, `credito`, `debito`, `nro_documento`, `orden_operacion`, `banco`, `entrada`, `id_cuentas_unidad_id`, `nro_doc_mostrar`) VALUES (1105, 41, 143, NULL, NULL, NULL, NULL, NULL, NULL, NULL, 1, 2, 75, NULL, NULL, NULL, NULL, NULL, 0, NULL, '2022-01-10', 2022, 0, 2128, '01.01.2022', 0, NULL, NULL, NULL, NULL);
INSERT INTO `asiento` (`id`, `id_cuenta_id`, `id_subcuenta_id`, `id_documento_id`, `id_almacen_id`, `id_centro_costo_id`, `id_elemento_gasto_id`, `id_orden_trabajo_id`, `id_expediente_id`, `id_proveedor_id`, `id_unidad_id`, `id_tipo_comprobante_id`, `id_comprobante_id`, `id_factura_id`, `id_activo_fijo_id`, `id_area_responsabilidad_id`, `id_cotizacion_id`, `id_elemento_visa_id`, `tipo_cliente`, `id_cliente`, `fecha`, `anno`, `credito`, `debito`, `nro_documento`, `orden_operacion`, `banco`, `entrada`, `id_cuentas_unidad_id`, `nro_doc_mostrar`) VALUES (1106, 41, 144, NULL, NULL, NULL, NULL, NULL, NULL, NULL, 1, 2, 75, NULL, NULL, NULL, NULL, NULL, 0, NULL, '2022-01-10', 2022, 0, 2009, '01.01.2022', 0, NULL, NULL, NULL, NULL);
INSERT INTO `asiento` (`id`, `id_cuenta_id`, `id_subcuenta_id`, `id_documento_id`, `id_almacen_id`, `id_centro_costo_id`, `id_elemento_gasto_id`, `id_orden_trabajo_id`, `id_expediente_id`, `id_proveedor_id`, `id_unidad_id`, `id_tipo_comprobante_id`, `id_comprobante_id`, `id_factura_id`, `id_activo_fijo_id`, `id_area_responsabilidad_id`, `id_cotizacion_id`, `id_elemento_visa_id`, `tipo_cliente`, `id_cliente`, `fecha`, `anno`, `credito`, `debito`, `nro_documento`, `orden_operacion`, `banco`, `entrada`, `id_cuentas_unidad_id`, `nro_doc_mostrar`) VALUES (1107, 41, 145, NULL, NULL, NULL, NULL, NULL, NULL, NULL, 1, 2, 75, NULL, NULL, NULL, NULL, NULL, 0, NULL, '2022-01-10', 2022, 0, 1750, '01.01.2022', 0, NULL, NULL, NULL, NULL);
INSERT INTO `asiento` (`id`, `id_cuenta_id`, `id_subcuenta_id`, `id_documento_id`, `id_almacen_id`, `id_centro_costo_id`, `id_elemento_gasto_id`, `id_orden_trabajo_id`, `id_expediente_id`, `id_proveedor_id`, `id_unidad_id`, `id_tipo_comprobante_id`, `id_comprobante_id`, `id_factura_id`, `id_activo_fijo_id`, `id_area_responsabilidad_id`, `id_cotizacion_id`, `id_elemento_visa_id`, `tipo_cliente`, `id_cliente`, `fecha`, `anno`, `credito`, `debito`, `nro_documento`, `orden_operacion`, `banco`, `entrada`, `id_cuentas_unidad_id`, `nro_doc_mostrar`) VALUES (1108, 41, 146, NULL, NULL, NULL, NULL, NULL, NULL, NULL, 1, 2, 75, NULL, NULL, NULL, NULL, NULL, 0, NULL, '2022-01-10', 2022, 0, 500, '01.01.2022', 0, NULL, NULL, NULL, NULL);
INSERT INTO `asiento` (`id`, `id_cuenta_id`, `id_subcuenta_id`, `id_documento_id`, `id_almacen_id`, `id_centro_costo_id`, `id_elemento_gasto_id`, `id_orden_trabajo_id`, `id_expediente_id`, `id_proveedor_id`, `id_unidad_id`, `id_tipo_comprobante_id`, `id_comprobante_id`, `id_factura_id`, `id_activo_fijo_id`, `id_area_responsabilidad_id`, `id_cotizacion_id`, `id_elemento_visa_id`, `tipo_cliente`, `id_cliente`, `fecha`, `anno`, `credito`, `debito`, `nro_documento`, `orden_operacion`, `banco`, `entrada`, `id_cuentas_unidad_id`, `nro_doc_mostrar`) VALUES (1109, 41, 147, NULL, NULL, NULL, NULL, NULL, NULL, NULL, 1, 2, 75, NULL, NULL, NULL, NULL, NULL, 0, NULL, '2022-01-10', 2022, 0, 800, '01.01.2022', 0, NULL, NULL, NULL, NULL);
INSERT INTO `asiento` (`id`, `id_cuenta_id`, `id_subcuenta_id`, `id_documento_id`, `id_almacen_id`, `id_centro_costo_id`, `id_elemento_gasto_id`, `id_orden_trabajo_id`, `id_expediente_id`, `id_proveedor_id`, `id_unidad_id`, `id_tipo_comprobante_id`, `id_comprobante_id`, `id_factura_id`, `id_activo_fijo_id`, `id_area_responsabilidad_id`, `id_cotizacion_id`, `id_elemento_visa_id`, `tipo_cliente`, `id_cliente`, `fecha`, `anno`, `credito`, `debito`, `nro_documento`, `orden_operacion`, `banco`, `entrada`, `id_cuentas_unidad_id`, `nro_doc_mostrar`) VALUES (1110, 41, 148, NULL, NULL, NULL, NULL, NULL, NULL, NULL, 1, 2, 75, NULL, NULL, NULL, NULL, NULL, 0, NULL, '2022-01-10', 2022, 0, 4963, '01.01.2022', 0, NULL, NULL, NULL, NULL);
INSERT INTO `asiento` (`id`, `id_cuenta_id`, `id_subcuenta_id`, `id_documento_id`, `id_almacen_id`, `id_centro_costo_id`, `id_elemento_gasto_id`, `id_orden_trabajo_id`, `id_expediente_id`, `id_proveedor_id`, `id_unidad_id`, `id_tipo_comprobante_id`, `id_comprobante_id`, `id_factura_id`, `id_activo_fijo_id`, `id_area_responsabilidad_id`, `id_cotizacion_id`, `id_elemento_visa_id`, `tipo_cliente`, `id_cliente`, `fecha`, `anno`, `credito`, `debito`, `nro_documento`, `orden_operacion`, `banco`, `entrada`, `id_cuentas_unidad_id`, `nro_doc_mostrar`) VALUES (1111, 41, 149, NULL, NULL, NULL, NULL, NULL, NULL, NULL, 1, 2, 75, NULL, NULL, NULL, NULL, NULL, 0, NULL, '2022-01-10', 2022, 0, 4970, '01.01.2022', 0, NULL, NULL, NULL, NULL);
INSERT INTO `asiento` (`id`, `id_cuenta_id`, `id_subcuenta_id`, `id_documento_id`, `id_almacen_id`, `id_centro_costo_id`, `id_elemento_gasto_id`, `id_orden_trabajo_id`, `id_expediente_id`, `id_proveedor_id`, `id_unidad_id`, `id_tipo_comprobante_id`, `id_comprobante_id`, `id_factura_id`, `id_activo_fijo_id`, `id_area_responsabilidad_id`, `id_cotizacion_id`, `id_elemento_visa_id`, `tipo_cliente`, `id_cliente`, `fecha`, `anno`, `credito`, `debito`, `nro_documento`, `orden_operacion`, `banco`, `entrada`, `id_cuentas_unidad_id`, `nro_doc_mostrar`) VALUES (1112, 41, 150, NULL, NULL, NULL, NULL, NULL, NULL, NULL, 1, 2, 75, NULL, NULL, NULL, NULL, NULL, 0, NULL, '2022-01-10', 2022, 0, 770, '01.01.2022', 0, NULL, NULL, NULL, NULL);
INSERT INTO `asiento` (`id`, `id_cuenta_id`, `id_subcuenta_id`, `id_documento_id`, `id_almacen_id`, `id_centro_costo_id`, `id_elemento_gasto_id`, `id_orden_trabajo_id`, `id_expediente_id`, `id_proveedor_id`, `id_unidad_id`, `id_tipo_comprobante_id`, `id_comprobante_id`, `id_factura_id`, `id_activo_fijo_id`, `id_area_responsabilidad_id`, `id_cotizacion_id`, `id_elemento_visa_id`, `tipo_cliente`, `id_cliente`, `fecha`, `anno`, `credito`, `debito`, `nro_documento`, `orden_operacion`, `banco`, `entrada`, `id_cuentas_unidad_id`, `nro_doc_mostrar`) VALUES (1113, 41, 151, NULL, NULL, NULL, NULL, NULL, NULL, NULL, 1, 2, 75, NULL, NULL, NULL, NULL, NULL, 0, NULL, '2022-01-10', 2022, 0, 700, '01.01.2022', 0, NULL, NULL, NULL, NULL);
INSERT INTO `asiento` (`id`, `id_cuenta_id`, `id_subcuenta_id`, `id_documento_id`, `id_almacen_id`, `id_centro_costo_id`, `id_elemento_gasto_id`, `id_orden_trabajo_id`, `id_expediente_id`, `id_proveedor_id`, `id_unidad_id`, `id_tipo_comprobante_id`, `id_comprobante_id`, `id_factura_id`, `id_activo_fijo_id`, `id_area_responsabilidad_id`, `id_cotizacion_id`, `id_elemento_visa_id`, `tipo_cliente`, `id_cliente`, `fecha`, `anno`, `credito`, `debito`, `nro_documento`, `orden_operacion`, `banco`, `entrada`, `id_cuentas_unidad_id`, `nro_doc_mostrar`) VALUES (1114, 69, 97, NULL, NULL, NULL, 13, NULL, NULL, NULL, 1, 2, 76, NULL, NULL, NULL, NULL, NULL, 0, NULL, '2022-01-10', 2022, 0, 107900, '02.01.2022', 0, NULL, NULL, NULL, NULL);
INSERT INTO `asiento` (`id`, `id_cuenta_id`, `id_subcuenta_id`, `id_documento_id`, `id_almacen_id`, `id_centro_costo_id`, `id_elemento_gasto_id`, `id_orden_trabajo_id`, `id_expediente_id`, `id_proveedor_id`, `id_unidad_id`, `id_tipo_comprobante_id`, `id_comprobante_id`, `id_factura_id`, `id_activo_fijo_id`, `id_area_responsabilidad_id`, `id_cotizacion_id`, `id_elemento_visa_id`, `tipo_cliente`, `id_cliente`, `fecha`, `anno`, `credito`, `debito`, `nro_documento`, `orden_operacion`, `banco`, `entrada`, `id_cuentas_unidad_id`, `nro_doc_mostrar`) VALUES (1115, 74, 139, NULL, NULL, NULL, NULL, NULL, NULL, NULL, 1, 2, 76, NULL, NULL, NULL, NULL, NULL, 0, NULL, '2022-01-10', 2022, 0, 7472.86, '02.01.2022', 0, NULL, NULL, NULL, NULL);
INSERT INTO `asiento` (`id`, `id_cuenta_id`, `id_subcuenta_id`, `id_documento_id`, `id_almacen_id`, `id_centro_costo_id`, `id_elemento_gasto_id`, `id_orden_trabajo_id`, `id_expediente_id`, `id_proveedor_id`, `id_unidad_id`, `id_tipo_comprobante_id`, `id_comprobante_id`, `id_factura_id`, `id_activo_fijo_id`, `id_area_responsabilidad_id`, `id_cotizacion_id`, `id_elemento_visa_id`, `tipo_cliente`, `id_cliente`, `fecha`, `anno`, `credito`, `debito`, `nro_documento`, `orden_operacion`, `banco`, `entrada`, `id_cuentas_unidad_id`, `nro_doc_mostrar`) VALUES (1116, 74, 140, NULL, NULL, NULL, NULL, NULL, NULL, NULL, 1, 2, 76, NULL, NULL, NULL, NULL, NULL, 0, NULL, '2022-01-10', 2022, 0, 7483.4, '02.01.2022', 0, NULL, NULL, NULL, NULL);
INSERT INTO `asiento` (`id`, `id_cuenta_id`, `id_subcuenta_id`, `id_documento_id`, `id_almacen_id`, `id_centro_costo_id`, `id_elemento_gasto_id`, `id_orden_trabajo_id`, `id_expediente_id`, `id_proveedor_id`, `id_unidad_id`, `id_tipo_comprobante_id`, `id_comprobante_id`, `id_factura_id`, `id_activo_fijo_id`, `id_area_responsabilidad_id`, `id_cotizacion_id`, `id_elemento_visa_id`, `tipo_cliente`, `id_cliente`, `fecha`, `anno`, `credito`, `debito`, `nro_documento`, `orden_operacion`, `banco`, `entrada`, `id_cuentas_unidad_id`, `nro_doc_mostrar`) VALUES (1117, 74, 141, NULL, NULL, NULL, NULL, NULL, NULL, NULL, 1, 2, 76, NULL, NULL, NULL, NULL, NULL, 0, NULL, '2022-01-10', 2022, 0, 1159.4, '02.01.2022', 0, NULL, NULL, NULL, NULL);
INSERT INTO `asiento` (`id`, `id_cuenta_id`, `id_subcuenta_id`, `id_documento_id`, `id_almacen_id`, `id_centro_costo_id`, `id_elemento_gasto_id`, `id_orden_trabajo_id`, `id_expediente_id`, `id_proveedor_id`, `id_unidad_id`, `id_tipo_comprobante_id`, `id_comprobante_id`, `id_factura_id`, `id_activo_fijo_id`, `id_area_responsabilidad_id`, `id_cotizacion_id`, `id_elemento_visa_id`, `tipo_cliente`, `id_cliente`, `fecha`, `anno`, `credito`, `debito`, `nro_documento`, `orden_operacion`, `banco`, `entrada`, `id_cuentas_unidad_id`, `nro_doc_mostrar`) VALUES (1118, 74, 142, NULL, NULL, NULL, NULL, NULL, NULL, NULL, 1, 2, 76, NULL, NULL, NULL, NULL, NULL, 0, NULL, '2022-01-10', 2022, 0, 1054, '02.01.2022', 0, NULL, NULL, NULL, NULL);
INSERT INTO `asiento` (`id`, `id_cuenta_id`, `id_subcuenta_id`, `id_documento_id`, `id_almacen_id`, `id_centro_costo_id`, `id_elemento_gasto_id`, `id_orden_trabajo_id`, `id_expediente_id`, `id_proveedor_id`, `id_unidad_id`, `id_tipo_comprobante_id`, `id_comprobante_id`, `id_factura_id`, `id_activo_fijo_id`, `id_area_responsabilidad_id`, `id_cotizacion_id`, `id_elemento_visa_id`, `tipo_cliente`, `id_cliente`, `fecha`, `anno`, `credito`, `debito`, `nro_documento`, `orden_operacion`, `banco`, `entrada`, `id_cuentas_unidad_id`, `nro_doc_mostrar`) VALUES (1119, 42, 152, NULL, NULL, NULL, NULL, NULL, NULL, NULL, 1, 2, 76, NULL, NULL, NULL, NULL, NULL, 0, NULL, '2022-01-10', 2022, 91067.41, 0, '02.01.2022', 0, NULL, NULL, NULL, NULL);
INSERT INTO `asiento` (`id`, `id_cuenta_id`, `id_subcuenta_id`, `id_documento_id`, `id_almacen_id`, `id_centro_costo_id`, `id_elemento_gasto_id`, `id_orden_trabajo_id`, `id_expediente_id`, `id_proveedor_id`, `id_unidad_id`, `id_tipo_comprobante_id`, `id_comprobante_id`, `id_factura_id`, `id_activo_fijo_id`, `id_area_responsabilidad_id`, `id_cotizacion_id`, `id_elemento_visa_id`, `tipo_cliente`, `id_cliente`, `fecha`, `anno`, `credito`, `debito`, `nro_documento`, `orden_operacion`, `banco`, `entrada`, `id_cuentas_unidad_id`, `nro_doc_mostrar`) VALUES (1120, 41, 37, NULL, NULL, NULL, NULL, NULL, NULL, NULL, 1, 2, 76, NULL, NULL, NULL, NULL, NULL, 0, NULL, '2022-01-10', 2022, 5368.45, 0, '02.01.2022', 0, NULL, NULL, NULL, NULL);
INSERT INTO `asiento` (`id`, `id_cuenta_id`, `id_subcuenta_id`, `id_documento_id`, `id_almacen_id`, `id_centro_costo_id`, `id_elemento_gasto_id`, `id_orden_trabajo_id`, `id_expediente_id`, `id_proveedor_id`, `id_unidad_id`, `id_tipo_comprobante_id`, `id_comprobante_id`, `id_factura_id`, `id_activo_fijo_id`, `id_area_responsabilidad_id`, `id_cotizacion_id`, `id_elemento_visa_id`, `tipo_cliente`, `id_cliente`, `fecha`, `anno`, `credito`, `debito`, `nro_documento`, `orden_operacion`, `banco`, `entrada`, `id_cuentas_unidad_id`, `nro_doc_mostrar`) VALUES (1121, 41, 143, NULL, NULL, NULL, NULL, NULL, NULL, NULL, 1, 2, 76, NULL, NULL, NULL, NULL, NULL, 0, NULL, '2022-01-10', 2022, 3204.16, 0, '02.01.2022', 0, NULL, NULL, NULL, NULL);
INSERT INTO `asiento` (`id`, `id_cuenta_id`, `id_subcuenta_id`, `id_documento_id`, `id_almacen_id`, `id_centro_costo_id`, `id_elemento_gasto_id`, `id_orden_trabajo_id`, `id_expediente_id`, `id_proveedor_id`, `id_unidad_id`, `id_tipo_comprobante_id`, `id_comprobante_id`, `id_factura_id`, `id_activo_fijo_id`, `id_area_responsabilidad_id`, `id_cotizacion_id`, `id_elemento_visa_id`, `tipo_cliente`, `id_cliente`, `fecha`, `anno`, `credito`, `debito`, `nro_documento`, `orden_operacion`, `banco`, `entrada`, `id_cuentas_unidad_id`, `nro_doc_mostrar`) VALUES (1122, 41, 144, NULL, NULL, NULL, NULL, NULL, NULL, NULL, 1, 2, 76, NULL, NULL, NULL, NULL, NULL, 0, NULL, '2022-01-10', 2022, 3024.98, 0, '02.01.2022', 0, NULL, NULL, NULL, NULL);
INSERT INTO `asiento` (`id`, `id_cuenta_id`, `id_subcuenta_id`, `id_documento_id`, `id_almacen_id`, `id_centro_costo_id`, `id_elemento_gasto_id`, `id_orden_trabajo_id`, `id_expediente_id`, `id_proveedor_id`, `id_unidad_id`, `id_tipo_comprobante_id`, `id_comprobante_id`, `id_factura_id`, `id_activo_fijo_id`, `id_area_responsabilidad_id`, `id_cotizacion_id`, `id_elemento_visa_id`, `tipo_cliente`, `id_cliente`, `fecha`, `anno`, `credito`, `debito`, `nro_documento`, `orden_operacion`, `banco`, `entrada`, `id_cuentas_unidad_id`, `nro_doc_mostrar`) VALUES (1123, 41, 145, NULL, NULL, NULL, NULL, NULL, NULL, NULL, 1, 2, 76, NULL, NULL, NULL, NULL, NULL, 0, NULL, '2022-01-10', 2022, 2635, 0, '02.01.2022', 0, NULL, NULL, NULL, NULL);
INSERT INTO `asiento` (`id`, `id_cuenta_id`, `id_subcuenta_id`, `id_documento_id`, `id_almacen_id`, `id_centro_costo_id`, `id_elemento_gasto_id`, `id_orden_trabajo_id`, `id_expediente_id`, `id_proveedor_id`, `id_unidad_id`, `id_tipo_comprobante_id`, `id_comprobante_id`, `id_factura_id`, `id_activo_fijo_id`, `id_area_responsabilidad_id`, `id_cotizacion_id`, `id_elemento_visa_id`, `tipo_cliente`, `id_cliente`, `fecha`, `anno`, `credito`, `debito`, `nro_documento`, `orden_operacion`, `banco`, `entrada`, `id_cuentas_unidad_id`, `nro_doc_mostrar`) VALUES (1124, 41, 146, NULL, NULL, NULL, NULL, NULL, NULL, NULL, 1, 2, 76, NULL, NULL, NULL, NULL, NULL, 0, NULL, '2022-01-10', 2022, 1000, 0, '02.01.2022', 0, NULL, NULL, NULL, NULL);
INSERT INTO `asiento` (`id`, `id_cuenta_id`, `id_subcuenta_id`, `id_documento_id`, `id_almacen_id`, `id_centro_costo_id`, `id_elemento_gasto_id`, `id_orden_trabajo_id`, `id_expediente_id`, `id_proveedor_id`, `id_unidad_id`, `id_tipo_comprobante_id`, `id_comprobante_id`, `id_factura_id`, `id_activo_fijo_id`, `id_area_responsabilidad_id`, `id_cotizacion_id`, `id_elemento_visa_id`, `tipo_cliente`, `id_cliente`, `fecha`, `anno`, `credito`, `debito`, `nro_documento`, `orden_operacion`, `banco`, `entrada`, `id_cuentas_unidad_id`, `nro_doc_mostrar`) VALUES (1125, 41, 147, NULL, NULL, NULL, NULL, NULL, NULL, NULL, 1, 2, 76, NULL, NULL, NULL, NULL, NULL, 0, NULL, '2022-01-10', 2022, 1600, 0, '02.01.2022', 0, NULL, NULL, NULL, NULL);
INSERT INTO `asiento` (`id`, `id_cuenta_id`, `id_subcuenta_id`, `id_documento_id`, `id_almacen_id`, `id_centro_costo_id`, `id_elemento_gasto_id`, `id_orden_trabajo_id`, `id_expediente_id`, `id_proveedor_id`, `id_unidad_id`, `id_tipo_comprobante_id`, `id_comprobante_id`, `id_factura_id`, `id_activo_fijo_id`, `id_area_responsabilidad_id`, `id_cotizacion_id`, `id_elemento_visa_id`, `tipo_cliente`, `id_cliente`, `fecha`, `anno`, `credito`, `debito`, `nro_documento`, `orden_operacion`, `banco`, `entrada`, `id_cuentas_unidad_id`, `nro_doc_mostrar`) VALUES (1126, 41, 148, NULL, NULL, NULL, NULL, NULL, NULL, NULL, 1, 2, 76, NULL, NULL, NULL, NULL, NULL, 0, NULL, '2022-01-10', 2022, 7472.86, 0, '02.01.2022', 0, NULL, NULL, NULL, NULL);
INSERT INTO `asiento` (`id`, `id_cuenta_id`, `id_subcuenta_id`, `id_documento_id`, `id_almacen_id`, `id_centro_costo_id`, `id_elemento_gasto_id`, `id_orden_trabajo_id`, `id_expediente_id`, `id_proveedor_id`, `id_unidad_id`, `id_tipo_comprobante_id`, `id_comprobante_id`, `id_factura_id`, `id_activo_fijo_id`, `id_area_responsabilidad_id`, `id_cotizacion_id`, `id_elemento_visa_id`, `tipo_cliente`, `id_cliente`, `fecha`, `anno`, `credito`, `debito`, `nro_documento`, `orden_operacion`, `banco`, `entrada`, `id_cuentas_unidad_id`, `nro_doc_mostrar`) VALUES (1127, 41, 149, NULL, NULL, NULL, NULL, NULL, NULL, NULL, 1, 2, 76, NULL, NULL, NULL, NULL, NULL, 0, NULL, '2022-01-10', 2022, 7483.4, 0, '02.01.2022', 0, NULL, NULL, NULL, NULL);
INSERT INTO `asiento` (`id`, `id_cuenta_id`, `id_subcuenta_id`, `id_documento_id`, `id_almacen_id`, `id_centro_costo_id`, `id_elemento_gasto_id`, `id_orden_trabajo_id`, `id_expediente_id`, `id_proveedor_id`, `id_unidad_id`, `id_tipo_comprobante_id`, `id_comprobante_id`, `id_factura_id`, `id_activo_fijo_id`, `id_area_responsabilidad_id`, `id_cotizacion_id`, `id_elemento_visa_id`, `tipo_cliente`, `id_cliente`, `fecha`, `anno`, `credito`, `debito`, `nro_documento`, `orden_operacion`, `banco`, `entrada`, `id_cuentas_unidad_id`, `nro_doc_mostrar`) VALUES (1128, 41, 150, NULL, NULL, NULL, NULL, NULL, NULL, NULL, 1, 2, 76, NULL, NULL, NULL, NULL, NULL, 0, NULL, '2022-01-10', 2022, 1159.4, 0, '02.01.2022', 0, NULL, NULL, NULL, NULL);
INSERT INTO `asiento` (`id`, `id_cuenta_id`, `id_subcuenta_id`, `id_documento_id`, `id_almacen_id`, `id_centro_costo_id`, `id_elemento_gasto_id`, `id_orden_trabajo_id`, `id_expediente_id`, `id_proveedor_id`, `id_unidad_id`, `id_tipo_comprobante_id`, `id_comprobante_id`, `id_factura_id`, `id_activo_fijo_id`, `id_area_responsabilidad_id`, `id_cotizacion_id`, `id_elemento_visa_id`, `tipo_cliente`, `id_cliente`, `fecha`, `anno`, `credito`, `debito`, `nro_documento`, `orden_operacion`, `banco`, `entrada`, `id_cuentas_unidad_id`, `nro_doc_mostrar`) VALUES (1129, 41, 151, NULL, NULL, NULL, NULL, NULL, NULL, NULL, 1, 2, 76, NULL, NULL, NULL, NULL, NULL, 0, NULL, '2022-01-10', 2022, 1054, 0, '02.01.2022', 0, NULL, NULL, NULL, NULL);
INSERT INTO `asiento` (`id`, `id_cuenta_id`, `id_subcuenta_id`, `id_documento_id`, `id_almacen_id`, `id_centro_costo_id`, `id_elemento_gasto_id`, `id_orden_trabajo_id`, `id_expediente_id`, `id_proveedor_id`, `id_unidad_id`, `id_tipo_comprobante_id`, `id_comprobante_id`, `id_factura_id`, `id_activo_fijo_id`, `id_area_responsabilidad_id`, `id_cotizacion_id`, `id_elemento_visa_id`, `tipo_cliente`, `id_cliente`, `fecha`, `anno`, `credito`, `debito`, `nro_documento`, `orden_operacion`, `banco`, `entrada`, `id_cuentas_unidad_id`, `nro_doc_mostrar`) VALUES (1130, 69, 97, NULL, NULL, NULL, 13, NULL, NULL, NULL, 1, 2, 77, NULL, NULL, NULL, NULL, NULL, 0, NULL, '2022-01-08', 2022, 0, 158768545.09, '03.13.2022', 0, NULL, NULL, NULL, NULL);
INSERT INTO `asiento` (`id`, `id_cuenta_id`, `id_subcuenta_id`, `id_documento_id`, `id_almacen_id`, `id_centro_costo_id`, `id_elemento_gasto_id`, `id_orden_trabajo_id`, `id_expediente_id`, `id_proveedor_id`, `id_unidad_id`, `id_tipo_comprobante_id`, `id_comprobante_id`, `id_factura_id`, `id_activo_fijo_id`, `id_area_responsabilidad_id`, `id_cotizacion_id`, `id_elemento_visa_id`, `tipo_cliente`, `id_cliente`, `fecha`, `anno`, `credito`, `debito`, `nro_documento`, `orden_operacion`, `banco`, `entrada`, `id_cuentas_unidad_id`, `nro_doc_mostrar`) VALUES (1131, 42, 152, NULL, NULL, NULL, NULL, NULL, NULL, NULL, 1, 2, 77, NULL, NULL, NULL, NULL, NULL, 0, NULL, '2022-01-08', 2022, 158768545.09, 0, '03.13.2022', 0, NULL, NULL, NULL, NULL);
INSERT INTO `asiento` (`id`, `id_cuenta_id`, `id_subcuenta_id`, `id_documento_id`, `id_almacen_id`, `id_centro_costo_id`, `id_elemento_gasto_id`, `id_orden_trabajo_id`, `id_expediente_id`, `id_proveedor_id`, `id_unidad_id`, `id_tipo_comprobante_id`, `id_comprobante_id`, `id_factura_id`, `id_activo_fijo_id`, `id_area_responsabilidad_id`, `id_cotizacion_id`, `id_elemento_visa_id`, `tipo_cliente`, `id_cliente`, `fecha`, `anno`, `credito`, `debito`, `nro_documento`, `orden_operacion`, `banco`, `entrada`, `id_cuentas_unidad_id`, `nro_doc_mostrar`) VALUES (1132, 8, 72, NULL, NULL, NULL, NULL, NULL, NULL, NULL, 1, NULL, NULL, 64, NULL, NULL, NULL, NULL, 1, 1, '2022-05-02', 2022, 0, 9.44, 'FACT-4', 0, NULL, 0, NULL, NULL);
INSERT INTO `asiento` (`id`, `id_cuenta_id`, `id_subcuenta_id`, `id_documento_id`, `id_almacen_id`, `id_centro_costo_id`, `id_elemento_gasto_id`, `id_orden_trabajo_id`, `id_expediente_id`, `id_proveedor_id`, `id_unidad_id`, `id_tipo_comprobante_id`, `id_comprobante_id`, `id_factura_id`, `id_activo_fijo_id`, `id_area_responsabilidad_id`, `id_cotizacion_id`, `id_elemento_visa_id`, `tipo_cliente`, `id_cliente`, `fecha`, `anno`, `credito`, `debito`, `nro_documento`, `orden_operacion`, `banco`, `entrada`, `id_cuentas_unidad_id`, `nro_doc_mostrar`) VALUES (1133, 84, 63, NULL, NULL, NULL, NULL, NULL, NULL, 1, 1, NULL, NULL, 64, NULL, NULL, NULL, NULL, 0, NULL, '2022-05-02', 2022, 0, 500, 'FACT-4', 0, NULL, 0, NULL, NULL);
INSERT INTO `asiento` (`id`, `id_cuenta_id`, `id_subcuenta_id`, `id_documento_id`, `id_almacen_id`, `id_centro_costo_id`, `id_elemento_gasto_id`, `id_orden_trabajo_id`, `id_expediente_id`, `id_proveedor_id`, `id_unidad_id`, `id_tipo_comprobante_id`, `id_comprobante_id`, `id_factura_id`, `id_activo_fijo_id`, `id_area_responsabilidad_id`, `id_cotizacion_id`, `id_elemento_visa_id`, `tipo_cliente`, `id_cliente`, `fecha`, `anno`, `credito`, `debito`, `nro_documento`, `orden_operacion`, `banco`, `entrada`, `id_cuentas_unidad_id`, `nro_doc_mostrar`) VALUES (1134, 36, 105, NULL, NULL, NULL, NULL, NULL, NULL, 1, 1, NULL, NULL, 64, NULL, NULL, NULL, NULL, 0, NULL, '2022-05-02', 2022, 500, 0, 'FACT-4', 0, NULL, 0, NULL, NULL);
INSERT INTO `asiento` (`id`, `id_cuenta_id`, `id_subcuenta_id`, `id_documento_id`, `id_almacen_id`, `id_centro_costo_id`, `id_elemento_gasto_id`, `id_orden_trabajo_id`, `id_expediente_id`, `id_proveedor_id`, `id_unidad_id`, `id_tipo_comprobante_id`, `id_comprobante_id`, `id_factura_id`, `id_activo_fijo_id`, `id_area_responsabilidad_id`, `id_cotizacion_id`, `id_elemento_visa_id`, `tipo_cliente`, `id_cliente`, `fecha`, `anno`, `credito`, `debito`, `nro_documento`, `orden_operacion`, `banco`, `entrada`, `id_cuentas_unidad_id`, `nro_doc_mostrar`) VALUES (1135, 83, 119, NULL, NULL, NULL, NULL, NULL, NULL, NULL, 1, NULL, NULL, 64, NULL, NULL, NULL, NULL, 0, NULL, '2022-05-02', 2022, 8, 0, 'FACT-4', 0, NULL, 1, NULL, NULL);
INSERT INTO `asiento` (`id`, `id_cuenta_id`, `id_subcuenta_id`, `id_documento_id`, `id_almacen_id`, `id_centro_costo_id`, `id_elemento_gasto_id`, `id_orden_trabajo_id`, `id_expediente_id`, `id_proveedor_id`, `id_unidad_id`, `id_tipo_comprobante_id`, `id_comprobante_id`, `id_factura_id`, `id_activo_fijo_id`, `id_area_responsabilidad_id`, `id_cotizacion_id`, `id_elemento_visa_id`, `tipo_cliente`, `id_cliente`, `fecha`, `anno`, `credito`, `debito`, `nro_documento`, `orden_operacion`, `banco`, `entrada`, `id_cuentas_unidad_id`, `nro_doc_mostrar`) VALUES (1136, 41, 34, NULL, NULL, NULL, NULL, NULL, NULL, NULL, 1, NULL, NULL, 64, NULL, NULL, NULL, NULL, 0, NULL, '2022-05-02', 2022, 1.44, 0, 'FACT-4', 0, NULL, 0, NULL, NULL);
INSERT INTO `asiento` (`id`, `id_cuenta_id`, `id_subcuenta_id`, `id_documento_id`, `id_almacen_id`, `id_centro_costo_id`, `id_elemento_gasto_id`, `id_orden_trabajo_id`, `id_expediente_id`, `id_proveedor_id`, `id_unidad_id`, `id_tipo_comprobante_id`, `id_comprobante_id`, `id_factura_id`, `id_activo_fijo_id`, `id_area_responsabilidad_id`, `id_cotizacion_id`, `id_elemento_visa_id`, `tipo_cliente`, `id_cliente`, `fecha`, `anno`, `credito`, `debito`, `nro_documento`, `orden_operacion`, `banco`, `entrada`, `id_cuentas_unidad_id`, `nro_doc_mostrar`) VALUES (1137, 8, 72, NULL, NULL, NULL, NULL, NULL, NULL, NULL, 1, NULL, NULL, 65, NULL, NULL, NULL, NULL, 1, 1, '2022-08-31', 2022, 0, 46.02, 'FACT-5', 0, NULL, 0, NULL, NULL);
INSERT INTO `asiento` (`id`, `id_cuenta_id`, `id_subcuenta_id`, `id_documento_id`, `id_almacen_id`, `id_centro_costo_id`, `id_elemento_gasto_id`, `id_orden_trabajo_id`, `id_expediente_id`, `id_proveedor_id`, `id_unidad_id`, `id_tipo_comprobante_id`, `id_comprobante_id`, `id_factura_id`, `id_activo_fijo_id`, `id_area_responsabilidad_id`, `id_cotizacion_id`, `id_elemento_visa_id`, `tipo_cliente`, `id_cliente`, `fecha`, `anno`, `credito`, `debito`, `nro_documento`, `orden_operacion`, `banco`, `entrada`, `id_cuentas_unidad_id`, `nro_doc_mostrar`) VALUES (1138, 84, 63, NULL, NULL, NULL, NULL, NULL, NULL, 1, 1, NULL, NULL, 65, NULL, NULL, NULL, NULL, 0, NULL, '2022-08-31', 2022, 0, 1000, 'FACT-5', 0, NULL, 0, NULL, NULL);
INSERT INTO `asiento` (`id`, `id_cuenta_id`, `id_subcuenta_id`, `id_documento_id`, `id_almacen_id`, `id_centro_costo_id`, `id_elemento_gasto_id`, `id_orden_trabajo_id`, `id_expediente_id`, `id_proveedor_id`, `id_unidad_id`, `id_tipo_comprobante_id`, `id_comprobante_id`, `id_factura_id`, `id_activo_fijo_id`, `id_area_responsabilidad_id`, `id_cotizacion_id`, `id_elemento_visa_id`, `tipo_cliente`, `id_cliente`, `fecha`, `anno`, `credito`, `debito`, `nro_documento`, `orden_operacion`, `banco`, `entrada`, `id_cuentas_unidad_id`, `nro_doc_mostrar`) VALUES (1139, 84, 63, NULL, NULL, NULL, NULL, NULL, NULL, 15, 1, NULL, NULL, 65, NULL, NULL, NULL, NULL, 0, NULL, '2022-08-31', 2022, 0, 2, 'FACT-5', 0, NULL, 0, NULL, NULL);
INSERT INTO `asiento` (`id`, `id_cuenta_id`, `id_subcuenta_id`, `id_documento_id`, `id_almacen_id`, `id_centro_costo_id`, `id_elemento_gasto_id`, `id_orden_trabajo_id`, `id_expediente_id`, `id_proveedor_id`, `id_unidad_id`, `id_tipo_comprobante_id`, `id_comprobante_id`, `id_factura_id`, `id_activo_fijo_id`, `id_area_responsabilidad_id`, `id_cotizacion_id`, `id_elemento_visa_id`, `tipo_cliente`, `id_cliente`, `fecha`, `anno`, `credito`, `debito`, `nro_documento`, `orden_operacion`, `banco`, `entrada`, `id_cuentas_unidad_id`, `nro_doc_mostrar`) VALUES (1140, 36, 105, NULL, NULL, NULL, NULL, NULL, NULL, 1, 1, NULL, NULL, 65, NULL, NULL, NULL, NULL, 0, NULL, '2022-08-31', 2022, 1000, 0, 'FACT-5', 0, NULL, 0, NULL, NULL);
INSERT INTO `asiento` (`id`, `id_cuenta_id`, `id_subcuenta_id`, `id_documento_id`, `id_almacen_id`, `id_centro_costo_id`, `id_elemento_gasto_id`, `id_orden_trabajo_id`, `id_expediente_id`, `id_proveedor_id`, `id_unidad_id`, `id_tipo_comprobante_id`, `id_comprobante_id`, `id_factura_id`, `id_activo_fijo_id`, `id_area_responsabilidad_id`, `id_cotizacion_id`, `id_elemento_visa_id`, `tipo_cliente`, `id_cliente`, `fecha`, `anno`, `credito`, `debito`, `nro_documento`, `orden_operacion`, `banco`, `entrada`, `id_cuentas_unidad_id`, `nro_doc_mostrar`) VALUES (1141, 83, 119, NULL, NULL, NULL, NULL, NULL, NULL, NULL, 1, NULL, NULL, 65, NULL, NULL, NULL, NULL, 0, NULL, '2022-08-31', 2022, 16, 0, 'FACT-5', 0, NULL, 1, NULL, NULL);
INSERT INTO `asiento` (`id`, `id_cuenta_id`, `id_subcuenta_id`, `id_documento_id`, `id_almacen_id`, `id_centro_costo_id`, `id_elemento_gasto_id`, `id_orden_trabajo_id`, `id_expediente_id`, `id_proveedor_id`, `id_unidad_id`, `id_tipo_comprobante_id`, `id_comprobante_id`, `id_factura_id`, `id_activo_fijo_id`, `id_area_responsabilidad_id`, `id_cotizacion_id`, `id_elemento_visa_id`, `tipo_cliente`, `id_cliente`, `fecha`, `anno`, `credito`, `debito`, `nro_documento`, `orden_operacion`, `banco`, `entrada`, `id_cuentas_unidad_id`, `nro_doc_mostrar`) VALUES (1142, 36, 109, NULL, NULL, NULL, NULL, NULL, NULL, 15, 1, NULL, NULL, 65, NULL, NULL, NULL, NULL, 0, NULL, '2022-08-31', 2022, 2, 0, 'FACT-5', 0, NULL, 0, NULL, NULL);
INSERT INTO `asiento` (`id`, `id_cuenta_id`, `id_subcuenta_id`, `id_documento_id`, `id_almacen_id`, `id_centro_costo_id`, `id_elemento_gasto_id`, `id_orden_trabajo_id`, `id_expediente_id`, `id_proveedor_id`, `id_unidad_id`, `id_tipo_comprobante_id`, `id_comprobante_id`, `id_factura_id`, `id_activo_fijo_id`, `id_area_responsabilidad_id`, `id_cotizacion_id`, `id_elemento_visa_id`, `tipo_cliente`, `id_cliente`, `fecha`, `anno`, `credito`, `debito`, `nro_documento`, `orden_operacion`, `banco`, `entrada`, `id_cuentas_unidad_id`, `nro_doc_mostrar`) VALUES (1143, 83, 123, NULL, NULL, NULL, NULL, NULL, NULL, NULL, 1, NULL, NULL, 65, NULL, NULL, NULL, NULL, 0, NULL, '2022-08-31', 2022, 23, 0, 'FACT-5', 0, NULL, 1, NULL, NULL);
INSERT INTO `asiento` (`id`, `id_cuenta_id`, `id_subcuenta_id`, `id_documento_id`, `id_almacen_id`, `id_centro_costo_id`, `id_elemento_gasto_id`, `id_orden_trabajo_id`, `id_expediente_id`, `id_proveedor_id`, `id_unidad_id`, `id_tipo_comprobante_id`, `id_comprobante_id`, `id_factura_id`, `id_activo_fijo_id`, `id_area_responsabilidad_id`, `id_cotizacion_id`, `id_elemento_visa_id`, `tipo_cliente`, `id_cliente`, `fecha`, `anno`, `credito`, `debito`, `nro_documento`, `orden_operacion`, `banco`, `entrada`, `id_cuentas_unidad_id`, `nro_doc_mostrar`) VALUES (1144, 41, 34, NULL, NULL, NULL, NULL, NULL, NULL, NULL, 1, NULL, NULL, 65, NULL, NULL, NULL, NULL, 0, NULL, '2022-08-31', 2022, 7.02, 0, 'FACT-5', 0, NULL, 0, NULL, NULL);
INSERT INTO `asiento` (`id`, `id_cuenta_id`, `id_subcuenta_id`, `id_documento_id`, `id_almacen_id`, `id_centro_costo_id`, `id_elemento_gasto_id`, `id_orden_trabajo_id`, `id_expediente_id`, `id_proveedor_id`, `id_unidad_id`, `id_tipo_comprobante_id`, `id_comprobante_id`, `id_factura_id`, `id_activo_fijo_id`, `id_area_responsabilidad_id`, `id_cotizacion_id`, `id_elemento_visa_id`, `tipo_cliente`, `id_cliente`, `fecha`, `anno`, `credito`, `debito`, `nro_documento`, `orden_operacion`, `banco`, `entrada`, `id_cuentas_unidad_id`, `nro_doc_mostrar`) VALUES (1145, 36, 63, NULL, NULL, NULL, NULL, NULL, NULL, 15, 1, 2, 78, NULL, NULL, NULL, NULL, NULL, NULL, NULL, '2022-01-10', 2022, 0, 1, 'FACT-5', NULL, '', NULL, NULL, NULL);
INSERT INTO `asiento` (`id`, `id_cuenta_id`, `id_subcuenta_id`, `id_documento_id`, `id_almacen_id`, `id_centro_costo_id`, `id_elemento_gasto_id`, `id_orden_trabajo_id`, `id_expediente_id`, `id_proveedor_id`, `id_unidad_id`, `id_tipo_comprobante_id`, `id_comprobante_id`, `id_factura_id`, `id_activo_fijo_id`, `id_area_responsabilidad_id`, `id_cotizacion_id`, `id_elemento_visa_id`, `tipo_cliente`, `id_cliente`, `fecha`, `anno`, `credito`, `debito`, `nro_documento`, `orden_operacion`, `banco`, `entrada`, `id_cuentas_unidad_id`, `nro_doc_mostrar`) VALUES (1146, 2, 133, NULL, NULL, NULL, NULL, NULL, NULL, 15, 1, 2, 78, NULL, NULL, NULL, NULL, NULL, NULL, NULL, '2022-01-10', 2022, 1, 0, 'kmilo123', NULL, '', NULL, NULL, NULL);
INSERT INTO `asiento` (`id`, `id_cuenta_id`, `id_subcuenta_id`, `id_documento_id`, `id_almacen_id`, `id_centro_costo_id`, `id_elemento_gasto_id`, `id_orden_trabajo_id`, `id_expediente_id`, `id_proveedor_id`, `id_unidad_id`, `id_tipo_comprobante_id`, `id_comprobante_id`, `id_factura_id`, `id_activo_fijo_id`, `id_area_responsabilidad_id`, `id_cotizacion_id`, `id_elemento_visa_id`, `tipo_cliente`, `id_cliente`, `fecha`, `anno`, `credito`, `debito`, `nro_documento`, `orden_operacion`, `banco`, `entrada`, `id_cuentas_unidad_id`, `nro_doc_mostrar`) VALUES (1147, 36, 63, NULL, 1, NULL, NULL, NULL, NULL, 14, 1, 2, 79, NULL, NULL, NULL, NULL, NULL, NULL, NULL, '2022-01-10', 2022, 0, 50, 'IRM-1', NULL, '', NULL, NULL, NULL);
INSERT INTO `asiento` (`id`, `id_cuenta_id`, `id_subcuenta_id`, `id_documento_id`, `id_almacen_id`, `id_centro_costo_id`, `id_elemento_gasto_id`, `id_orden_trabajo_id`, `id_expediente_id`, `id_proveedor_id`, `id_unidad_id`, `id_tipo_comprobante_id`, `id_comprobante_id`, `id_factura_id`, `id_activo_fijo_id`, `id_area_responsabilidad_id`, `id_cotizacion_id`, `id_elemento_visa_id`, `tipo_cliente`, `id_cliente`, `fecha`, `anno`, `credito`, `debito`, `nro_documento`, `orden_operacion`, `banco`, `entrada`, `id_cuentas_unidad_id`, `nro_doc_mostrar`) VALUES (1148, 2, 133, NULL, NULL, NULL, NULL, NULL, NULL, 14, 1, 2, 79, NULL, NULL, NULL, NULL, NULL, NULL, NULL, '2022-01-10', 2022, 50, 0, 'Evi123', NULL, '', NULL, NULL, NULL);
INSERT INTO `asiento` (`id`, `id_cuenta_id`, `id_subcuenta_id`, `id_documento_id`, `id_almacen_id`, `id_centro_costo_id`, `id_elemento_gasto_id`, `id_orden_trabajo_id`, `id_expediente_id`, `id_proveedor_id`, `id_unidad_id`, `id_tipo_comprobante_id`, `id_comprobante_id`, `id_factura_id`, `id_activo_fijo_id`, `id_area_responsabilidad_id`, `id_cotizacion_id`, `id_elemento_visa_id`, `tipo_cliente`, `id_cliente`, `fecha`, `anno`, `credito`, `debito`, `nro_documento`, `orden_operacion`, `banco`, `entrada`, `id_cuentas_unidad_id`, `nro_doc_mostrar`) VALUES (1149, 1, 1, NULL, NULL, NULL, NULL, NULL, NULL, NULL, 1, 2, 80, NULL, NULL, NULL, NULL, NULL, 1, 1, '2022-01-10', 2022, 0, 2, '', NULL, '', NULL, NULL, NULL);
INSERT INTO `asiento` (`id`, `id_cuenta_id`, `id_subcuenta_id`, `id_documento_id`, `id_almacen_id`, `id_centro_costo_id`, `id_elemento_gasto_id`, `id_orden_trabajo_id`, `id_expediente_id`, `id_proveedor_id`, `id_unidad_id`, `id_tipo_comprobante_id`, `id_comprobante_id`, `id_factura_id`, `id_activo_fijo_id`, `id_area_responsabilidad_id`, `id_cotizacion_id`, `id_elemento_visa_id`, `tipo_cliente`, `id_cliente`, `fecha`, `anno`, `credito`, `debito`, `nro_documento`, `orden_operacion`, `banco`, `entrada`, `id_cuentas_unidad_id`, `nro_doc_mostrar`) VALUES (1150, 8, 72, NULL, NULL, NULL, NULL, NULL, NULL, NULL, 1, 2, 80, 62, NULL, NULL, NULL, NULL, 1, 1, '2022-01-10', 2022, 2, 0, '-', NULL, '', NULL, NULL, NULL);
INSERT INTO `asiento` (`id`, `id_cuenta_id`, `id_subcuenta_id`, `id_documento_id`, `id_almacen_id`, `id_centro_costo_id`, `id_elemento_gasto_id`, `id_orden_trabajo_id`, `id_expediente_id`, `id_proveedor_id`, `id_unidad_id`, `id_tipo_comprobante_id`, `id_comprobante_id`, `id_factura_id`, `id_activo_fijo_id`, `id_area_responsabilidad_id`, `id_cotizacion_id`, `id_elemento_visa_id`, `tipo_cliente`, `id_cliente`, `fecha`, `anno`, `credito`, `debito`, `nro_documento`, `orden_operacion`, `banco`, `entrada`, `id_cuentas_unidad_id`, `nro_doc_mostrar`) VALUES (1151, 8, 104, NULL, NULL, NULL, NULL, NULL, NULL, NULL, 1, NULL, NULL, 66, NULL, NULL, NULL, NULL, 2, 1, '2022-01-09', 2022, 0, 9.44, 'FACT-6', 0, NULL, 0, NULL, NULL);
INSERT INTO `asiento` (`id`, `id_cuenta_id`, `id_subcuenta_id`, `id_documento_id`, `id_almacen_id`, `id_centro_costo_id`, `id_elemento_gasto_id`, `id_orden_trabajo_id`, `id_expediente_id`, `id_proveedor_id`, `id_unidad_id`, `id_tipo_comprobante_id`, `id_comprobante_id`, `id_factura_id`, `id_activo_fijo_id`, `id_area_responsabilidad_id`, `id_cotizacion_id`, `id_elemento_visa_id`, `tipo_cliente`, `id_cliente`, `fecha`, `anno`, `credito`, `debito`, `nro_documento`, `orden_operacion`, `banco`, `entrada`, `id_cuentas_unidad_id`, `nro_doc_mostrar`) VALUES (1152, 84, 63, NULL, NULL, NULL, NULL, NULL, NULL, 1, 1, NULL, NULL, 66, NULL, NULL, NULL, NULL, 0, NULL, '2022-01-09', 2022, 0, 500, 'FACT-6', 0, NULL, 0, NULL, NULL);
INSERT INTO `asiento` (`id`, `id_cuenta_id`, `id_subcuenta_id`, `id_documento_id`, `id_almacen_id`, `id_centro_costo_id`, `id_elemento_gasto_id`, `id_orden_trabajo_id`, `id_expediente_id`, `id_proveedor_id`, `id_unidad_id`, `id_tipo_comprobante_id`, `id_comprobante_id`, `id_factura_id`, `id_activo_fijo_id`, `id_area_responsabilidad_id`, `id_cotizacion_id`, `id_elemento_visa_id`, `tipo_cliente`, `id_cliente`, `fecha`, `anno`, `credito`, `debito`, `nro_documento`, `orden_operacion`, `banco`, `entrada`, `id_cuentas_unidad_id`, `nro_doc_mostrar`) VALUES (1153, 36, 105, NULL, NULL, NULL, NULL, NULL, NULL, 1, 1, NULL, NULL, 66, NULL, NULL, NULL, NULL, 0, NULL, '2022-01-09', 2022, 500, 0, 'FACT-6', 0, NULL, 0, NULL, NULL);
INSERT INTO `asiento` (`id`, `id_cuenta_id`, `id_subcuenta_id`, `id_documento_id`, `id_almacen_id`, `id_centro_costo_id`, `id_elemento_gasto_id`, `id_orden_trabajo_id`, `id_expediente_id`, `id_proveedor_id`, `id_unidad_id`, `id_tipo_comprobante_id`, `id_comprobante_id`, `id_factura_id`, `id_activo_fijo_id`, `id_area_responsabilidad_id`, `id_cotizacion_id`, `id_elemento_visa_id`, `tipo_cliente`, `id_cliente`, `fecha`, `anno`, `credito`, `debito`, `nro_documento`, `orden_operacion`, `banco`, `entrada`, `id_cuentas_unidad_id`, `nro_doc_mostrar`) VALUES (1154, 83, 119, NULL, NULL, NULL, NULL, NULL, NULL, NULL, 1, NULL, NULL, 66, NULL, NULL, NULL, NULL, 0, NULL, '2022-01-09', 2022, 8, 0, 'FACT-6', 0, NULL, 1, NULL, NULL);
INSERT INTO `asiento` (`id`, `id_cuenta_id`, `id_subcuenta_id`, `id_documento_id`, `id_almacen_id`, `id_centro_costo_id`, `id_elemento_gasto_id`, `id_orden_trabajo_id`, `id_expediente_id`, `id_proveedor_id`, `id_unidad_id`, `id_tipo_comprobante_id`, `id_comprobante_id`, `id_factura_id`, `id_activo_fijo_id`, `id_area_responsabilidad_id`, `id_cotizacion_id`, `id_elemento_visa_id`, `tipo_cliente`, `id_cliente`, `fecha`, `anno`, `credito`, `debito`, `nro_documento`, `orden_operacion`, `banco`, `entrada`, `id_cuentas_unidad_id`, `nro_doc_mostrar`) VALUES (1155, 41, 34, NULL, NULL, NULL, NULL, NULL, NULL, NULL, 1, NULL, NULL, 66, NULL, NULL, NULL, NULL, 0, NULL, '2022-01-09', 2022, 1.44, 0, 'FACT-6', 0, NULL, 0, NULL, NULL);
INSERT INTO `asiento` (`id`, `id_cuenta_id`, `id_subcuenta_id`, `id_documento_id`, `id_almacen_id`, `id_centro_costo_id`, `id_elemento_gasto_id`, `id_orden_trabajo_id`, `id_expediente_id`, `id_proveedor_id`, `id_unidad_id`, `id_tipo_comprobante_id`, `id_comprobante_id`, `id_factura_id`, `id_activo_fijo_id`, `id_area_responsabilidad_id`, `id_cotizacion_id`, `id_elemento_visa_id`, `tipo_cliente`, `id_cliente`, `fecha`, `anno`, `credito`, `debito`, `nro_documento`, `orden_operacion`, `banco`, `entrada`, `id_cuentas_unidad_id`, `nro_doc_mostrar`) VALUES (1156, 8, 104, NULL, NULL, NULL, NULL, NULL, NULL, NULL, 1, NULL, NULL, 67, NULL, NULL, NULL, NULL, 2, 1, '2022-01-09', 2022, 0, 9.44, 'FACT-7', 0, NULL, 0, NULL, NULL);
INSERT INTO `asiento` (`id`, `id_cuenta_id`, `id_subcuenta_id`, `id_documento_id`, `id_almacen_id`, `id_centro_costo_id`, `id_elemento_gasto_id`, `id_orden_trabajo_id`, `id_expediente_id`, `id_proveedor_id`, `id_unidad_id`, `id_tipo_comprobante_id`, `id_comprobante_id`, `id_factura_id`, `id_activo_fijo_id`, `id_area_responsabilidad_id`, `id_cotizacion_id`, `id_elemento_visa_id`, `tipo_cliente`, `id_cliente`, `fecha`, `anno`, `credito`, `debito`, `nro_documento`, `orden_operacion`, `banco`, `entrada`, `id_cuentas_unidad_id`, `nro_doc_mostrar`) VALUES (1157, 84, 63, NULL, NULL, NULL, NULL, NULL, NULL, 1, 1, NULL, NULL, 67, NULL, NULL, NULL, NULL, 0, NULL, '2022-01-09', 2022, 0, 500, 'FACT-7', 0, NULL, 0, NULL, NULL);
INSERT INTO `asiento` (`id`, `id_cuenta_id`, `id_subcuenta_id`, `id_documento_id`, `id_almacen_id`, `id_centro_costo_id`, `id_elemento_gasto_id`, `id_orden_trabajo_id`, `id_expediente_id`, `id_proveedor_id`, `id_unidad_id`, `id_tipo_comprobante_id`, `id_comprobante_id`, `id_factura_id`, `id_activo_fijo_id`, `id_area_responsabilidad_id`, `id_cotizacion_id`, `id_elemento_visa_id`, `tipo_cliente`, `id_cliente`, `fecha`, `anno`, `credito`, `debito`, `nro_documento`, `orden_operacion`, `banco`, `entrada`, `id_cuentas_unidad_id`, `nro_doc_mostrar`) VALUES (1158, 36, 105, NULL, NULL, NULL, NULL, NULL, NULL, 1, 1, NULL, NULL, 67, NULL, NULL, NULL, NULL, 0, NULL, '2022-01-09', 2022, 500, 0, 'FACT-7', 0, NULL, 0, NULL, NULL);
INSERT INTO `asiento` (`id`, `id_cuenta_id`, `id_subcuenta_id`, `id_documento_id`, `id_almacen_id`, `id_centro_costo_id`, `id_elemento_gasto_id`, `id_orden_trabajo_id`, `id_expediente_id`, `id_proveedor_id`, `id_unidad_id`, `id_tipo_comprobante_id`, `id_comprobante_id`, `id_factura_id`, `id_activo_fijo_id`, `id_area_responsabilidad_id`, `id_cotizacion_id`, `id_elemento_visa_id`, `tipo_cliente`, `id_cliente`, `fecha`, `anno`, `credito`, `debito`, `nro_documento`, `orden_operacion`, `banco`, `entrada`, `id_cuentas_unidad_id`, `nro_doc_mostrar`) VALUES (1159, 83, 119, NULL, NULL, NULL, NULL, NULL, NULL, NULL, 1, NULL, NULL, 67, NULL, NULL, NULL, NULL, 0, NULL, '2022-01-09', 2022, 8, 0, 'FACT-7', 0, NULL, 1, NULL, NULL);
INSERT INTO `asiento` (`id`, `id_cuenta_id`, `id_subcuenta_id`, `id_documento_id`, `id_almacen_id`, `id_centro_costo_id`, `id_elemento_gasto_id`, `id_orden_trabajo_id`, `id_expediente_id`, `id_proveedor_id`, `id_unidad_id`, `id_tipo_comprobante_id`, `id_comprobante_id`, `id_factura_id`, `id_activo_fijo_id`, `id_area_responsabilidad_id`, `id_cotizacion_id`, `id_elemento_visa_id`, `tipo_cliente`, `id_cliente`, `fecha`, `anno`, `credito`, `debito`, `nro_documento`, `orden_operacion`, `banco`, `entrada`, `id_cuentas_unidad_id`, `nro_doc_mostrar`) VALUES (1160, 41, 34, NULL, NULL, NULL, NULL, NULL, NULL, NULL, 1, NULL, NULL, 67, NULL, NULL, NULL, NULL, 0, NULL, '2022-01-09', 2022, 1.44, 0, 'FACT-7', 0, NULL, 0, NULL, NULL);
INSERT INTO `asiento` (`id`, `id_cuenta_id`, `id_subcuenta_id`, `id_documento_id`, `id_almacen_id`, `id_centro_costo_id`, `id_elemento_gasto_id`, `id_orden_trabajo_id`, `id_expediente_id`, `id_proveedor_id`, `id_unidad_id`, `id_tipo_comprobante_id`, `id_comprobante_id`, `id_factura_id`, `id_activo_fijo_id`, `id_area_responsabilidad_id`, `id_cotizacion_id`, `id_elemento_visa_id`, `tipo_cliente`, `id_cliente`, `fecha`, `anno`, `credito`, `debito`, `nro_documento`, `orden_operacion`, `banco`, `entrada`, `id_cuentas_unidad_id`, `nro_doc_mostrar`) VALUES (1161, 8, 72, NULL, NULL, NULL, NULL, NULL, NULL, NULL, 1, NULL, NULL, 68, NULL, NULL, NULL, NULL, 1, 17, '2022-01-09', 2022, 0, 9.44, 'FACT-8', 0, NULL, 0, NULL, NULL);
INSERT INTO `asiento` (`id`, `id_cuenta_id`, `id_subcuenta_id`, `id_documento_id`, `id_almacen_id`, `id_centro_costo_id`, `id_elemento_gasto_id`, `id_orden_trabajo_id`, `id_expediente_id`, `id_proveedor_id`, `id_unidad_id`, `id_tipo_comprobante_id`, `id_comprobante_id`, `id_factura_id`, `id_activo_fijo_id`, `id_area_responsabilidad_id`, `id_cotizacion_id`, `id_elemento_visa_id`, `tipo_cliente`, `id_cliente`, `fecha`, `anno`, `credito`, `debito`, `nro_documento`, `orden_operacion`, `banco`, `entrada`, `id_cuentas_unidad_id`, `nro_doc_mostrar`) VALUES (1162, 84, 63, NULL, NULL, NULL, NULL, NULL, NULL, 1, 1, NULL, NULL, 68, NULL, NULL, NULL, NULL, 0, NULL, '2022-01-09', 2022, 0, 500, 'FACT-8', 0, NULL, 0, NULL, NULL);
INSERT INTO `asiento` (`id`, `id_cuenta_id`, `id_subcuenta_id`, `id_documento_id`, `id_almacen_id`, `id_centro_costo_id`, `id_elemento_gasto_id`, `id_orden_trabajo_id`, `id_expediente_id`, `id_proveedor_id`, `id_unidad_id`, `id_tipo_comprobante_id`, `id_comprobante_id`, `id_factura_id`, `id_activo_fijo_id`, `id_area_responsabilidad_id`, `id_cotizacion_id`, `id_elemento_visa_id`, `tipo_cliente`, `id_cliente`, `fecha`, `anno`, `credito`, `debito`, `nro_documento`, `orden_operacion`, `banco`, `entrada`, `id_cuentas_unidad_id`, `nro_doc_mostrar`) VALUES (1163, 36, 105, NULL, NULL, NULL, NULL, NULL, NULL, 1, 1, NULL, NULL, 68, NULL, NULL, NULL, NULL, 0, NULL, '2022-01-09', 2022, 500, 0, 'FACT-8', 0, NULL, 0, NULL, NULL);
INSERT INTO `asiento` (`id`, `id_cuenta_id`, `id_subcuenta_id`, `id_documento_id`, `id_almacen_id`, `id_centro_costo_id`, `id_elemento_gasto_id`, `id_orden_trabajo_id`, `id_expediente_id`, `id_proveedor_id`, `id_unidad_id`, `id_tipo_comprobante_id`, `id_comprobante_id`, `id_factura_id`, `id_activo_fijo_id`, `id_area_responsabilidad_id`, `id_cotizacion_id`, `id_elemento_visa_id`, `tipo_cliente`, `id_cliente`, `fecha`, `anno`, `credito`, `debito`, `nro_documento`, `orden_operacion`, `banco`, `entrada`, `id_cuentas_unidad_id`, `nro_doc_mostrar`) VALUES (1164, 83, 119, NULL, NULL, NULL, NULL, NULL, NULL, NULL, 1, NULL, NULL, 68, NULL, NULL, NULL, NULL, 0, NULL, '2022-01-09', 2022, 8, 0, 'FACT-8', 0, NULL, 1, NULL, NULL);
INSERT INTO `asiento` (`id`, `id_cuenta_id`, `id_subcuenta_id`, `id_documento_id`, `id_almacen_id`, `id_centro_costo_id`, `id_elemento_gasto_id`, `id_orden_trabajo_id`, `id_expediente_id`, `id_proveedor_id`, `id_unidad_id`, `id_tipo_comprobante_id`, `id_comprobante_id`, `id_factura_id`, `id_activo_fijo_id`, `id_area_responsabilidad_id`, `id_cotizacion_id`, `id_elemento_visa_id`, `tipo_cliente`, `id_cliente`, `fecha`, `anno`, `credito`, `debito`, `nro_documento`, `orden_operacion`, `banco`, `entrada`, `id_cuentas_unidad_id`, `nro_doc_mostrar`) VALUES (1165, 41, 34, NULL, NULL, NULL, NULL, NULL, NULL, NULL, 1, NULL, NULL, 68, NULL, NULL, NULL, NULL, 0, NULL, '2022-01-09', 2022, 1.44, 0, 'FACT-8', 0, NULL, 0, NULL, NULL);
INSERT INTO `asiento` (`id`, `id_cuenta_id`, `id_subcuenta_id`, `id_documento_id`, `id_almacen_id`, `id_centro_costo_id`, `id_elemento_gasto_id`, `id_orden_trabajo_id`, `id_expediente_id`, `id_proveedor_id`, `id_unidad_id`, `id_tipo_comprobante_id`, `id_comprobante_id`, `id_factura_id`, `id_activo_fijo_id`, `id_area_responsabilidad_id`, `id_cotizacion_id`, `id_elemento_visa_id`, `tipo_cliente`, `id_cliente`, `fecha`, `anno`, `credito`, `debito`, `nro_documento`, `orden_operacion`, `banco`, `entrada`, `id_cuentas_unidad_id`, `nro_doc_mostrar`) VALUES (1166, 8, 72, NULL, NULL, NULL, NULL, NULL, NULL, NULL, 1, NULL, NULL, 69, NULL, NULL, NULL, NULL, 1, 1, '2022-01-09', 2022, 0, 29.44, 'FACT-9', 0, NULL, 0, NULL, NULL);
INSERT INTO `asiento` (`id`, `id_cuenta_id`, `id_subcuenta_id`, `id_documento_id`, `id_almacen_id`, `id_centro_costo_id`, `id_elemento_gasto_id`, `id_orden_trabajo_id`, `id_expediente_id`, `id_proveedor_id`, `id_unidad_id`, `id_tipo_comprobante_id`, `id_comprobante_id`, `id_factura_id`, `id_activo_fijo_id`, `id_area_responsabilidad_id`, `id_cotizacion_id`, `id_elemento_visa_id`, `tipo_cliente`, `id_cliente`, `fecha`, `anno`, `credito`, `debito`, `nro_documento`, `orden_operacion`, `banco`, `entrada`, `id_cuentas_unidad_id`, `nro_doc_mostrar`) VALUES (1167, 84, 63, NULL, NULL, NULL, NULL, NULL, NULL, 1, 1, NULL, NULL, 69, NULL, NULL, NULL, NULL, 0, NULL, '2022-01-09', 2022, 0, 500, 'FACT-9', 0, NULL, 0, NULL, NULL);
INSERT INTO `asiento` (`id`, `id_cuenta_id`, `id_subcuenta_id`, `id_documento_id`, `id_almacen_id`, `id_centro_costo_id`, `id_elemento_gasto_id`, `id_orden_trabajo_id`, `id_expediente_id`, `id_proveedor_id`, `id_unidad_id`, `id_tipo_comprobante_id`, `id_comprobante_id`, `id_factura_id`, `id_activo_fijo_id`, `id_area_responsabilidad_id`, `id_cotizacion_id`, `id_elemento_visa_id`, `tipo_cliente`, `id_cliente`, `fecha`, `anno`, `credito`, `debito`, `nro_documento`, `orden_operacion`, `banco`, `entrada`, `id_cuentas_unidad_id`, `nro_doc_mostrar`) VALUES (1168, 84, 63, NULL, NULL, NULL, NULL, NULL, NULL, 15, 1, NULL, NULL, 69, NULL, NULL, NULL, NULL, 0, NULL, '2022-01-09', 2022, 0, 10, 'FACT-9', 0, NULL, 0, NULL, NULL);
INSERT INTO `asiento` (`id`, `id_cuenta_id`, `id_subcuenta_id`, `id_documento_id`, `id_almacen_id`, `id_centro_costo_id`, `id_elemento_gasto_id`, `id_orden_trabajo_id`, `id_expediente_id`, `id_proveedor_id`, `id_unidad_id`, `id_tipo_comprobante_id`, `id_comprobante_id`, `id_factura_id`, `id_activo_fijo_id`, `id_area_responsabilidad_id`, `id_cotizacion_id`, `id_elemento_visa_id`, `tipo_cliente`, `id_cliente`, `fecha`, `anno`, `credito`, `debito`, `nro_documento`, `orden_operacion`, `banco`, `entrada`, `id_cuentas_unidad_id`, `nro_doc_mostrar`) VALUES (1169, 36, 105, NULL, NULL, NULL, NULL, NULL, NULL, 1, 1, NULL, NULL, 69, NULL, NULL, NULL, NULL, 0, NULL, '2022-01-09', 2022, 500, 0, 'FACT-9', 0, NULL, 0, NULL, NULL);
INSERT INTO `asiento` (`id`, `id_cuenta_id`, `id_subcuenta_id`, `id_documento_id`, `id_almacen_id`, `id_centro_costo_id`, `id_elemento_gasto_id`, `id_orden_trabajo_id`, `id_expediente_id`, `id_proveedor_id`, `id_unidad_id`, `id_tipo_comprobante_id`, `id_comprobante_id`, `id_factura_id`, `id_activo_fijo_id`, `id_area_responsabilidad_id`, `id_cotizacion_id`, `id_elemento_visa_id`, `tipo_cliente`, `id_cliente`, `fecha`, `anno`, `credito`, `debito`, `nro_documento`, `orden_operacion`, `banco`, `entrada`, `id_cuentas_unidad_id`, `nro_doc_mostrar`) VALUES (1170, 83, 119, NULL, NULL, NULL, NULL, NULL, NULL, NULL, 1, NULL, NULL, 69, NULL, NULL, NULL, NULL, 0, NULL, '2022-01-09', 2022, 8, 0, 'FACT-9', 0, NULL, 1, NULL, NULL);
INSERT INTO `asiento` (`id`, `id_cuenta_id`, `id_subcuenta_id`, `id_documento_id`, `id_almacen_id`, `id_centro_costo_id`, `id_elemento_gasto_id`, `id_orden_trabajo_id`, `id_expediente_id`, `id_proveedor_id`, `id_unidad_id`, `id_tipo_comprobante_id`, `id_comprobante_id`, `id_factura_id`, `id_activo_fijo_id`, `id_area_responsabilidad_id`, `id_cotizacion_id`, `id_elemento_visa_id`, `tipo_cliente`, `id_cliente`, `fecha`, `anno`, `credito`, `debito`, `nro_documento`, `orden_operacion`, `banco`, `entrada`, `id_cuentas_unidad_id`, `nro_doc_mostrar`) VALUES (1171, 36, 109, NULL, NULL, NULL, NULL, NULL, NULL, 15, 1, NULL, NULL, 69, NULL, NULL, NULL, NULL, 0, NULL, '2022-01-09', 2022, 10, 0, 'FACT-9', 0, NULL, 0, NULL, NULL);
INSERT INTO `asiento` (`id`, `id_cuenta_id`, `id_subcuenta_id`, `id_documento_id`, `id_almacen_id`, `id_centro_costo_id`, `id_elemento_gasto_id`, `id_orden_trabajo_id`, `id_expediente_id`, `id_proveedor_id`, `id_unidad_id`, `id_tipo_comprobante_id`, `id_comprobante_id`, `id_factura_id`, `id_activo_fijo_id`, `id_area_responsabilidad_id`, `id_cotizacion_id`, `id_elemento_visa_id`, `tipo_cliente`, `id_cliente`, `fecha`, `anno`, `credito`, `debito`, `nro_documento`, `orden_operacion`, `banco`, `entrada`, `id_cuentas_unidad_id`, `nro_doc_mostrar`) VALUES (1172, 83, 123, NULL, NULL, NULL, NULL, NULL, NULL, NULL, 1, NULL, NULL, 69, NULL, NULL, NULL, NULL, 0, NULL, '2022-01-09', 2022, 20, 0, 'FACT-9', 0, NULL, 1, NULL, NULL);
INSERT INTO `asiento` (`id`, `id_cuenta_id`, `id_subcuenta_id`, `id_documento_id`, `id_almacen_id`, `id_centro_costo_id`, `id_elemento_gasto_id`, `id_orden_trabajo_id`, `id_expediente_id`, `id_proveedor_id`, `id_unidad_id`, `id_tipo_comprobante_id`, `id_comprobante_id`, `id_factura_id`, `id_activo_fijo_id`, `id_area_responsabilidad_id`, `id_cotizacion_id`, `id_elemento_visa_id`, `tipo_cliente`, `id_cliente`, `fecha`, `anno`, `credito`, `debito`, `nro_documento`, `orden_operacion`, `banco`, `entrada`, `id_cuentas_unidad_id`, `nro_doc_mostrar`) VALUES (1173, 41, 34, NULL, NULL, NULL, NULL, NULL, NULL, NULL, 1, NULL, NULL, 69, NULL, NULL, NULL, NULL, 0, NULL, '2022-01-09', 2022, 1.44, 0, 'FACT-9', 0, NULL, 0, NULL, NULL);
INSERT INTO `asiento` (`id`, `id_cuenta_id`, `id_subcuenta_id`, `id_documento_id`, `id_almacen_id`, `id_centro_costo_id`, `id_elemento_gasto_id`, `id_orden_trabajo_id`, `id_expediente_id`, `id_proveedor_id`, `id_unidad_id`, `id_tipo_comprobante_id`, `id_comprobante_id`, `id_factura_id`, `id_activo_fijo_id`, `id_area_responsabilidad_id`, `id_cotizacion_id`, `id_elemento_visa_id`, `tipo_cliente`, `id_cliente`, `fecha`, `anno`, `credito`, `debito`, `nro_documento`, `orden_operacion`, `banco`, `entrada`, `id_cuentas_unidad_id`, `nro_doc_mostrar`) VALUES (1174, 36, 63, NULL, NULL, NULL, NULL, NULL, NULL, 15, 1, 2, 81, NULL, NULL, NULL, NULL, NULL, NULL, NULL, '2022-01-10', 2022, 0, 5, 'FACT-9', NULL, '', NULL, NULL, NULL);
INSERT INTO `asiento` (`id`, `id_cuenta_id`, `id_subcuenta_id`, `id_documento_id`, `id_almacen_id`, `id_centro_costo_id`, `id_elemento_gasto_id`, `id_orden_trabajo_id`, `id_expediente_id`, `id_proveedor_id`, `id_unidad_id`, `id_tipo_comprobante_id`, `id_comprobante_id`, `id_factura_id`, `id_activo_fijo_id`, `id_area_responsabilidad_id`, `id_cotizacion_id`, `id_elemento_visa_id`, `tipo_cliente`, `id_cliente`, `fecha`, `anno`, `credito`, `debito`, `nro_documento`, `orden_operacion`, `banco`, `entrada`, `id_cuentas_unidad_id`, `nro_doc_mostrar`) VALUES (1175, 1, 1, NULL, NULL, NULL, NULL, NULL, NULL, 15, 1, 2, 81, NULL, NULL, NULL, NULL, NULL, NULL, NULL, '2022-01-10', 2022, 5, 0, ' ', NULL, '', NULL, NULL, NULL);
INSERT INTO `asiento` (`id`, `id_cuenta_id`, `id_subcuenta_id`, `id_documento_id`, `id_almacen_id`, `id_centro_costo_id`, `id_elemento_gasto_id`, `id_orden_trabajo_id`, `id_expediente_id`, `id_proveedor_id`, `id_unidad_id`, `id_tipo_comprobante_id`, `id_comprobante_id`, `id_factura_id`, `id_activo_fijo_id`, `id_area_responsabilidad_id`, `id_cotizacion_id`, `id_elemento_visa_id`, `tipo_cliente`, `id_cliente`, `fecha`, `anno`, `credito`, `debito`, `nro_documento`, `orden_operacion`, `banco`, `entrada`, `id_cuentas_unidad_id`, `nro_doc_mostrar`) VALUES (1176, 69, 97, NULL, NULL, 25, 3, NULL, NULL, NULL, 1, 1, 82, NULL, NULL, NULL, NULL, NULL, NULL, NULL, '2022-01-10', 2022, 0, 100, '-', NULL, '', NULL, NULL, NULL);
INSERT INTO `asiento` (`id`, `id_cuenta_id`, `id_subcuenta_id`, `id_documento_id`, `id_almacen_id`, `id_centro_costo_id`, `id_elemento_gasto_id`, `id_orden_trabajo_id`, `id_expediente_id`, `id_proveedor_id`, `id_unidad_id`, `id_tipo_comprobante_id`, `id_comprobante_id`, `id_factura_id`, `id_activo_fijo_id`, `id_area_responsabilidad_id`, `id_cotizacion_id`, `id_elemento_visa_id`, `tipo_cliente`, `id_cliente`, `fecha`, `anno`, `credito`, `debito`, `nro_documento`, `orden_operacion`, `banco`, `entrada`, `id_cuentas_unidad_id`, `nro_doc_mostrar`) VALUES (1177, 2, 183, NULL, NULL, NULL, NULL, NULL, NULL, NULL, 1, 1, 82, NULL, NULL, NULL, NULL, NULL, NULL, NULL, '2022-01-10', 2022, 100, 0, '-', NULL, '', NULL, NULL, NULL);
INSERT INTO `asiento` (`id`, `id_cuenta_id`, `id_subcuenta_id`, `id_documento_id`, `id_almacen_id`, `id_centro_costo_id`, `id_elemento_gasto_id`, `id_orden_trabajo_id`, `id_expediente_id`, `id_proveedor_id`, `id_unidad_id`, `id_tipo_comprobante_id`, `id_comprobante_id`, `id_factura_id`, `id_activo_fijo_id`, `id_area_responsabilidad_id`, `id_cotizacion_id`, `id_elemento_visa_id`, `tipo_cliente`, `id_cliente`, `fecha`, `anno`, `credito`, `debito`, `nro_documento`, `orden_operacion`, `banco`, `entrada`, `id_cuentas_unidad_id`, `nro_doc_mostrar`) VALUES (1178, 69, 97, NULL, NULL, 25, 3, NULL, NULL, NULL, 1, 2, 83, NULL, NULL, NULL, NULL, NULL, NULL, NULL, '2022-01-10', 2022, 0, 110, '-', NULL, '', NULL, NULL, NULL);
INSERT INTO `asiento` (`id`, `id_cuenta_id`, `id_subcuenta_id`, `id_documento_id`, `id_almacen_id`, `id_centro_costo_id`, `id_elemento_gasto_id`, `id_orden_trabajo_id`, `id_expediente_id`, `id_proveedor_id`, `id_unidad_id`, `id_tipo_comprobante_id`, `id_comprobante_id`, `id_factura_id`, `id_activo_fijo_id`, `id_area_responsabilidad_id`, `id_cotizacion_id`, `id_elemento_visa_id`, `tipo_cliente`, `id_cliente`, `fecha`, `anno`, `credito`, `debito`, `nro_documento`, `orden_operacion`, `banco`, `entrada`, `id_cuentas_unidad_id`, `nro_doc_mostrar`) VALUES (1179, 2, 183, NULL, NULL, NULL, NULL, NULL, NULL, NULL, 1, 2, 83, NULL, NULL, NULL, NULL, NULL, NULL, NULL, '2022-01-10', 2022, 110, 0, '-', NULL, '', NULL, 2, NULL);
INSERT INTO `asiento` (`id`, `id_cuenta_id`, `id_subcuenta_id`, `id_documento_id`, `id_almacen_id`, `id_centro_costo_id`, `id_elemento_gasto_id`, `id_orden_trabajo_id`, `id_expediente_id`, `id_proveedor_id`, `id_unidad_id`, `id_tipo_comprobante_id`, `id_comprobante_id`, `id_factura_id`, `id_activo_fijo_id`, `id_area_responsabilidad_id`, `id_cotizacion_id`, `id_elemento_visa_id`, `tipo_cliente`, `id_cliente`, `fecha`, `anno`, `credito`, `debito`, `nro_documento`, `orden_operacion`, `banco`, `entrada`, `id_cuentas_unidad_id`, `nro_doc_mostrar`) VALUES (1180, 2, 133, NULL, NULL, NULL, NULL, NULL, NULL, NULL, 1, 2, 84, NULL, NULL, NULL, NULL, NULL, 1, 3, '2022-01-15', 2022, 0, 3, '', NULL, '', NULL, NULL, NULL);
INSERT INTO `asiento` (`id`, `id_cuenta_id`, `id_subcuenta_id`, `id_documento_id`, `id_almacen_id`, `id_centro_costo_id`, `id_elemento_gasto_id`, `id_orden_trabajo_id`, `id_expediente_id`, `id_proveedor_id`, `id_unidad_id`, `id_tipo_comprobante_id`, `id_comprobante_id`, `id_factura_id`, `id_activo_fijo_id`, `id_area_responsabilidad_id`, `id_cotizacion_id`, `id_elemento_visa_id`, `tipo_cliente`, `id_cliente`, `fecha`, `anno`, `credito`, `debito`, `nro_documento`, `orden_operacion`, `banco`, `entrada`, `id_cuentas_unidad_id`, `nro_doc_mostrar`) VALUES (1181, 8, 72, NULL, NULL, NULL, NULL, NULL, NULL, NULL, 1, 2, 84, 61, NULL, NULL, NULL, NULL, 1, 3, '2022-01-15', 2022, 3, 0, '-', NULL, '', NULL, NULL, NULL);
INSERT INTO `asiento` (`id`, `id_cuenta_id`, `id_subcuenta_id`, `id_documento_id`, `id_almacen_id`, `id_centro_costo_id`, `id_elemento_gasto_id`, `id_orden_trabajo_id`, `id_expediente_id`, `id_proveedor_id`, `id_unidad_id`, `id_tipo_comprobante_id`, `id_comprobante_id`, `id_factura_id`, `id_activo_fijo_id`, `id_area_responsabilidad_id`, `id_cotizacion_id`, `id_elemento_visa_id`, `tipo_cliente`, `id_cliente`, `fecha`, `anno`, `credito`, `debito`, `nro_documento`, `orden_operacion`, `banco`, `entrada`, `id_cuentas_unidad_id`, `nro_doc_mostrar`) VALUES (1182, 2, 133, NULL, NULL, NULL, NULL, NULL, NULL, NULL, 1, 2, 85, NULL, NULL, NULL, NULL, NULL, 1, 3, '2022-01-15', 2022, 0, 3, '', NULL, '', NULL, NULL, NULL);
INSERT INTO `asiento` (`id`, `id_cuenta_id`, `id_subcuenta_id`, `id_documento_id`, `id_almacen_id`, `id_centro_costo_id`, `id_elemento_gasto_id`, `id_orden_trabajo_id`, `id_expediente_id`, `id_proveedor_id`, `id_unidad_id`, `id_tipo_comprobante_id`, `id_comprobante_id`, `id_factura_id`, `id_activo_fijo_id`, `id_area_responsabilidad_id`, `id_cotizacion_id`, `id_elemento_visa_id`, `tipo_cliente`, `id_cliente`, `fecha`, `anno`, `credito`, `debito`, `nro_documento`, `orden_operacion`, `banco`, `entrada`, `id_cuentas_unidad_id`, `nro_doc_mostrar`) VALUES (1183, 8, 72, NULL, NULL, NULL, NULL, NULL, NULL, NULL, 1, 2, 85, 61, NULL, NULL, NULL, NULL, 1, 3, '2022-01-15', 2022, 3, 0, '-', NULL, '', NULL, NULL, NULL);
INSERT INTO `asiento` (`id`, `id_cuenta_id`, `id_subcuenta_id`, `id_documento_id`, `id_almacen_id`, `id_centro_costo_id`, `id_elemento_gasto_id`, `id_orden_trabajo_id`, `id_expediente_id`, `id_proveedor_id`, `id_unidad_id`, `id_tipo_comprobante_id`, `id_comprobante_id`, `id_factura_id`, `id_activo_fijo_id`, `id_area_responsabilidad_id`, `id_cotizacion_id`, `id_elemento_visa_id`, `tipo_cliente`, `id_cliente`, `fecha`, `anno`, `credito`, `debito`, `nro_documento`, `orden_operacion`, `banco`, `entrada`, `id_cuentas_unidad_id`, `nro_doc_mostrar`) VALUES (1184, 1, 1, NULL, NULL, NULL, NULL, NULL, NULL, NULL, 1, 2, 86, NULL, NULL, NULL, NULL, NULL, 1, 3, '2022-01-15', 2022, 0, 3, '', NULL, '', NULL, NULL, NULL);
INSERT INTO `asiento` (`id`, `id_cuenta_id`, `id_subcuenta_id`, `id_documento_id`, `id_almacen_id`, `id_centro_costo_id`, `id_elemento_gasto_id`, `id_orden_trabajo_id`, `id_expediente_id`, `id_proveedor_id`, `id_unidad_id`, `id_tipo_comprobante_id`, `id_comprobante_id`, `id_factura_id`, `id_activo_fijo_id`, `id_area_responsabilidad_id`, `id_cotizacion_id`, `id_elemento_visa_id`, `tipo_cliente`, `id_cliente`, `fecha`, `anno`, `credito`, `debito`, `nro_documento`, `orden_operacion`, `banco`, `entrada`, `id_cuentas_unidad_id`, `nro_doc_mostrar`) VALUES (1185, 8, 72, NULL, NULL, NULL, NULL, NULL, NULL, NULL, 1, 2, 86, 61, NULL, NULL, NULL, NULL, 1, 3, '2022-01-15', 2022, 3, 0, '-', NULL, '', NULL, NULL, NULL);
INSERT INTO `asiento` (`id`, `id_cuenta_id`, `id_subcuenta_id`, `id_documento_id`, `id_almacen_id`, `id_centro_costo_id`, `id_elemento_gasto_id`, `id_orden_trabajo_id`, `id_expediente_id`, `id_proveedor_id`, `id_unidad_id`, `id_tipo_comprobante_id`, `id_comprobante_id`, `id_factura_id`, `id_activo_fijo_id`, `id_area_responsabilidad_id`, `id_cotizacion_id`, `id_elemento_visa_id`, `tipo_cliente`, `id_cliente`, `fecha`, `anno`, `credito`, `debito`, `nro_documento`, `orden_operacion`, `banco`, `entrada`, `id_cuentas_unidad_id`, `nro_doc_mostrar`) VALUES (1186, 2, 183, NULL, NULL, NULL, NULL, NULL, NULL, NULL, 1, 2, 87, NULL, NULL, NULL, NULL, NULL, 1, 3, '2022-01-15', 2022, 0, 3335, 'CH-555', NULL, '1234', NULL, 2, NULL);
INSERT INTO `asiento` (`id`, `id_cuenta_id`, `id_subcuenta_id`, `id_documento_id`, `id_almacen_id`, `id_centro_costo_id`, `id_elemento_gasto_id`, `id_orden_trabajo_id`, `id_expediente_id`, `id_proveedor_id`, `id_unidad_id`, `id_tipo_comprobante_id`, `id_comprobante_id`, `id_factura_id`, `id_activo_fijo_id`, `id_area_responsabilidad_id`, `id_cotizacion_id`, `id_elemento_visa_id`, `tipo_cliente`, `id_cliente`, `fecha`, `anno`, `credito`, `debito`, `nro_documento`, `orden_operacion`, `banco`, `entrada`, `id_cuentas_unidad_id`, `nro_doc_mostrar`) VALUES (1187, 8, 72, NULL, NULL, NULL, NULL, NULL, NULL, NULL, 1, 2, 87, 61, NULL, NULL, NULL, NULL, 1, 3, '2022-01-15', 2022, 3335, 0, '-', NULL, '', NULL, NULL, NULL);
INSERT INTO `asiento` (`id`, `id_cuenta_id`, `id_subcuenta_id`, `id_documento_id`, `id_almacen_id`, `id_centro_costo_id`, `id_elemento_gasto_id`, `id_orden_trabajo_id`, `id_expediente_id`, `id_proveedor_id`, `id_unidad_id`, `id_tipo_comprobante_id`, `id_comprobante_id`, `id_factura_id`, `id_activo_fijo_id`, `id_area_responsabilidad_id`, `id_cotizacion_id`, `id_elemento_visa_id`, `tipo_cliente`, `id_cliente`, `fecha`, `anno`, `credito`, `debito`, `nro_documento`, `orden_operacion`, `banco`, `entrada`, `id_cuentas_unidad_id`, `nro_doc_mostrar`) VALUES (1188, 2, 183, NULL, NULL, NULL, NULL, NULL, NULL, NULL, 1, 2, 88, NULL, NULL, NULL, NULL, NULL, 1, 1, '2022-01-15', 2022, 0, 1000, 'CH-321', NULL, '1234', NULL, 2, NULL);
INSERT INTO `asiento` (`id`, `id_cuenta_id`, `id_subcuenta_id`, `id_documento_id`, `id_almacen_id`, `id_centro_costo_id`, `id_elemento_gasto_id`, `id_orden_trabajo_id`, `id_expediente_id`, `id_proveedor_id`, `id_unidad_id`, `id_tipo_comprobante_id`, `id_comprobante_id`, `id_factura_id`, `id_activo_fijo_id`, `id_area_responsabilidad_id`, `id_cotizacion_id`, `id_elemento_visa_id`, `tipo_cliente`, `id_cliente`, `fecha`, `anno`, `credito`, `debito`, `nro_documento`, `orden_operacion`, `banco`, `entrada`, `id_cuentas_unidad_id`, `nro_doc_mostrar`) VALUES (1189, 8, 72, NULL, NULL, NULL, NULL, NULL, NULL, NULL, 1, 2, 88, 62, NULL, NULL, NULL, NULL, 1, 1, '2022-01-15', 2022, 1000, 0, '-', NULL, '', NULL, NULL, NULL);
INSERT INTO `asiento` (`id`, `id_cuenta_id`, `id_subcuenta_id`, `id_documento_id`, `id_almacen_id`, `id_centro_costo_id`, `id_elemento_gasto_id`, `id_orden_trabajo_id`, `id_expediente_id`, `id_proveedor_id`, `id_unidad_id`, `id_tipo_comprobante_id`, `id_comprobante_id`, `id_factura_id`, `id_activo_fijo_id`, `id_area_responsabilidad_id`, `id_cotizacion_id`, `id_elemento_visa_id`, `tipo_cliente`, `id_cliente`, `fecha`, `anno`, `credito`, `debito`, `nro_documento`, `orden_operacion`, `banco`, `entrada`, `id_cuentas_unidad_id`, `nro_doc_mostrar`) VALUES (1190, 1, 1, NULL, NULL, NULL, NULL, NULL, NULL, NULL, 1, 2, 89, NULL, NULL, NULL, NULL, NULL, 1, 1, '2022-01-15', 2022, 0, 500, 'DEP-1', NULL, NULL, NULL, NULL, NULL);
INSERT INTO `asiento` (`id`, `id_cuenta_id`, `id_subcuenta_id`, `id_documento_id`, `id_almacen_id`, `id_centro_costo_id`, `id_elemento_gasto_id`, `id_orden_trabajo_id`, `id_expediente_id`, `id_proveedor_id`, `id_unidad_id`, `id_tipo_comprobante_id`, `id_comprobante_id`, `id_factura_id`, `id_activo_fijo_id`, `id_area_responsabilidad_id`, `id_cotizacion_id`, `id_elemento_visa_id`, `tipo_cliente`, `id_cliente`, `fecha`, `anno`, `credito`, `debito`, `nro_documento`, `orden_operacion`, `banco`, `entrada`, `id_cuentas_unidad_id`, `nro_doc_mostrar`) VALUES (1191, 8, 72, NULL, NULL, NULL, NULL, NULL, NULL, NULL, 1, 2, 89, 62, NULL, NULL, NULL, NULL, 1, 1, '2022-01-15', 2022, 500, 0, '-', NULL, '', NULL, NULL, NULL);
INSERT INTO `asiento` (`id`, `id_cuenta_id`, `id_subcuenta_id`, `id_documento_id`, `id_almacen_id`, `id_centro_costo_id`, `id_elemento_gasto_id`, `id_orden_trabajo_id`, `id_expediente_id`, `id_proveedor_id`, `id_unidad_id`, `id_tipo_comprobante_id`, `id_comprobante_id`, `id_factura_id`, `id_activo_fijo_id`, `id_area_responsabilidad_id`, `id_cotizacion_id`, `id_elemento_visa_id`, `tipo_cliente`, `id_cliente`, `fecha`, `anno`, `credito`, `debito`, `nro_documento`, `orden_operacion`, `banco`, `entrada`, `id_cuentas_unidad_id`, `nro_doc_mostrar`) VALUES (1192, 36, 63, NULL, 1, NULL, NULL, NULL, NULL, 14, 1, 2, 90, NULL, NULL, NULL, NULL, NULL, NULL, NULL, '2022-01-15', 2022, 0, 50, 'IRM-1', NULL, '', NULL, NULL, NULL);
INSERT INTO `asiento` (`id`, `id_cuenta_id`, `id_subcuenta_id`, `id_documento_id`, `id_almacen_id`, `id_centro_costo_id`, `id_elemento_gasto_id`, `id_orden_trabajo_id`, `id_expediente_id`, `id_proveedor_id`, `id_unidad_id`, `id_tipo_comprobante_id`, `id_comprobante_id`, `id_factura_id`, `id_activo_fijo_id`, `id_area_responsabilidad_id`, `id_cotizacion_id`, `id_elemento_visa_id`, `tipo_cliente`, `id_cliente`, `fecha`, `anno`, `credito`, `debito`, `nro_documento`, `orden_operacion`, `banco`, `entrada`, `id_cuentas_unidad_id`, `nro_doc_mostrar`) VALUES (1193, 2, 183, NULL, NULL, NULL, NULL, NULL, NULL, 14, 1, 2, 90, NULL, NULL, NULL, NULL, NULL, NULL, NULL, '2022-01-15', 2022, 50, 0, 'T-00050', NULL, '1234', NULL, 2, NULL);
INSERT INTO `asiento` (`id`, `id_cuenta_id`, `id_subcuenta_id`, `id_documento_id`, `id_almacen_id`, `id_centro_costo_id`, `id_elemento_gasto_id`, `id_orden_trabajo_id`, `id_expediente_id`, `id_proveedor_id`, `id_unidad_id`, `id_tipo_comprobante_id`, `id_comprobante_id`, `id_factura_id`, `id_activo_fijo_id`, `id_area_responsabilidad_id`, `id_cotizacion_id`, `id_elemento_visa_id`, `tipo_cliente`, `id_cliente`, `fecha`, `anno`, `credito`, `debito`, `nro_documento`, `orden_operacion`, `banco`, `entrada`, `id_cuentas_unidad_id`, `nro_doc_mostrar`) VALUES (1194, 36, 63, NULL, 1, NULL, NULL, NULL, NULL, 14, 1, 2, 91, NULL, NULL, NULL, NULL, NULL, NULL, NULL, '2022-01-15', 2022, 0, 50, 'IRM-1', NULL, '', NULL, NULL, NULL);
INSERT INTO `asiento` (`id`, `id_cuenta_id`, `id_subcuenta_id`, `id_documento_id`, `id_almacen_id`, `id_centro_costo_id`, `id_elemento_gasto_id`, `id_orden_trabajo_id`, `id_expediente_id`, `id_proveedor_id`, `id_unidad_id`, `id_tipo_comprobante_id`, `id_comprobante_id`, `id_factura_id`, `id_activo_fijo_id`, `id_area_responsabilidad_id`, `id_cotizacion_id`, `id_elemento_visa_id`, `tipo_cliente`, `id_cliente`, `fecha`, `anno`, `credito`, `debito`, `nro_documento`, `orden_operacion`, `banco`, `entrada`, `id_cuentas_unidad_id`, `nro_doc_mostrar`) VALUES (1195, 1, 1, NULL, NULL, NULL, NULL, NULL, NULL, 14, 1, 2, 91, NULL, NULL, NULL, NULL, NULL, NULL, NULL, '2022-01-15', 2022, 50, 0, '555555', NULL, NULL, NULL, NULL, NULL);
INSERT INTO `banco` (`id`, `nombre`, `activo`, `codigo`) VALUES (1, 'BHD LEON', 1, '0001');
INSERT INTO `banco` (`id`, `nombre`, `activo`, `codigo`) VALUES (2, 'POPULAR', 1, '1234');
INSERT INTO `banco` (`id`, `nombre`, `activo`, `codigo`) VALUES (3, 'TD SOLYAG INC', 1, '00033335555');
INSERT INTO `banco` (`id`, `nombre`, `activo`, `codigo`) VALUES (4, 'TD SOLYAG GRUPO', 1, '00051');
INSERT INTO `banco` (`id`, `nombre`, `activo`, `codigo`) VALUES (5, 'PAYPAL', 1, '00061');
INSERT INTO `banco` (`id`, `nombre`, `activo`, `codigo`) VALUES (6, 'dsdsdsdsasasasasasasasasasa', 0, '0123');
INSERT INTO `banco` (`id`, `nombre`, `activo`, `codigo`) VALUES (7, 'BancoMetropolitano', 0, '0006');
INSERT INTO `banco` (`id`, `nombre`, `activo`, `codigo`) VALUES (8, 'Nuevo Banco', 0, '159');
INSERT INTO `banco` (`id`, `nombre`, `activo`, `codigo`) VALUES (9, 'kmilokmilo', 0, '123');
INSERT INTO `beneficiarios_clientes` (`id`, `id_cliente_id`, `id_pais_id`, `id_provincia_id`, `id_municipio_id`, `primer_nombre`, `primer_apellido`, `segundo_apellido`, `nombre_alternativo`, `primer_apellido_alternativo`, `segundo_apellido_alternativo`, `primer_telefono`, `segundo_telefono`, `identificacion`, `calle`, `entre`, `y`, `nro_casa`, `edificio`, `apto`, `reparto`, `activo`) VALUES (1, 1, 1, 7, 37, 'Adrian', 'Gonzalez', 'Aguiar', '', '', '', '5243434', '', '94072334203', '11', '86 ', '90', '', '8613', '18', 'Querejeta', 1);
INSERT INTO `beneficiarios_clientes` (`id`, `id_cliente_id`, `id_pais_id`, `id_provincia_id`, `id_municipio_id`, `primer_nombre`, `primer_apellido`, `segundo_apellido`, `nombre_alternativo`, `primer_apellido_alternativo`, `segundo_apellido_alternativo`, `primer_telefono`, `segundo_telefono`, `identificacion`, `calle`, `entre`, `y`, `nro_casa`, `edificio`, `apto`, `reparto`, `activo`) VALUES (2, 6, 1, 1, 2, 'leandro', 'capdesuner', 'garcia', '', '', '', '', '', '88070800280', '', '', '', '', '', '', '', 1);
INSERT INTO `beneficiarios_clientes` (`id`, `id_cliente_id`, `id_pais_id`, `id_provincia_id`, `id_municipio_id`, `primer_nombre`, `primer_apellido`, `segundo_apellido`, `nombre_alternativo`, `primer_apellido_alternativo`, `segundo_apellido_alternativo`, `primer_telefono`, `segundo_telefono`, `identificacion`, `calle`, `entre`, `y`, `nro_casa`, `edificio`, `apto`, `reparto`, `activo`) VALUES (3, 6, 1, 2, 10, 'Camilo', 'Hernadez', 'Valdes', '', '', '', '', '', '8922512541', '', '', '', '', '', '', '', 1);
INSERT INTO `beneficiarios_clientes` (`id`, `id_cliente_id`, `id_pais_id`, `id_provincia_id`, `id_municipio_id`, `primer_nombre`, `primer_apellido`, `segundo_apellido`, `nombre_alternativo`, `primer_apellido_alternativo`, `segundo_apellido_alternativo`, `primer_telefono`, `segundo_telefono`, `identificacion`, `calle`, `entre`, `y`, `nro_casa`, `edificio`, `apto`, `reparto`, `activo`) VALUES (4, 7, 1, 3, 62, 'Jaqueline', 'Hernández ', 'Guzman', '', '', '', '5353182129', '', '69100523579', ' Calle 117 ', '268', '272', '26817A', '', '', 'Pueblo Nuevo', 1);
INSERT INTO `beneficiarios_clientes` (`id`, `id_cliente_id`, `id_pais_id`, `id_provincia_id`, `id_municipio_id`, `primer_nombre`, `primer_apellido`, `segundo_apellido`, `nombre_alternativo`, `primer_apellido_alternativo`, `segundo_apellido_alternativo`, `primer_telefono`, `segundo_telefono`, `identificacion`, `calle`, `entre`, `y`, `nro_casa`, `edificio`, `apto`, `reparto`, `activo`) VALUES (5, 1, 1, 1, 1, 'Carlos', 'Brooks ', 'Soto', '', '', '', '5352098149', '', '61082802702', '48', '25', '27', '2512', '', '', '', 1);
INSERT INTO `beneficiarios_clientes` (`id`, `id_cliente_id`, `id_pais_id`, `id_provincia_id`, `id_municipio_id`, `primer_nombre`, `primer_apellido`, `segundo_apellido`, `nombre_alternativo`, `primer_apellido_alternativo`, `segundo_apellido_alternativo`, `primer_telefono`, `segundo_telefono`, `identificacion`, `calle`, `entre`, `y`, `nro_casa`, `edificio`, `apto`, `reparto`, `activo`) VALUES (6, 1, 1, 7, 32, 'ALEIDA MARIA', 'HERNANDEZ ', 'CARVAJAL', '', '', '', '77969129', '', '33092710472', 'REAL', '', '', '180', '', '', 'LA GALLEGA', 1);
INSERT INTO `beneficiarios_clientes` (`id`, `id_cliente_id`, `id_pais_id`, `id_provincia_id`, `id_municipio_id`, `primer_nombre`, `primer_apellido`, `segundo_apellido`, `nombre_alternativo`, `primer_apellido_alternativo`, `segundo_apellido_alternativo`, `primer_telefono`, `segundo_telefono`, `identificacion`, `calle`, `entre`, `y`, `nro_casa`, `edificio`, `apto`, `reparto`, `activo`) VALUES (7, 1, 1, 7, 32, 'PEDRO', 'EXPOSITO ', 'LUIS', '', '', '', '77969129', '', '37082900160', 'REAL', '', '', '180', '', '', 'LA GALLEGA', 1);
INSERT INTO `beneficiarios_clientes` (`id`, `id_cliente_id`, `id_pais_id`, `id_provincia_id`, `id_municipio_id`, `primer_nombre`, `primer_apellido`, `segundo_apellido`, `nombre_alternativo`, `primer_apellido_alternativo`, `segundo_apellido_alternativo`, `primer_telefono`, `segundo_telefono`, `identificacion`, `calle`, `entre`, `y`, `nro_casa`, `edificio`, `apto`, `reparto`, `activo`) VALUES (8, 1, 1, 7, 31, 'Katiuska', 'Vargas', 'Carrera', '', '', '', '53101112', '', '88071329237', 'Concepcion ', '22', '23', '', '', '11', 'Vista Alegre ', 1);
INSERT INTO `beneficiarios_clientes` (`id`, `id_cliente_id`, `id_pais_id`, `id_provincia_id`, `id_municipio_id`, `primer_nombre`, `primer_apellido`, `segundo_apellido`, `nombre_alternativo`, `primer_apellido_alternativo`, `segundo_apellido_alternativo`, `primer_telefono`, `segundo_telefono`, `identificacion`, `calle`, `entre`, `y`, `nro_casa`, `edificio`, `apto`, `reparto`, `activo`) VALUES (9, 1, 1, 7, 28, 'Alfredo', 'Letts', 'Charon', '', '', '', '78762197', '', '58090712584', 'Santiago', 'Jesus Peregrino', 'Salud', '511', '', '', '', 1);
INSERT INTO `beneficiarios_clientes` (`id`, `id_cliente_id`, `id_pais_id`, `id_provincia_id`, `id_municipio_id`, `primer_nombre`, `primer_apellido`, `segundo_apellido`, `nombre_alternativo`, `primer_apellido_alternativo`, `segundo_apellido_alternativo`, `primer_telefono`, `segundo_telefono`, `identificacion`, `calle`, `entre`, `y`, `nro_casa`, `edificio`, `apto`, `reparto`, `activo`) VALUES (10, 1, 1, 7, 28, 'Yael Eduardo', 'Morales ', 'Alcolea', '', '', '', '78762197', '', '92082029048', 'Santiago', 'Jesus Peregrino', 'Salud', '511', '', '', '', 1);
INSERT INTO `beneficiarios_clientes` (`id`, `id_cliente_id`, `id_pais_id`, `id_provincia_id`, `id_municipio_id`, `primer_nombre`, `primer_apellido`, `segundo_apellido`, `nombre_alternativo`, `primer_apellido_alternativo`, `segundo_apellido_alternativo`, `primer_telefono`, `segundo_telefono`, `identificacion`, `calle`, `entre`, `y`, `nro_casa`, `edificio`, `apto`, `reparto`, `activo`) VALUES (11, 1, 1, 7, 37, 'Yibian', 'Alcolea', 'Letts', '', '', '', '78762197', '', '74041521978', 'Santiago', 'Jesús Peregrino', 'Salud', '511 ', '', '', '', 1);
INSERT INTO `beneficiarios_clientes` (`id`, `id_cliente_id`, `id_pais_id`, `id_provincia_id`, `id_municipio_id`, `primer_nombre`, `primer_apellido`, `segundo_apellido`, `nombre_alternativo`, `primer_apellido_alternativo`, `segundo_apellido_alternativo`, `primer_telefono`, `segundo_telefono`, `identificacion`, `calle`, `entre`, `y`, `nro_casa`, `edificio`, `apto`, `reparto`, `activo`) VALUES (12, 1, 1, 14, 137, 'Mirelda', 'Prieto', 'González', '', '', '', '58205247', '', '44120919812', '34', '15', '27', '35', '', '', 'Alcides Pino', 1);
INSERT INTO `beneficiarios_clientes` (`id`, `id_cliente_id`, `id_pais_id`, `id_provincia_id`, `id_municipio_id`, `primer_nombre`, `primer_apellido`, `segundo_apellido`, `nombre_alternativo`, `primer_apellido_alternativo`, `segundo_apellido_alternativo`, `primer_telefono`, `segundo_telefono`, `identificacion`, `calle`, `entre`, `y`, `nro_casa`, `edificio`, `apto`, `reparto`, `activo`) VALUES (13, 1, 1, 7, 28, 'Xenia', 'Rodriguez', 'Calderón', '', '', '', '59157845', '', '68103101694', 'Zanja', 'Infanta', 'San Francisco', '877', '', '306', '', 1);
INSERT INTO `beneficiarios_clientes` (`id`, `id_cliente_id`, `id_pais_id`, `id_provincia_id`, `id_municipio_id`, `primer_nombre`, `primer_apellido`, `segundo_apellido`, `nombre_alternativo`, `primer_apellido_alternativo`, `segundo_apellido_alternativo`, `primer_telefono`, `segundo_telefono`, `identificacion`, `calle`, `entre`, `y`, `nro_casa`, `edificio`, `apto`, `reparto`, `activo`) VALUES (14, 1, 1, 7, 28, 'Mayra', 'Rodriguez', 'Aleman', '', '', '', '53288766', '', '61041300076', 'Zanja', 'Infanta', 'San Francisco', '877', '', '404', '', 1);
INSERT INTO `beneficiarios_clientes` (`id`, `id_cliente_id`, `id_pais_id`, `id_provincia_id`, `id_municipio_id`, `primer_nombre`, `primer_apellido`, `segundo_apellido`, `nombre_alternativo`, `primer_apellido_alternativo`, `segundo_apellido_alternativo`, `primer_telefono`, `segundo_telefono`, `identificacion`, `calle`, `entre`, `y`, `nro_casa`, `edificio`, `apto`, `reparto`, `activo`) VALUES (15, 1, 1, 7, 28, 'Osvaldo', 'Letts', 'Charon', '', '', '', '78762197', '', '65110905926', 'Santiago', 'Jesús Peregrino', 'Salud', '', '', '', '', 1);
INSERT INTO `beneficiarios_clientes` (`id`, `id_cliente_id`, `id_pais_id`, `id_provincia_id`, `id_municipio_id`, `primer_nombre`, `primer_apellido`, `segundo_apellido`, `nombre_alternativo`, `primer_apellido_alternativo`, `segundo_apellido_alternativo`, `primer_telefono`, `segundo_telefono`, `identificacion`, `calle`, `entre`, `y`, `nro_casa`, `edificio`, `apto`, `reparto`, `activo`) VALUES (16, 1, 1, 7, 32, 'Adalis', 'Cancio', 'Martinez', '', '', '', '77972877', '', '94080829296', 'San Sebastian ', 'Adolfo del castillo', 'Máximo Gomez', '318', '', '', '', 1);
INSERT INTO `beneficiarios_clientes` (`id`, `id_cliente_id`, `id_pais_id`, `id_provincia_id`, `id_municipio_id`, `primer_nombre`, `primer_apellido`, `segundo_apellido`, `nombre_alternativo`, `primer_apellido_alternativo`, `segundo_apellido_alternativo`, `primer_telefono`, `segundo_telefono`, `identificacion`, `calle`, `entre`, `y`, `nro_casa`, `edificio`, `apto`, `reparto`, `activo`) VALUES (17, 1, 1, 7, 32, 'Ramces', 'Capaz ', 'Claro', '', '', '', '77972877', '', '94080829296', 'San Sebastian', 'Adolfo del Castillo', 'Maximo Gomez', '318', '', '', '', 1);
INSERT INTO `beneficiarios_clientes` (`id`, `id_cliente_id`, `id_pais_id`, `id_provincia_id`, `id_municipio_id`, `primer_nombre`, `primer_apellido`, `segundo_apellido`, `nombre_alternativo`, `primer_apellido_alternativo`, `segundo_apellido_alternativo`, `primer_telefono`, `segundo_telefono`, `identificacion`, `calle`, `entre`, `y`, `nro_casa`, `edificio`, `apto`, `reparto`, `activo`) VALUES (18, 1, 1, 7, 32, 'Lidia Maria', 'Martinez', 'Hernandez', '', '', '', '77972877', '', '64021331850', 'San Sebastian', 'Adolfo del castillo', 'Maximo Gomez', '318', '', '', '', 1);
INSERT INTO `beneficiarios_clientes` (`id`, `id_cliente_id`, `id_pais_id`, `id_provincia_id`, `id_municipio_id`, `primer_nombre`, `primer_apellido`, `segundo_apellido`, `nombre_alternativo`, `primer_apellido_alternativo`, `segundo_apellido_alternativo`, `primer_telefono`, `segundo_telefono`, `identificacion`, `calle`, `entre`, `y`, `nro_casa`, `edificio`, `apto`, `reparto`, `activo`) VALUES (19, 11, 1, 7, 32, 'Anisley', 'Valenzuela ', 'Rodriguez', '', '', '', '55096886 ', '58012009', '85043024416', 'San Sebastian ', ' Doctor Lebredo ', 'Samariana', '#404', 'Alto', '', 'Guanabacoa ', 1);
INSERT INTO `beneficiarios_clientes` (`id`, `id_cliente_id`, `id_pais_id`, `id_provincia_id`, `id_municipio_id`, `primer_nombre`, `primer_apellido`, `segundo_apellido`, `nombre_alternativo`, `primer_apellido_alternativo`, `segundo_apellido_alternativo`, `primer_telefono`, `segundo_telefono`, `identificacion`, `calle`, `entre`, `y`, `nro_casa`, `edificio`, `apto`, `reparto`, `activo`) VALUES (20, 11, 1, 15, 150, 'Doralkis ', 'Hernandez', 'Rodriguez ', '', '', '', '53970463 ', '53627142', '82031328611', 'Callejon Quiroga ', ' Av. Paquito Rosales ', 'Linea', '#5A ', '', '', '', 1);
INSERT INTO `beneficiarios_clientes` (`id`, `id_cliente_id`, `id_pais_id`, `id_provincia_id`, `id_municipio_id`, `primer_nombre`, `primer_apellido`, `segundo_apellido`, `nombre_alternativo`, `primer_apellido_alternativo`, `segundo_apellido_alternativo`, `primer_telefono`, `segundo_telefono`, `identificacion`, `calle`, `entre`, `y`, `nro_casa`, `edificio`, `apto`, `reparto`, `activo`) VALUES (21, 1, 1, 7, 37, 'Ana Ivis', 'Aguiar', 'Martinez', '', '', '', '53443584', '', '65051715716', '11', '86', '90', '', '8613', '18', '', 1);
INSERT INTO `beneficiarios_clientes` (`id`, `id_cliente_id`, `id_pais_id`, `id_provincia_id`, `id_municipio_id`, `primer_nombre`, `primer_apellido`, `segundo_apellido`, `nombre_alternativo`, `primer_apellido_alternativo`, `segundo_apellido_alternativo`, `primer_telefono`, `segundo_telefono`, `identificacion`, `calle`, `entre`, `y`, `nro_casa`, `edificio`, `apto`, `reparto`, `activo`) VALUES (22, 1, 1, 7, 32, 'Maykel', 'Exposito', 'Martinez', '', '', '', '54730685', '', '92092928189', 'Fuente', 'Obispo', 'Molino', '416A', '', '', '', 1);
INSERT INTO `beneficiarios_clientes` (`id`, `id_cliente_id`, `id_pais_id`, `id_provincia_id`, `id_municipio_id`, `primer_nombre`, `primer_apellido`, `segundo_apellido`, `nombre_alternativo`, `primer_apellido_alternativo`, `segundo_apellido_alternativo`, `primer_telefono`, `segundo_telefono`, `identificacion`, `calle`, `entre`, `y`, `nro_casa`, `edificio`, `apto`, `reparto`, `activo`) VALUES (23, 1, 1, 7, 33, 'Ana Yenlyn', 'Martinez', 'Pedroso', '', '', '', '53872687', '', '89061220317', '', '', '', '', '869', '19', 'Zona 25, ALAMAR', 1);
INSERT INTO `beneficiarios_clientes` (`id`, `id_cliente_id`, `id_pais_id`, `id_provincia_id`, `id_municipio_id`, `primer_nombre`, `primer_apellido`, `segundo_apellido`, `nombre_alternativo`, `primer_apellido_alternativo`, `segundo_apellido_alternativo`, `primer_telefono`, `segundo_telefono`, `identificacion`, `calle`, `entre`, `y`, `nro_casa`, `edificio`, `apto`, `reparto`, `activo`) VALUES (24, 12, 1, 6, 22, 'Tania ', 'Fernández ', 'Gutiérrez', '', '', '', '5354547857', '55059049', '72011528439', 'Calle 80A ', '101', '103', '10103', '', '', '', 1);
INSERT INTO `beneficiarios_clientes` (`id`, `id_cliente_id`, `id_pais_id`, `id_provincia_id`, `id_municipio_id`, `primer_nombre`, `primer_apellido`, `segundo_apellido`, `nombre_alternativo`, `primer_apellido_alternativo`, `segundo_apellido_alternativo`, `primer_telefono`, `segundo_telefono`, `identificacion`, `calle`, `entre`, `y`, `nro_casa`, `edificio`, `apto`, `reparto`, `activo`) VALUES (25, 13, 1, 4, 161, 'Ileida', 'Vargas ', 'Zayas', '', '', '', '53934297', '', '68032609034', 'Fernandez Marcané, ', '7', '8', '204', '', '', 'Santa Bárbara. ', 1);
INSERT INTO `beneficiarios_clientes` (`id`, `id_cliente_id`, `id_pais_id`, `id_provincia_id`, `id_municipio_id`, `primer_nombre`, `primer_apellido`, `segundo_apellido`, `nombre_alternativo`, `primer_apellido_alternativo`, `segundo_apellido_alternativo`, `primer_telefono`, `segundo_telefono`, `identificacion`, `calle`, `entre`, `y`, `nro_casa`, `edificio`, `apto`, `reparto`, `activo`) VALUES (26, 14, 1, 5, 74, 'Odilia Asunción', 'Benítez ', 'Hidalgo', '', '', '', '54915298 ', '53381925', '55101904994', 'calixto garcía', 'rego ', 'ramón balboa', '28', '', '', '', 1);
INSERT INTO `beneficiarios_clientes` (`id`, `id_cliente_id`, `id_pais_id`, `id_provincia_id`, `id_municipio_id`, `primer_nombre`, `primer_apellido`, `segundo_apellido`, `nombre_alternativo`, `primer_apellido_alternativo`, `segundo_apellido_alternativo`, `primer_telefono`, `segundo_telefono`, `identificacion`, `calle`, `entre`, `y`, `nro_casa`, `edificio`, `apto`, `reparto`, `activo`) VALUES (27, 14, 1, 5, 74, 'Luis Felipe ', 'Águila ', ' Benítez', '', '', '', '54915298', '53381925', '75071809648', 'calixto garcía', 'rego', 'ramón balboa', '28', '', '', '', 1);
INSERT INTO `beneficiarios_clientes` (`id`, `id_cliente_id`, `id_pais_id`, `id_provincia_id`, `id_municipio_id`, `primer_nombre`, `primer_apellido`, `segundo_apellido`, `nombre_alternativo`, `primer_apellido_alternativo`, `segundo_apellido_alternativo`, `primer_telefono`, `segundo_telefono`, `identificacion`, `calle`, `entre`, `y`, `nro_casa`, `edificio`, `apto`, `reparto`, `activo`) VALUES (28, 15, 1, 7, 26, 'Onaidis ', 'Rodriguez ', 'Raventos', '', '', '', '5352689459 ', '', '76050302371', 'Calle 4ta. ', 'Anita ', 'Goicuria', '379', '', '', 'Amplicación del Sevillar ', 1);
INSERT INTO `beneficiarios_clientes` (`id`, `id_cliente_id`, `id_pais_id`, `id_provincia_id`, `id_municipio_id`, `primer_nombre`, `primer_apellido`, `segundo_apellido`, `nombre_alternativo`, `primer_apellido_alternativo`, `segundo_apellido_alternativo`, `primer_telefono`, `segundo_telefono`, `identificacion`, `calle`, `entre`, `y`, `nro_casa`, `edificio`, `apto`, `reparto`, `activo`) VALUES (29, 16, 1, 4, 161, 'Nancy ', 'Grajales ', 'Creagh', '', '', '', '623671', '', '54010207595', 'San Felix ', 'La habana ', 'Trinidad ', '350', '', '', '', 1);
INSERT INTO `beneficiarios_clientes` (`id`, `id_cliente_id`, `id_pais_id`, `id_provincia_id`, `id_municipio_id`, `primer_nombre`, `primer_apellido`, `segundo_apellido`, `nombre_alternativo`, `primer_apellido_alternativo`, `segundo_apellido_alternativo`, `primer_telefono`, `segundo_telefono`, `identificacion`, `calle`, `entre`, `y`, `nro_casa`, `edificio`, `apto`, `reparto`, `activo`) VALUES (30, 18, 1, 7, 31, 'Nereyda Everalda', 'Valiente ', 'Acosta', '', '', '', '76990544', '', '60082214714', 'Loynaz del Castillos', 'Pocito ', ' Luz', '438', '', '', 'Lawton', 1);
INSERT INTO `beneficiarios_clientes` (`id`, `id_cliente_id`, `id_pais_id`, `id_provincia_id`, `id_municipio_id`, `primer_nombre`, `primer_apellido`, `segundo_apellido`, `nombre_alternativo`, `primer_apellido_alternativo`, `segundo_apellido_alternativo`, `primer_telefono`, `segundo_telefono`, `identificacion`, `calle`, `entre`, `y`, `nro_casa`, `edificio`, `apto`, `reparto`, `activo`) VALUES (31, 19, 1, 9, 87, 'Juana', 'Perez ', 'Diaz', '', '', '', '59364423', '', '39030102439', 'Calle 5ta', 'pablo Pichs', 'Abel Santamaria', '32', '', '', 'Osvaldo Herrera,', 1);
INSERT INTO `beneficiarios_clientes` (`id`, `id_cliente_id`, `id_pais_id`, `id_provincia_id`, `id_municipio_id`, `primer_nombre`, `primer_apellido`, `segundo_apellido`, `nombre_alternativo`, `primer_apellido_alternativo`, `segundo_apellido_alternativo`, `primer_telefono`, `segundo_telefono`, `identificacion`, `calle`, `entre`, `y`, `nro_casa`, `edificio`, `apto`, `reparto`, `activo`) VALUES (32, 20, 1, 7, 28, 'Yuritza', 'Morales ', 'Avila', '', '', '', '53930005', '', '76080109999', 'Calle Príncipe Alberto', 'A', 'B', '6', '', '', '', 1);
INSERT INTO `beneficiarios_clientes` (`id`, `id_cliente_id`, `id_pais_id`, `id_provincia_id`, `id_municipio_id`, `primer_nombre`, `primer_apellido`, `segundo_apellido`, `nombre_alternativo`, `primer_apellido_alternativo`, `segundo_apellido_alternativo`, `primer_telefono`, `segundo_telefono`, `identificacion`, `calle`, `entre`, `y`, `nro_casa`, `edificio`, `apto`, `reparto`, `activo`) VALUES (33, 21, 1, 7, 29, 'Nery Beatriz', 'Zuaznabar', '', '', '', '', '58083997', '5378701968', '76042701838', 'San Jose ', 'el flores ', 'San Gregorio', '74 E', '', '', '', 1);
INSERT INTO `beneficiarios_clientes` (`id`, `id_cliente_id`, `id_pais_id`, `id_provincia_id`, `id_municipio_id`, `primer_nombre`, `primer_apellido`, `segundo_apellido`, `nombre_alternativo`, `primer_apellido_alternativo`, `segundo_apellido_alternativo`, `primer_telefono`, `segundo_telefono`, `identificacion`, `calle`, `entre`, `y`, `nro_casa`, `edificio`, `apto`, `reparto`, `activo`) VALUES (34, 21, 1, 7, 27, 'Eduardo', 'Gomez ', 'Bertoli', '', '', '', '5355586696', '5355586696', '87110810049', '87110810049', '191', '193', '', '', '', 'el chico', 1);
INSERT INTO `beneficiarios_clientes` (`id`, `id_cliente_id`, `id_pais_id`, `id_provincia_id`, `id_municipio_id`, `primer_nombre`, `primer_apellido`, `segundo_apellido`, `nombre_alternativo`, `primer_apellido_alternativo`, `segundo_apellido_alternativo`, `primer_telefono`, `segundo_telefono`, `identificacion`, `calle`, `entre`, `y`, `nro_casa`, `edificio`, `apto`, `reparto`, `activo`) VALUES (35, 21, 1, 7, 27, 'Eduardo ', 'Gomez', 'Bertoli', '', '', '', '5355586696', '5354324476', '87110810049', '300', '191', '193', '19312', '', '', 'El chico', 1);
INSERT INTO `beneficiarios_clientes` (`id`, `id_cliente_id`, `id_pais_id`, `id_provincia_id`, `id_municipio_id`, `primer_nombre`, `primer_apellido`, `segundo_apellido`, `nombre_alternativo`, `primer_apellido_alternativo`, `segundo_apellido_alternativo`, `primer_telefono`, `segundo_telefono`, `identificacion`, `calle`, `entre`, `y`, `nro_casa`, `edificio`, `apto`, `reparto`, `activo`) VALUES (36, 22, 1, 7, 40, 'Norberto', 'Hernandez', 'Hernandez', '52920296', '52920296', '', '76930118', '52851685', '67060612062', '5ta', 'a', 'b', '18725 a ', '', '', 'Vista Hermosa', 1);
INSERT INTO `beneficiarios_clientes` (`id`, `id_cliente_id`, `id_pais_id`, `id_provincia_id`, `id_municipio_id`, `primer_nombre`, `primer_apellido`, `segundo_apellido`, `nombre_alternativo`, `primer_apellido_alternativo`, `segundo_apellido_alternativo`, `primer_telefono`, `segundo_telefono`, `identificacion`, `calle`, `entre`, `y`, `nro_casa`, `edificio`, `apto`, `reparto`, `activo`) VALUES (37, 23, 1, 7, 27, 'Jannet', 'Nodarce ', 'Vásquez', '', '', '', '55370152', '', '90013126118', '6ta norte', '', '', '', '34916', '9', '1ro de Mayo', 1);
INSERT INTO `beneficiarios_clientes` (`id`, `id_cliente_id`, `id_pais_id`, `id_provincia_id`, `id_municipio_id`, `primer_nombre`, `primer_apellido`, `segundo_apellido`, `nombre_alternativo`, `primer_apellido_alternativo`, `segundo_apellido_alternativo`, `primer_telefono`, `segundo_telefono`, `identificacion`, `calle`, `entre`, `y`, `nro_casa`, `edificio`, `apto`, `reparto`, `activo`) VALUES (38, 8, 1, 2, 10, 'yo', 'yo', 'yo', '', '', '', '1111111', '111111', '89102815009', 'dsdsds', 'sdsds', 'dsds', '1', '', '', '', 1);
INSERT INTO `categoria_producto` (`id`, `nombre`, `activo`) VALUES (1, 'General', 1);
INSERT INTO `cierre` (`id`, `id_almacen_id`, `id_usuario_id`, `diario`, `mes`, `anno`, `fecha`, `saldo`, `abierto`, `debito`, `credito`) VALUES (22, 1, 1, 1, 1, 2022, '2022-01-08', 0, 0, 15615, 330);
INSERT INTO `cierre` (`id`, `id_almacen_id`, `id_usuario_id`, `diario`, `mes`, `anno`, `fecha`, `saldo`, `abierto`, `debito`, `credito`) VALUES (23, 1, 1, 1, 1, 2022, '2022-01-09', 15285, 1, 0, 0);
INSERT INTO `cierre` (`id`, `id_almacen_id`, `id_usuario_id`, `diario`, `mes`, `anno`, `fecha`, `saldo`, `abierto`, `debito`, `credito`) VALUES (24, 2, 1, 1, 1, 2022, '2022-01-08', 0, 0, 155000, 57833.34);
INSERT INTO `cierre` (`id`, `id_almacen_id`, `id_usuario_id`, `diario`, `mes`, `anno`, `fecha`, `saldo`, `abierto`, `debito`, `credito`) VALUES (25, 2, 1, 1, 1, 2022, '2022-01-09', 97166.66, 0, 0, 2546.66584);
INSERT INTO `cierre` (`id`, `id_almacen_id`, `id_usuario_id`, `diario`, `mes`, `anno`, `fecha`, `saldo`, `abierto`, `debito`, `credito`) VALUES (26, 3, 1, 1, 1, 2022, '2022-01-08', 0, 0, 72833.34, 0);
INSERT INTO `cierre` (`id`, `id_almacen_id`, `id_usuario_id`, `diario`, `mes`, `anno`, `fecha`, `saldo`, `abierto`, `debito`, `credito`) VALUES (27, 3, 1, 1, 1, 2022, '2022-01-09', 72833.34, 0, 0, 1400);
INSERT INTO `cierre` (`id`, `id_almacen_id`, `id_usuario_id`, `diario`, `mes`, `anno`, `fecha`, `saldo`, `abierto`, `debito`, `credito`) VALUES (28, 3, 1, 1, 1, 2022, '2022-01-10', 71433.34, 1, 0, 0);
INSERT INTO `cierre` (`id`, `id_almacen_id`, `id_usuario_id`, `diario`, `mes`, `anno`, `fecha`, `saldo`, `abierto`, `debito`, `credito`) VALUES (29, 2, 1, 1, 1, 2022, '2022-01-10', 94619.99416, 1, 0, 0);
INSERT INTO `cliente` (`id`, `nombre`, `apellidos`, `correo`, `direccion`, `token`, `fecha`, `usuario`, `comentario`, `telefono`, `identificacion_empresa`) VALUES (1, 'Adrian', 'Gonzalez', 'adrian@solyag.com', NULL, NULL, NULL, NULL, NULL, '8295540346', NULL);
INSERT INTO `cliente` (`id`, `nombre`, `apellidos`, `correo`, `direccion`, `token`, `fecha`, `usuario`, `comentario`, `telefono`, `identificacion_empresa`) VALUES (2, 'Adrian', 'Gonzalez', NULL, 'John F kEENDY', NULL, NULL, NULL, NULL, '829554046', NULL);
INSERT INTO `cliente` (`id`, `nombre`, `apellidos`, `correo`, `direccion`, `token`, `fecha`, `usuario`, `comentario`, `telefono`, `identificacion_empresa`) VALUES (3, 'Jesus Jr', 'Sole', 'jesusjr@solyag.com', 'sarasota', NULL, NULL, NULL, '', '8492690312', '');
INSERT INTO `cliente` (`id`, `nombre`, `apellidos`, `correo`, `direccion`, `token`, `fecha`, `usuario`, `comentario`, `telefono`, `identificacion_empresa`) VALUES (4, 'Camilo Alberto', 'Valdes', 'kahveahd@gmail.com', 'Alle Antonio Rubio #313 e/ M. Capote & G. Lache', NULL, NULL, NULL, 'z', '55816826', NULL);
INSERT INTO `cliente` (`id`, `nombre`, `apellidos`, `correo`, `direccion`, `token`, `fecha`, `usuario`, `comentario`, `telefono`, `identificacion_empresa`) VALUES (6, 'Leandro', 'Capdesuñer Garcia', NULL, NULL, NULL, NULL, NULL, NULL, '58538361', NULL);
INSERT INTO `cliente` (`id`, `nombre`, `apellidos`, `correo`, `direccion`, `token`, `fecha`, `usuario`, `comentario`, `telefono`, `identificacion_empresa`) VALUES (7, 'Marbelinexy', 'Davalos', NULL, NULL, NULL, NULL, NULL, NULL, '8293204358', NULL);
INSERT INTO `cliente` (`id`, `nombre`, `apellidos`, `correo`, `direccion`, `token`, `fecha`, `usuario`, `comentario`, `telefono`, `identificacion_empresa`) VALUES (8, 'Camilo Alberto', 'Hernandez Valdes', 'kahveahd1@solyag.com', 'Calle Antonio Rubio', NULL, NULL, NULL, NULL, '51371193', '123456987');
INSERT INTO `cliente` (`id`, `nombre`, `apellidos`, `correo`, `direccion`, `token`, `fecha`, `usuario`, `comentario`, `telefono`, `identificacion_empresa`) VALUES (11, 'Aylet', 'Valenzuela Rodriguez', NULL, NULL, NULL, NULL, NULL, NULL, '8293265669', NULL);
INSERT INTO `cliente` (`id`, `nombre`, `apellidos`, `correo`, `direccion`, `token`, `fecha`, `usuario`, `comentario`, `telefono`, `identificacion_empresa`) VALUES (12, 'Daniel', 'Diaz Fenandez', NULL, NULL, NULL, NULL, NULL, NULL, '18498607704', NULL);
INSERT INTO `cliente` (`id`, `nombre`, `apellidos`, `correo`, `direccion`, `token`, `fecha`, `usuario`, `comentario`, `telefono`, `identificacion_empresa`) VALUES (13, 'Edrin', 'Antonio Mendez', NULL, NULL, NULL, NULL, NULL, NULL, '8298691477', NULL);
INSERT INTO `cliente` (`id`, `nombre`, `apellidos`, `correo`, `direccion`, `token`, `fecha`, `usuario`, `comentario`, `telefono`, `identificacion_empresa`) VALUES (14, 'Juan Argenis', 'Sosa Ramirez', NULL, NULL, NULL, NULL, NULL, NULL, '8292553536', NULL);
INSERT INTO `cliente` (`id`, `nombre`, `apellidos`, `correo`, `direccion`, `token`, `fecha`, `usuario`, `comentario`, `telefono`, `identificacion_empresa`) VALUES (15, 'Yuniesky', 'Ramos Echavarrias', NULL, NULL, NULL, NULL, NULL, NULL, '8297908245', NULL);
INSERT INTO `cliente` (`id`, `nombre`, `apellidos`, `correo`, `direccion`, `token`, `fecha`, `usuario`, `comentario`, `telefono`, `identificacion_empresa`) VALUES (16, 'Jasmeydis', 'Arrango', NULL, NULL, NULL, NULL, NULL, NULL, '8099020461', NULL);
INSERT INTO `cliente` (`id`, `nombre`, `apellidos`, `correo`, `direccion`, `token`, `fecha`, `usuario`, `comentario`, `telefono`, `identificacion_empresa`) VALUES (17, 'Juan Argenis', 'Sosa Ramirez', NULL, NULL, NULL, NULL, NULL, NULL, '8293912936', NULL);
INSERT INTO `cliente` (`id`, `nombre`, `apellidos`, `correo`, `direccion`, `token`, `fecha`, `usuario`, `comentario`, `telefono`, `identificacion_empresa`) VALUES (18, 'Dunia Mauri Valiente', 'Mauri Valiente', NULL, NULL, NULL, NULL, NULL, NULL, '8099020182', NULL);
INSERT INTO `cliente` (`id`, `nombre`, `apellidos`, `correo`, `direccion`, `token`, `fecha`, `usuario`, `comentario`, `telefono`, `identificacion_empresa`) VALUES (19, 'Ricardo', 'Perez Diaz', NULL, NULL, NULL, NULL, NULL, NULL, '8097598660', NULL);
INSERT INTO `cliente` (`id`, `nombre`, `apellidos`, `correo`, `direccion`, `token`, `fecha`, `usuario`, `comentario`, `telefono`, `identificacion_empresa`) VALUES (20, 'Yuritza', 'Morales Avila', NULL, NULL, NULL, NULL, NULL, NULL, '8293216703', NULL);
INSERT INTO `cliente` (`id`, `nombre`, `apellidos`, `correo`, `direccion`, `token`, `fecha`, `usuario`, `comentario`, `telefono`, `identificacion_empresa`) VALUES (21, 'Yunislaidys', 'Casañas', NULL, NULL, NULL, NULL, NULL, NULL, '8099821000', NULL);
INSERT INTO `cliente` (`id`, `nombre`, `apellidos`, `correo`, `direccion`, `token`, `fecha`, `usuario`, `comentario`, `telefono`, `identificacion_empresa`) VALUES (22, 'Daniel', 'Diaz Fenandez', NULL, NULL, NULL, NULL, NULL, NULL, '8498607704', NULL);
INSERT INTO `cliente` (`id`, `nombre`, `apellidos`, `correo`, `direccion`, `token`, `fecha`, `usuario`, `comentario`, `telefono`, `identificacion_empresa`) VALUES (23, 'Yunier', 'Coello', 'Nodisponible@solyag.com', NULL, NULL, NULL, NULL, NULL, '8492543089', NULL);
INSERT INTO `cliente` (`id`, `nombre`, `apellidos`, `correo`, `direccion`, `token`, `fecha`, `usuario`, `comentario`, `telefono`, `identificacion_empresa`) VALUES (24, 'Marlon', 'Hernandez Valdes', 'mhernandes@gmail.com', 'Calle A entre B y C', NULL, NULL, NULL, NULL, '54054678', '');
INSERT INTO `cliente` (`id`, `nombre`, `apellidos`, `correo`, `direccion`, `token`, `fecha`, `usuario`, `comentario`, `telefono`, `identificacion_empresa`) VALUES (25, 'Ever Alejandro', 'Hernandez Delgado', 'eahd@gmail.com', 'Calle 2da', NULL, NULL, NULL, NULL, '55816826', '12365478');
INSERT INTO `cliente` (`id`, `nombre`, `apellidos`, `correo`, `direccion`, `token`, `fecha`, `usuario`, `comentario`, `telefono`, `identificacion_empresa`) VALUES (26, 'Camilo Alberto', 'Hernandez Valdes', 'kahveahd1@solyag.com', NULL, NULL, NULL, NULL, NULL, '51271193', NULL);
INSERT INTO `cliente_contabilidad` (`id`, `codigo`, `nombre`, `direccion`, `telefonos`, `fax`, `correos`, `activo`) VALUES (1, '01.02.03', 'Continental SA', 'Alle Antonio Rubio #313 e/ M. Capote & G. Lache', '1111111', '111', '222@aaa.xx', 1);
INSERT INTO `cobros_pagos` (`id`, `id_factura_id`, `id_informe_id`, `id_proveedor_id`, `id_movimiento_activo_fijo_id`, `debito`, `credito`, `id_tipo_cliente`, `id_cliente_venta`) VALUES (32, NULL, 17, 14, NULL, 0, 200, NULL, NULL);
INSERT INTO `cobros_pagos` (`id`, `id_factura_id`, `id_informe_id`, `id_proveedor_id`, `id_movimiento_activo_fijo_id`, `debito`, `credito`, `id_tipo_cliente`, `id_cliente_venta`) VALUES (33, 65, NULL, 15, NULL, 0, 1, NULL, NULL);
INSERT INTO `cobros_pagos` (`id`, `id_factura_id`, `id_informe_id`, `id_proveedor_id`, `id_movimiento_activo_fijo_id`, `debito`, `credito`, `id_tipo_cliente`, `id_cliente_venta`) VALUES (34, NULL, 17, 14, NULL, 0, 50, NULL, NULL);
INSERT INTO `cobros_pagos` (`id`, `id_factura_id`, `id_informe_id`, `id_proveedor_id`, `id_movimiento_activo_fijo_id`, `debito`, `credito`, `id_tipo_cliente`, `id_cliente_venta`) VALUES (35, 62, NULL, NULL, NULL, 2, 0, 1, 1);
INSERT INTO `cobros_pagos` (`id`, `id_factura_id`, `id_informe_id`, `id_proveedor_id`, `id_movimiento_activo_fijo_id`, `debito`, `credito`, `id_tipo_cliente`, `id_cliente_venta`) VALUES (36, 69, NULL, 15, NULL, 0, 5, NULL, NULL);
INSERT INTO `cobros_pagos` (`id`, `id_factura_id`, `id_informe_id`, `id_proveedor_id`, `id_movimiento_activo_fijo_id`, `debito`, `credito`, `id_tipo_cliente`, `id_cliente_venta`) VALUES (37, 61, NULL, NULL, NULL, 3, 0, 1, 3);
INSERT INTO `cobros_pagos` (`id`, `id_factura_id`, `id_informe_id`, `id_proveedor_id`, `id_movimiento_activo_fijo_id`, `debito`, `credito`, `id_tipo_cliente`, `id_cliente_venta`) VALUES (38, 61, NULL, NULL, NULL, 3, 0, 1, 3);
INSERT INTO `cobros_pagos` (`id`, `id_factura_id`, `id_informe_id`, `id_proveedor_id`, `id_movimiento_activo_fijo_id`, `debito`, `credito`, `id_tipo_cliente`, `id_cliente_venta`) VALUES (39, 61, NULL, NULL, NULL, 3, 0, 1, 3);
INSERT INTO `cobros_pagos` (`id`, `id_factura_id`, `id_informe_id`, `id_proveedor_id`, `id_movimiento_activo_fijo_id`, `debito`, `credito`, `id_tipo_cliente`, `id_cliente_venta`) VALUES (40, 61, NULL, NULL, NULL, 3335, 0, 1, 3);
INSERT INTO `cobros_pagos` (`id`, `id_factura_id`, `id_informe_id`, `id_proveedor_id`, `id_movimiento_activo_fijo_id`, `debito`, `credito`, `id_tipo_cliente`, `id_cliente_venta`) VALUES (41, 62, NULL, NULL, NULL, 1000, 0, 1, 1);
INSERT INTO `cobros_pagos` (`id`, `id_factura_id`, `id_informe_id`, `id_proveedor_id`, `id_movimiento_activo_fijo_id`, `debito`, `credito`, `id_tipo_cliente`, `id_cliente_venta`) VALUES (42, 62, NULL, NULL, NULL, 500, 0, 1, 1);
INSERT INTO `cobros_pagos` (`id`, `id_factura_id`, `id_informe_id`, `id_proveedor_id`, `id_movimiento_activo_fijo_id`, `debito`, `credito`, `id_tipo_cliente`, `id_cliente_venta`) VALUES (43, NULL, 17, 14, NULL, 0, 50, NULL, NULL);
INSERT INTO `cobros_pagos` (`id`, `id_factura_id`, `id_informe_id`, `id_proveedor_id`, `id_movimiento_activo_fijo_id`, `debito`, `credito`, `id_tipo_cliente`, `id_cliente_venta`) VALUES (44, NULL, 17, 14, NULL, 0, 50, NULL, NULL);
INSERT INTO `comprobante_cierre` (`id`, `id_comprobante_id`, `id_cierre_id`) VALUES (9, 63, 24);
INSERT INTO `comprobante_cierre` (`id`, `id_comprobante_id`, `id_cierre_id`) VALUES (10, 64, 22);
INSERT INTO `comprobante_cierre` (`id`, `id_comprobante_id`, `id_cierre_id`) VALUES (11, 65, 26);
INSERT INTO `comprobante_cierre` (`id`, `id_comprobante_id`, `id_cierre_id`) VALUES (12, 68, 27);
INSERT INTO `comprobante_cierre` (`id`, `id_comprobante_id`, `id_cierre_id`) VALUES (13, 69, 25);
INSERT INTO `comprobante_salario` (`id`, `id_registro_comprobante_id`, `id_unidad_id`, `mes`, `anno`, `quincena`) VALUES (4, 76, 1, 1, 2022, 1);
INSERT INTO `comprobante_salario` (`id`, `id_registro_comprobante_id`, `id_unidad_id`, `mes`, `anno`, `quincena`) VALUES (5, 77, 1, 13, 2022, 4);
INSERT INTO `config_precio_venta_servicio` (`id`, `id_unidad_id`, `identificador_servicio`, `prociento`, `valor_fijo`, `precio_venta_total`) VALUES (1, 1, 11, 0, 11, 123);
INSERT INTO `configuracion_reglas_remesas` (`id`, `id_pais_id`, `id_proveedor_id`, `id_unidad_id`, `minimo`, `maximo`, `valor_fijo_costo`, `porciento_costo`, `valor_fijo_venta`, `porciento_venta`) VALUES (2, 2, 3, 1, 1, 120, 1, 0, 2, 0);
INSERT INTO `configuracion_reglas_remesas` (`id`, `id_pais_id`, `id_proveedor_id`, `id_unidad_id`, `minimo`, `maximo`, `valor_fijo_costo`, `porciento_costo`, `valor_fijo_venta`, `porciento_venta`) VALUES (6, 1, 3, 1, 1, 500, 0, 5, 0, 30);
INSERT INTO `cotizacion` (`id`, `id_unidad_id`, `edit`, `json`, `empleado`, `datetime`, `total`, `id_cliente`, `nombre_cliente`, `id_moneda`, `pagado`, `id_factura`, `fecha_factura`, `activo`, `anno`, `nro_consecutivo`, `tipo_plazo_pago`, `fecha_maxima_pago`, `token`, `pos_venta`, `fecha_actualizacion`) VALUES (24, 1, '1', '[{\"id_empleado\":1,\"id_cliente\":26,\"id_servicio\":11,\"nombre_servicio\":\"Paquete Tur\\u00edstico B\\u00e1sico\",\"precio_servicio\":123,\"id_moneda\":\"3\",\"total\":123,\"data\":[{\"nombre\":\"Camilo Alberto\",\"primer_apellido\":\"Hernandez\",\"segundo_apellido\":\"Valdes\",\"telefono_celular\":\"51271193\",\"telefono_fijo\":\"\",\"idCarrito\":0,\"nombreMostrar\":\"Camilo Alberto Hernandez\",\"montoMostrar\":123}]}]', '1', '2022-01-09 18:49:27', '123', '26', 'Camilo Alberto', '3', 0, NULL, NULL, NULL, 2022, 1, 2, '2022-02-04', 'sfVtgH', NULL, NULL);
INSERT INTO `cotizacion` (`id`, `id_unidad_id`, `edit`, `json`, `empleado`, `datetime`, `total`, `id_cliente`, `nombre_cliente`, `id_moneda`, `pagado`, `id_factura`, `fecha_factura`, `activo`, `anno`, `nro_consecutivo`, `tipo_plazo_pago`, `fecha_maxima_pago`, `token`, `pos_venta`, `fecha_actualizacion`) VALUES (25, 1, '1', '[{\"id_empleado\":1,\"id_cliente\":8,\"id_servicio\":11,\"nombre_servicio\":\"Paquete Tur\\u00edstico B\\u00e1sico\",\"precio_servicio\":123,\"id_moneda\":\"3\",\"total\":123,\"data\":[{\"nombre\":\"Camilo Alberto\",\"primer_apellido\":\"Hernandez\",\"segundo_apellido\":\"Valdes\",\"telefono_celular\":\"51371193\",\"telefono_fijo\":\"\",\"idCarrito\":0,\"nombreMostrar\":\"Camilo Alberto Hernandez\",\"montoMostrar\":123}]}]', '1', '2022-01-15 20:17:12', '123', '8', 'Camilo Alberto', '3', 0, NULL, NULL, NULL, 2022, 2, 1, '2022-01-15', '1pv2LO', NULL, NULL);
INSERT INTO `cuadre_diario` (`id`, `id_cuenta_id`, `id_subcuenta_id`, `id_cierre_id`, `id_almacen_id`, `str_analisis`, `fecha`, `saldo`, `debito`, `credito`) VALUES (18, 10, 68, 22, 1, '01', '2022-01-08', 0.00, 15615, 330);
INSERT INTO `cuadre_diario` (`id`, `id_cuenta_id`, `id_subcuenta_id`, `id_cierre_id`, `id_almacen_id`, `str_analisis`, `fecha`, `saldo`, `debito`, `credito`) VALUES (19, 15, 61, 24, 2, '02', '2022-01-08', 0.00, 155000, 57833.34);
INSERT INTO `cuadre_diario` (`id`, `id_cuenta_id`, `id_subcuenta_id`, `id_cierre_id`, `id_almacen_id`, `str_analisis`, `fecha`, `saldo`, `debito`, `credito`) VALUES (20, 14, 4, 26, 3, '03', '2022-01-08', 0.00, 57833.34, 0);
INSERT INTO `cuadre_diario` (`id`, `id_cuenta_id`, `id_subcuenta_id`, `id_cierre_id`, `id_almacen_id`, `str_analisis`, `fecha`, `saldo`, `debito`, `credito`) VALUES (21, 14, 6, 26, 3, '03', '2022-01-08', 0.00, 15000, 0);
INSERT INTO `cuadre_diario` (`id`, `id_cuenta_id`, `id_subcuenta_id`, `id_cierre_id`, `id_almacen_id`, `str_analisis`, `fecha`, `saldo`, `debito`, `credito`) VALUES (22, 14, 6, 27, 3, '03', '2022-01-09', 15000.00, 0, 1400);
INSERT INTO `cuadre_diario` (`id`, `id_cuenta_id`, `id_subcuenta_id`, `id_cierre_id`, `id_almacen_id`, `str_analisis`, `fecha`, `saldo`, `debito`, `credito`) VALUES (23, 15, 61, 25, 2, '02', '2022-01-09', 97166.66, 0, 2546.66584);
INSERT INTO `cuentas_unidad` (`id`, `id_banco_id`, `id_unidad_id`, `id_moneda_id`, `nro_cuenta`, `activo`) VALUES (1, 1, 5, 3, '222222', 1);
INSERT INTO `cuentas_unidad` (`id`, `id_banco_id`, `id_unidad_id`, `id_moneda_id`, `nro_cuenta`, `activo`) VALUES (2, 2, 1, 3, '123', 1);
INSERT INTO `cuentas_unidad` (`id`, `id_banco_id`, `id_unidad_id`, `id_moneda_id`, `nro_cuenta`, `activo`) VALUES (3, 2, 1, 4, '1233', 1);
INSERT INTO `detalles_facturas` (`id`, `id_factura_id`, `cancepto`, `importe`) VALUES (25, 63, 'Subtotal', '30.00');
INSERT INTO `detalles_facturas` (`id`, `id_factura_id`, `cancepto`, `importe`) VALUES (26, 63, 'Impuestos', '5.40');
INSERT INTO `detalles_facturas` (`id`, `id_factura_id`, `cancepto`, `importe`) VALUES (27, 63, 'Total', '35.40');
INSERT INTO `detalles_facturas` (`id`, `id_factura_id`, `cancepto`, `importe`) VALUES (28, 64, 'Subtotal', '8.00');
INSERT INTO `detalles_facturas` (`id`, `id_factura_id`, `cancepto`, `importe`) VALUES (29, 64, 'Impuestos', '1.44');
INSERT INTO `detalles_facturas` (`id`, `id_factura_id`, `cancepto`, `importe`) VALUES (30, 64, 'Total', '9.44');
INSERT INTO `detalles_facturas` (`id`, `id_factura_id`, `cancepto`, `importe`) VALUES (31, 65, 'Subtotal', '39.00');
INSERT INTO `detalles_facturas` (`id`, `id_factura_id`, `cancepto`, `importe`) VALUES (32, 65, 'Impuestos', '7.02');
INSERT INTO `detalles_facturas` (`id`, `id_factura_id`, `cancepto`, `importe`) VALUES (33, 65, 'Total', '46.02');
INSERT INTO `detalles_facturas` (`id`, `id_factura_id`, `cancepto`, `importe`) VALUES (34, 66, 'Subtotal', '8.00');
INSERT INTO `detalles_facturas` (`id`, `id_factura_id`, `cancepto`, `importe`) VALUES (35, 66, 'Impuestos', '1.44');
INSERT INTO `detalles_facturas` (`id`, `id_factura_id`, `cancepto`, `importe`) VALUES (36, 66, 'Total', '9.44');
INSERT INTO `detalles_facturas` (`id`, `id_factura_id`, `cancepto`, `importe`) VALUES (37, 67, 'Subtotal', '8.00');
INSERT INTO `detalles_facturas` (`id`, `id_factura_id`, `cancepto`, `importe`) VALUES (38, 67, 'Impuestos', '1.44');
INSERT INTO `detalles_facturas` (`id`, `id_factura_id`, `cancepto`, `importe`) VALUES (39, 67, 'Total', '9.44');
INSERT INTO `detalles_facturas` (`id`, `id_factura_id`, `cancepto`, `importe`) VALUES (40, 68, 'Subtotal', '8.00');
INSERT INTO `detalles_facturas` (`id`, `id_factura_id`, `cancepto`, `importe`) VALUES (41, 68, 'Impuestos', '1.44');
INSERT INTO `detalles_facturas` (`id`, `id_factura_id`, `cancepto`, `importe`) VALUES (42, 68, 'Total', '9.44');
INSERT INTO `detalles_facturas` (`id`, `id_factura_id`, `cancepto`, `importe`) VALUES (43, 69, 'Subtotal', '28.00');
INSERT INTO `detalles_facturas` (`id`, `id_factura_id`, `cancepto`, `importe`) VALUES (44, 69, 'Impuestos', '1.44');
INSERT INTO `detalles_facturas` (`id`, `id_factura_id`, `cancepto`, `importe`) VALUES (45, 69, 'Total', '29.44');
INSERT INTO `distribuidor` (`id`, `pais_id`, `moneda_id`, `nombre`, `telefono`, `email`, `identificacion`, `activo`) VALUES (1, 1, 4, 'Camilo Alberto', '55816826', 'kahveahd@gmail.com', '89102815009', 0);
INSERT INTO `distribuidor` (`id`, `pais_id`, `moneda_id`, `nombre`, `telefono`, `email`, `identificacion`, `activo`) VALUES (2, 1, 4, 'Maikel Exposito Martinez', '54730685', 'maikelexpmartinez@gmail.com', '92092928189', 1);
INSERT INTO `distribuidor` (`id`, `pais_id`, `moneda_id`, `nombre`, `telefono`, `email`, `identificacion`, `activo`) VALUES (5, 1, 4, 'Elizardo Ríos Morales', '52714739', 'no@gmail.com', 'no', 1);
INSERT INTO `distribuidor` (`id`, `pais_id`, `moneda_id`, `nombre`, `telefono`, `email`, `identificacion`, `activo`) VALUES (6, 1, 4, 'Mario Martin Pages', '55776339', 'no@gmail.com', 'no', 1);
INSERT INTO `distribuidor` (`id`, `pais_id`, `moneda_id`, `nombre`, `telefono`, `email`, `identificacion`, `activo`) VALUES (7, 1, 4, 'José Carlos Pérez Moreno', '54602465', 'no@gmail.com', 'no', 1);
INSERT INTO `distribuidor` (`id`, `pais_id`, `moneda_id`, `nombre`, `telefono`, `email`, `identificacion`, `activo`) VALUES (8, 1, 4, 'Ramon Martínez Vidal', '52538840', 'no@gmail.com', 'no', 1);
INSERT INTO `distribuidor` (`id`, `pais_id`, `moneda_id`, `nombre`, `telefono`, `email`, `identificacion`, `activo`) VALUES (9, 1, 4, 'Lázaro López Hernández', '53693714', 'no@gmail.com', 'no', 1);
INSERT INTO `distribuidor` (`id`, `pais_id`, `moneda_id`, `nombre`, `telefono`, `email`, `identificacion`, `activo`) VALUES (10, 1, 4, 'Jessica Morales Paradela', '53519871', 'no@gmail.com', 'no', 1);
INSERT INTO `distribuidor` (`id`, `pais_id`, `moneda_id`, `nombre`, `telefono`, `email`, `identificacion`, `activo`) VALUES (11, 1, 4, 'Saidel Quintana Charbonier', '54545233', 'no@gmail.com', 'no', 1);
INSERT INTO `distribuidor` (`id`, `pais_id`, `moneda_id`, `nombre`, `telefono`, `email`, `identificacion`, `activo`) VALUES (12, 1, 4, 'Daymara Molina Gomez', '58031968', 'no@gmail.com', 'no', 1);
INSERT INTO `distribuidor` (`id`, `pais_id`, `moneda_id`, `nombre`, `telefono`, `email`, `identificacion`, `activo`) VALUES (13, 1, 4, 'Yordanka Fagundo Borrego', '58407584', 'no@gmail.com', 'no', 1);
INSERT INTO `distribuidor` (`id`, `pais_id`, `moneda_id`, `nombre`, `telefono`, `email`, `identificacion`, `activo`) VALUES (14, 1, 4, 'Marisvel Orozco Betancourt', '54763181', 'no@gmail.com', 'no', 1);
INSERT INTO `distribuidor` (`id`, `pais_id`, `moneda_id`, `nombre`, `telefono`, `email`, `identificacion`, `activo`) VALUES (15, 1, 4, 'Katerin Alonso Arencibia', '58117743', 'no@gmail.com', 'no', 1);
INSERT INTO `distribuidor` (`id`, `pais_id`, `moneda_id`, `nombre`, `telefono`, `email`, `identificacion`, `activo`) VALUES (16, 1, 4, 'Sergio Aguila Guerra', '52837250', 'no@gmail.com', 'no', 1);
INSERT INTO `distribuidor` (`id`, `pais_id`, `moneda_id`, `nombre`, `telefono`, `email`, `identificacion`, `activo`) VALUES (17, 1, 4, 'Javier Alejandro Ferrer Prado', '58527495', 'no@gmail.com', 'no', 1);
INSERT INTO `distribuidor` (`id`, `pais_id`, `moneda_id`, `nombre`, `telefono`, `email`, `identificacion`, `activo`) VALUES (18, 1, 4, 'Antonio Luis Valdivia Valdivis', '53068957', 'no@gmail.com', 'no', 1);
INSERT INTO `distribuidor` (`id`, `pais_id`, `moneda_id`, `nombre`, `telefono`, `email`, `identificacion`, `activo`) VALUES (19, 1, 4, 'Miriulky Oliva Bastida', '54474687', 'no@gmail.com', 'no', 1);
INSERT INTO `distribuidor` (`id`, `pais_id`, `moneda_id`, `nombre`, `telefono`, `email`, `identificacion`, `activo`) VALUES (20, 1, 4, 'Orisbel Fuentes Gonzalez', '54476870', 'no@gmail.com', 'no', 1);
INSERT INTO `distribuidor` (`id`, `pais_id`, `moneda_id`, `nombre`, `telefono`, `email`, `identificacion`, `activo`) VALUES (21, 1, 4, 'Iris Morales Buchillon', '58918362', 'no@gmail.com', 'no', 1);
INSERT INTO `distribuidor` (`id`, `pais_id`, `moneda_id`, `nombre`, `telefono`, `email`, `identificacion`, `activo`) VALUES (22, 1, 4, 'Karen Caceres Gomez', '53936639', 'no@gmail.com', 'no', 1);
INSERT INTO `distribuidor` (`id`, `pais_id`, `moneda_id`, `nombre`, `telefono`, `email`, `identificacion`, `activo`) VALUES (23, 1, 4, 'Sergio Gonzalez Castro', '58252628', 'no@gmail.com', 'no', 1);
INSERT INTO `distribuidor` (`id`, `pais_id`, `moneda_id`, `nombre`, `telefono`, `email`, `identificacion`, `activo`) VALUES (24, 1, 4, 'Marcos Omelio Sanchez Roldan', '58636944', 'no@gmail.com', 'no', 1);
INSERT INTO `distribuidor` (`id`, `pais_id`, `moneda_id`, `nombre`, `telefono`, `email`, `identificacion`, `activo`) VALUES (25, 1, 4, 'Reinaldo Rivero Marrero', '52614104', 'no@gmail.com', 'no', 1);
INSERT INTO `distribuidor` (`id`, `pais_id`, `moneda_id`, `nombre`, `telefono`, `email`, `identificacion`, `activo`) VALUES (26, 1, 4, 'Karina Pupo Quiala', '55047677', 'no@gmail.com', 'no', 1);
INSERT INTO `distribuidor` (`id`, `pais_id`, `moneda_id`, `nombre`, `telefono`, `email`, `identificacion`, `activo`) VALUES (27, 1, 4, 'Miriela Perez Silva', '52046412', 'no@gmail.com', 'no', 1);
INSERT INTO `distribuidor` (`id`, `pais_id`, `moneda_id`, `nombre`, `telefono`, `email`, `identificacion`, `activo`) VALUES (28, 1, 4, 'Marisol Socarras Sariol', '58222778', 'no@gmail.com', 'no', 1);
INSERT INTO `distribuidor` (`id`, `pais_id`, `moneda_id`, `nombre`, `telefono`, `email`, `identificacion`, `activo`) VALUES (29, 1, 4, 'Yordan Carcases Cedeno', '58552369', 'no@gmail.com', 'no', 1);
INSERT INTO `distribuidor` (`id`, `pais_id`, `moneda_id`, `nombre`, `telefono`, `email`, `identificacion`, `activo`) VALUES (30, 1, 4, 'Jose Luis Sensat De La Paz', '53088577', 'no@gmail.com', 'no', 1);
INSERT INTO `distribuidor` (`id`, `pais_id`, `moneda_id`, `nombre`, `telefono`, `email`, `identificacion`, `activo`) VALUES (31, 1, 4, 'Pedro Jose Sanchez Rodriguez', '52152017', 'no@gmail.com', 'no', 1);
INSERT INTO `distribuidor` (`id`, `pais_id`, `moneda_id`, `nombre`, `telefono`, `email`, `identificacion`, `activo`) VALUES (32, 1, 4, 'Lourdes Calvo Garcia', '58289967', 'no@gmail.com', 'NO', 1);
INSERT INTO `distribuidor` (`id`, `pais_id`, `moneda_id`, `nombre`, `telefono`, `email`, `identificacion`, `activo`) VALUES (33, 1, 4, 'Senia Almaguer Cuenca', '54558908', 'no@gmail.com', 'NO', 1);
INSERT INTO `distribuidor` (`id`, `pais_id`, `moneda_id`, `nombre`, `telefono`, `email`, `identificacion`, `activo`) VALUES (34, 1, 4, 'Milagros Marteatus Guerra', '55791157', 'no@gmail.com', 'no', 1);
INSERT INTO `distribuidor` (`id`, `pais_id`, `moneda_id`, `nombre`, `telefono`, `email`, `identificacion`, `activo`) VALUES (35, 1, 4, 'saddsada', 'dasadds', 'asdassd@gmail.com', 'ssada', 0);
INSERT INTO `distribuidor_provincias` (`id`, `distribuidor_id`, `provincias_id`, `activo`) VALUES (1, 1, 2, 1);
INSERT INTO `distribuidor_provincias` (`id`, `distribuidor_id`, `provincias_id`, `activo`) VALUES (2, 1, 3, 0);
INSERT INTO `distribuidor_provincias` (`id`, `distribuidor_id`, `provincias_id`, `activo`) VALUES (3, 2, 6, 0);
INSERT INTO `distribuidor_provincias` (`id`, `distribuidor_id`, `provincias_id`, `activo`) VALUES (4, 2, 7, 1);
INSERT INTO `distribuidor_provincias` (`id`, `distribuidor_id`, `provincias_id`, `activo`) VALUES (5, 2, 8, 0);
INSERT INTO `distribuidor_provincias` (`id`, `distribuidor_id`, `provincias_id`, `activo`) VALUES (6, 3, 2, 1);
INSERT INTO `distribuidor_provincias` (`id`, `distribuidor_id`, `provincias_id`, `activo`) VALUES (7, 4, 5, 1);
INSERT INTO `distribuidor_provincias` (`id`, `distribuidor_id`, `provincias_id`, `activo`) VALUES (8, 5, 2, 1);
INSERT INTO `distribuidor_provincias` (`id`, `distribuidor_id`, `provincias_id`, `activo`) VALUES (9, 6, 2, 1);
INSERT INTO `distribuidor_provincias` (`id`, `distribuidor_id`, `provincias_id`, `activo`) VALUES (10, 7, 2, 1);
INSERT INTO `distribuidor_provincias` (`id`, `distribuidor_id`, `provincias_id`, `activo`) VALUES (11, 8, 2, 1);
INSERT INTO `distribuidor_provincias` (`id`, `distribuidor_id`, `provincias_id`, `activo`) VALUES (12, 9, 2, 1);
INSERT INTO `distribuidor_provincias` (`id`, `distribuidor_id`, `provincias_id`, `activo`) VALUES (13, 10, 6, 1);
INSERT INTO `distribuidor_provincias` (`id`, `distribuidor_id`, `provincias_id`, `activo`) VALUES (14, 11, 6, 1);
INSERT INTO `distribuidor_provincias` (`id`, `distribuidor_id`, `provincias_id`, `activo`) VALUES (15, 12, 8, 1);
INSERT INTO `distribuidor_provincias` (`id`, `distribuidor_id`, `provincias_id`, `activo`) VALUES (16, 13, 3, 1);
INSERT INTO `distribuidor_provincias` (`id`, `distribuidor_id`, `provincias_id`, `activo`) VALUES (17, 14, 3, 1);
INSERT INTO `distribuidor_provincias` (`id`, `distribuidor_id`, `provincias_id`, `activo`) VALUES (18, 15, 3, 1);
INSERT INTO `distribuidor_provincias` (`id`, `distribuidor_id`, `provincias_id`, `activo`) VALUES (19, 16, 5, 1);
INSERT INTO `distribuidor_provincias` (`id`, `distribuidor_id`, `provincias_id`, `activo`) VALUES (20, 17, 5, 1);
INSERT INTO `distribuidor_provincias` (`id`, `distribuidor_id`, `provincias_id`, `activo`) VALUES (21, 18, 10, 1);
INSERT INTO `distribuidor_provincias` (`id`, `distribuidor_id`, `provincias_id`, `activo`) VALUES (22, 19, 10, 1);
INSERT INTO `distribuidor_provincias` (`id`, `distribuidor_id`, `provincias_id`, `activo`) VALUES (23, 20, 10, 1);
INSERT INTO `distribuidor_provincias` (`id`, `distribuidor_id`, `provincias_id`, `activo`) VALUES (24, 21, 11, 1);
INSERT INTO `distribuidor_provincias` (`id`, `distribuidor_id`, `provincias_id`, `activo`) VALUES (25, 22, 9, 1);
INSERT INTO `distribuidor_provincias` (`id`, `distribuidor_id`, `provincias_id`, `activo`) VALUES (26, 23, 9, 1);
INSERT INTO `distribuidor_provincias` (`id`, `distribuidor_id`, `provincias_id`, `activo`) VALUES (27, 24, 12, 1);
INSERT INTO `distribuidor_provincias` (`id`, `distribuidor_id`, `provincias_id`, `activo`) VALUES (28, 25, 14, 1);
INSERT INTO `distribuidor_provincias` (`id`, `distribuidor_id`, `provincias_id`, `activo`) VALUES (29, 26, 14, 1);
INSERT INTO `distribuidor_provincias` (`id`, `distribuidor_id`, `provincias_id`, `activo`) VALUES (30, 27, 13, 1);
INSERT INTO `distribuidor_provincias` (`id`, `distribuidor_id`, `provincias_id`, `activo`) VALUES (31, 28, 15, 1);
INSERT INTO `distribuidor_provincias` (`id`, `distribuidor_id`, `provincias_id`, `activo`) VALUES (32, 29, 4, 1);
INSERT INTO `distribuidor_provincias` (`id`, `distribuidor_id`, `provincias_id`, `activo`) VALUES (33, 30, 4, 1);
INSERT INTO `distribuidor_provincias` (`id`, `distribuidor_id`, `provincias_id`, `activo`) VALUES (34, 31, 16, 1);
INSERT INTO `distribuidor_provincias` (`id`, `distribuidor_id`, `provincias_id`, `activo`) VALUES (35, 32, 2, 1);
INSERT INTO `distribuidor_provincias` (`id`, `distribuidor_id`, `provincias_id`, `activo`) VALUES (36, 33, 3, 1);
INSERT INTO `distribuidor_provincias` (`id`, `distribuidor_id`, `provincias_id`, `activo`) VALUES (37, 34, 3, 1);
INSERT INTO `distribuidor_provincias` (`id`, `distribuidor_id`, `provincias_id`, `activo`) VALUES (38, 35, 2, 1);
INSERT INTO `distribuidor_saldo` (`id`, `distribuidor_id`, `moneda_id`, `saldo`) VALUES (1, 1, 4, 0);
INSERT INTO `distribuidor_saldo` (`id`, `distribuidor_id`, `moneda_id`, `saldo`) VALUES (2, 2, 4, 0);
INSERT INTO `distribuidor_saldo` (`id`, `distribuidor_id`, `moneda_id`, `saldo`) VALUES (3, 3, 4, 0);
INSERT INTO `distribuidor_saldo` (`id`, `distribuidor_id`, `moneda_id`, `saldo`) VALUES (4, 4, 4, 0);
INSERT INTO `distribuidor_saldo` (`id`, `distribuidor_id`, `moneda_id`, `saldo`) VALUES (5, 5, 4, 0);
INSERT INTO `distribuidor_saldo` (`id`, `distribuidor_id`, `moneda_id`, `saldo`) VALUES (6, 6, 4, 0);
INSERT INTO `distribuidor_saldo` (`id`, `distribuidor_id`, `moneda_id`, `saldo`) VALUES (7, 7, 4, 0);
INSERT INTO `distribuidor_saldo` (`id`, `distribuidor_id`, `moneda_id`, `saldo`) VALUES (8, 8, 4, 0);
INSERT INTO `distribuidor_saldo` (`id`, `distribuidor_id`, `moneda_id`, `saldo`) VALUES (9, 9, 4, 0);
INSERT INTO `distribuidor_saldo` (`id`, `distribuidor_id`, `moneda_id`, `saldo`) VALUES (10, 10, 4, 0);
INSERT INTO `distribuidor_saldo` (`id`, `distribuidor_id`, `moneda_id`, `saldo`) VALUES (11, 11, 4, 0);
INSERT INTO `distribuidor_saldo` (`id`, `distribuidor_id`, `moneda_id`, `saldo`) VALUES (12, 12, 4, 0);
INSERT INTO `distribuidor_saldo` (`id`, `distribuidor_id`, `moneda_id`, `saldo`) VALUES (13, 13, 4, 0);
INSERT INTO `distribuidor_saldo` (`id`, `distribuidor_id`, `moneda_id`, `saldo`) VALUES (14, 14, 4, 0);
INSERT INTO `distribuidor_saldo` (`id`, `distribuidor_id`, `moneda_id`, `saldo`) VALUES (15, 15, 4, 0);
INSERT INTO `distribuidor_saldo` (`id`, `distribuidor_id`, `moneda_id`, `saldo`) VALUES (16, 16, 4, 0);
INSERT INTO `distribuidor_saldo` (`id`, `distribuidor_id`, `moneda_id`, `saldo`) VALUES (17, 17, 4, 0);
INSERT INTO `distribuidor_saldo` (`id`, `distribuidor_id`, `moneda_id`, `saldo`) VALUES (18, 18, 4, 0);
INSERT INTO `distribuidor_saldo` (`id`, `distribuidor_id`, `moneda_id`, `saldo`) VALUES (19, 19, 4, 0);
INSERT INTO `distribuidor_saldo` (`id`, `distribuidor_id`, `moneda_id`, `saldo`) VALUES (20, 20, 4, 0);
INSERT INTO `distribuidor_saldo` (`id`, `distribuidor_id`, `moneda_id`, `saldo`) VALUES (21, 21, 4, 0);
INSERT INTO `distribuidor_saldo` (`id`, `distribuidor_id`, `moneda_id`, `saldo`) VALUES (22, 22, 4, 0);
INSERT INTO `distribuidor_saldo` (`id`, `distribuidor_id`, `moneda_id`, `saldo`) VALUES (23, 23, 4, 0);
INSERT INTO `distribuidor_saldo` (`id`, `distribuidor_id`, `moneda_id`, `saldo`) VALUES (24, 24, 4, 0);
INSERT INTO `distribuidor_saldo` (`id`, `distribuidor_id`, `moneda_id`, `saldo`) VALUES (25, 25, 4, 0);
INSERT INTO `distribuidor_saldo` (`id`, `distribuidor_id`, `moneda_id`, `saldo`) VALUES (26, 26, 4, 0);
INSERT INTO `distribuidor_saldo` (`id`, `distribuidor_id`, `moneda_id`, `saldo`) VALUES (27, 27, 4, 0);
INSERT INTO `distribuidor_saldo` (`id`, `distribuidor_id`, `moneda_id`, `saldo`) VALUES (28, 28, 4, 0);
INSERT INTO `distribuidor_saldo` (`id`, `distribuidor_id`, `moneda_id`, `saldo`) VALUES (29, 29, 4, 0);
INSERT INTO `distribuidor_saldo` (`id`, `distribuidor_id`, `moneda_id`, `saldo`) VALUES (30, 30, 4, 0);
INSERT INTO `distribuidor_saldo` (`id`, `distribuidor_id`, `moneda_id`, `saldo`) VALUES (31, 31, 4, 0);
INSERT INTO `distribuidor_saldo` (`id`, `distribuidor_id`, `moneda_id`, `saldo`) VALUES (32, 32, 4, 0);
INSERT INTO `distribuidor_saldo` (`id`, `distribuidor_id`, `moneda_id`, `saldo`) VALUES (33, 33, 4, 0);
INSERT INTO `distribuidor_saldo` (`id`, `distribuidor_id`, `moneda_id`, `saldo`) VALUES (34, 34, 4, 0);
INSERT INTO `distribuidor_saldo` (`id`, `distribuidor_id`, `moneda_id`, `saldo`) VALUES (35, 34, 1, 0);
INSERT INTO `distribuidor_saldo` (`id`, `distribuidor_id`, `moneda_id`, `saldo`) VALUES (36, 35, 4, 0);
INSERT INTO `distribuidor_saldo` (`id`, `distribuidor_id`, `moneda_id`, `saldo`) VALUES (37, 35, 1, 0);
INSERT INTO `distribuidor_zona` (`id`, `zona_id`, `distribuidor_id`, `comision`, `activo`) VALUES (1, 1, 1, 2, 1);
INSERT INTO `distribuidor_zona` (`id`, `zona_id`, `distribuidor_id`, `comision`, `activo`) VALUES (2, 2, 18, 3, 0);
INSERT INTO `distribuidor_zona` (`id`, `zona_id`, `distribuidor_id`, `comision`, `activo`) VALUES (3, 3, 18, 2, 0);
INSERT INTO `distribuidor_zona` (`id`, `zona_id`, `distribuidor_id`, `comision`, `activo`) VALUES (4, 4, 18, 3, 0);
INSERT INTO `distribuidor_zona` (`id`, `zona_id`, `distribuidor_id`, `comision`, `activo`) VALUES (5, 3, 7, 50, 1);
INSERT INTO `distribuidor_zona` (`id`, `zona_id`, `distribuidor_id`, `comision`, `activo`) VALUES (6, 2, 7, 75, 1);
INSERT INTO `distribuidor_zona` (`id`, `zona_id`, `distribuidor_id`, `comision`, `activo`) VALUES (7, 4, 7, 75, 1);
INSERT INTO `distribuidor_zona` (`id`, `zona_id`, `distribuidor_id`, `comision`, `activo`) VALUES (8, 5, 7, 75, 1);
INSERT INTO `distribuidor_zona` (`id`, `zona_id`, `distribuidor_id`, `comision`, `activo`) VALUES (9, 6, 7, 1000, 1);
INSERT INTO `doctrine_migration_versions` (`version`, `executed_at`, `execution_time`) VALUES ('DoctrineMigrations\\Version20210519021953', '2021-05-19 04:20:37', 603796);
INSERT INTO `doctrine_migration_versions` (`version`, `executed_at`, `execution_time`) VALUES ('DoctrineMigrations\\Version20210521170817', '2021-05-21 19:08:33', 574);
INSERT INTO `doctrine_migration_versions` (`version`, `executed_at`, `execution_time`) VALUES ('DoctrineMigrations\\Version20210521201326', '2021-05-21 22:13:44', 1652);
INSERT INTO `doctrine_migration_versions` (`version`, `executed_at`, `execution_time`) VALUES ('DoctrineMigrations\\Version20210523052304', '2021-05-23 07:23:24', 434);
INSERT INTO `doctrine_migration_versions` (`version`, `executed_at`, `execution_time`) VALUES ('DoctrineMigrations\\Version20210523185031', '2021-05-23 20:50:51', 998);
INSERT INTO `doctrine_migration_versions` (`version`, `executed_at`, `execution_time`) VALUES ('DoctrineMigrations\\Version20210523194551', '2021-05-23 21:45:59', 2866);
INSERT INTO `doctrine_migration_versions` (`version`, `executed_at`, `execution_time`) VALUES ('DoctrineMigrations\\Version20210525133108', '2021-05-25 15:31:53', 837);
INSERT INTO `doctrine_migration_versions` (`version`, `executed_at`, `execution_time`) VALUES ('DoctrineMigrations\\Version20210527023643', '2021-05-27 04:37:08', 752);
INSERT INTO `doctrine_migration_versions` (`version`, `executed_at`, `execution_time`) VALUES ('DoctrineMigrations\\Version20210527191640', '2021-05-27 21:16:58', 3222);
INSERT INTO `doctrine_migration_versions` (`version`, `executed_at`, `execution_time`) VALUES ('DoctrineMigrations\\Version20210527194542', '2021-05-27 21:45:52', 2377);
INSERT INTO `doctrine_migration_versions` (`version`, `executed_at`, `execution_time`) VALUES ('DoctrineMigrations\\Version20210607013245', '2021-06-10 17:04:09', 120);
INSERT INTO `doctrine_migration_versions` (`version`, `executed_at`, `execution_time`) VALUES ('DoctrineMigrations\\Version20210608001816', '2021-06-10 17:04:09', 277);
INSERT INTO `doctrine_migration_versions` (`version`, `executed_at`, `execution_time`) VALUES ('DoctrineMigrations\\Version20210608115412', '2021-06-10 17:04:09', 56);
INSERT INTO `doctrine_migration_versions` (`version`, `executed_at`, `execution_time`) VALUES ('DoctrineMigrations\\Version20210608115545', '2021-06-10 17:04:09', 230);
INSERT INTO `doctrine_migration_versions` (`version`, `executed_at`, `execution_time`) VALUES ('DoctrineMigrations\\Version20210608122946', '2021-06-10 17:04:10', 30);
INSERT INTO `doctrine_migration_versions` (`version`, `executed_at`, `execution_time`) VALUES ('DoctrineMigrations\\Version20210609174002', '2021-06-10 17:04:10', 56);
INSERT INTO `doctrine_migration_versions` (`version`, `executed_at`, `execution_time`) VALUES ('DoctrineMigrations\\Version20210615025803', '2021-06-21 19:50:05', 217);
INSERT INTO `doctrine_migration_versions` (`version`, `executed_at`, `execution_time`) VALUES ('DoctrineMigrations\\Version20210615033759', '2021-06-15 03:44:25', 73);
INSERT INTO `doctrine_migration_versions` (`version`, `executed_at`, `execution_time`) VALUES ('DoctrineMigrations\\Version20210617161935', '2021-06-18 04:51:33', 186);
INSERT INTO `doctrine_migration_versions` (`version`, `executed_at`, `execution_time`) VALUES ('DoctrineMigrations\\Version20210618032819', '2021-06-21 19:50:05', 392);
INSERT INTO `doctrine_migration_versions` (`version`, `executed_at`, `execution_time`) VALUES ('DoctrineMigrations\\Version20210621220510', '2021-06-21 22:05:27', 494);
INSERT INTO `doctrine_migration_versions` (`version`, `executed_at`, `execution_time`) VALUES ('DoctrineMigrations\\Version20210625015948', '2021-10-03 22:02:52', 182);
INSERT INTO `doctrine_migration_versions` (`version`, `executed_at`, `execution_time`) VALUES ('DoctrineMigrations\\Version20210921145511', '2021-09-29 06:04:08', 258);
INSERT INTO `doctrine_migration_versions` (`version`, `executed_at`, `execution_time`) VALUES ('DoctrineMigrations\\Version20210925040541', '2021-09-29 06:04:09', 60);
INSERT INTO `doctrine_migration_versions` (`version`, `executed_at`, `execution_time`) VALUES ('DoctrineMigrations\\Version20210925041324', '2021-09-29 06:04:09', 123);
INSERT INTO `doctrine_migration_versions` (`version`, `executed_at`, `execution_time`) VALUES ('DoctrineMigrations\\Version20210925142708', '2021-09-29 06:04:09', 29);
INSERT INTO `doctrine_migration_versions` (`version`, `executed_at`, `execution_time`) VALUES ('DoctrineMigrations\\Version20211112060843', '2021-11-12 07:09:03', 7288);
INSERT INTO `doctrine_migration_versions` (`version`, `executed_at`, `execution_time`) VALUES ('DoctrineMigrations\\Version20211112064115', '2021-11-12 07:42:42', 877);
INSERT INTO `doctrine_migration_versions` (`version`, `executed_at`, `execution_time`) VALUES ('DoctrineMigrations\\Version20211116164131', '2021-11-16 17:41:45', 579);
INSERT INTO `doctrine_migration_versions` (`version`, `executed_at`, `execution_time`) VALUES ('DoctrineMigrations\\Version20211118181102', '2021-11-18 19:11:47', 1053);
INSERT INTO `doctrine_migration_versions` (`version`, `executed_at`, `execution_time`) VALUES ('DoctrineMigrations\\Version20211122171908', '2021-11-22 18:19:24', 1144);
INSERT INTO `doctrine_migration_versions` (`version`, `executed_at`, `execution_time`) VALUES ('DoctrineMigrations\\Version20211124130804', '2021-11-24 14:08:18', 507);
INSERT INTO `doctrine_migration_versions` (`version`, `executed_at`, `execution_time`) VALUES ('DoctrineMigrations\\Version20211208185608', '2021-12-08 21:29:15', 4744);
INSERT INTO `documento` (`id`, `id_almacen_id`, `id_unidad_id`, `id_moneda_id`, `id_tipo_documento_id`, `id_documento_cancelado_id`, `importe_total`, `fecha`, `activo`, `anno`) VALUES (122, 1, 1, 3, 12, NULL, 8500, '2022-01-08', 1, 2022);
INSERT INTO `documento` (`id`, `id_almacen_id`, `id_unidad_id`, `id_moneda_id`, `id_tipo_documento_id`, `id_documento_cancelado_id`, `importe_total`, `fecha`, `activo`, `anno`) VALUES (123, 1, 1, 3, 1, NULL, 450, '2022-01-08', 1, 2022);
INSERT INTO `documento` (`id`, `id_almacen_id`, `id_unidad_id`, `id_moneda_id`, `id_tipo_documento_id`, `id_documento_cancelado_id`, `importe_total`, `fecha`, `activo`, `anno`) VALUES (124, 1, 1, 3, 1, NULL, 16000, '2022-01-08', 0, 2022);
INSERT INTO `documento` (`id`, `id_almacen_id`, `id_unidad_id`, `id_moneda_id`, `id_tipo_documento_id`, `id_documento_cancelado_id`, `importe_total`, `fecha`, `activo`, `anno`) VALUES (125, 1, 1, 3, 1, 124, 16000, '2022-01-08', 0, NULL);
INSERT INTO `documento` (`id`, `id_almacen_id`, `id_unidad_id`, `id_moneda_id`, `id_tipo_documento_id`, `id_documento_cancelado_id`, `importe_total`, `fecha`, `activo`, `anno`) VALUES (126, 1, 1, 3, 1, NULL, 6500, '2022-01-08', 1, 2022);
INSERT INTO `documento` (`id`, `id_almacen_id`, `id_unidad_id`, `id_moneda_id`, `id_tipo_documento_id`, `id_documento_cancelado_id`, `importe_total`, `fecha`, `activo`, `anno`) VALUES (127, 1, 1, 3, 1, NULL, 570, '2022-01-08', 0, 2022);
INSERT INTO `documento` (`id`, `id_almacen_id`, `id_unidad_id`, `id_moneda_id`, `id_tipo_documento_id`, `id_documento_cancelado_id`, `importe_total`, `fecha`, `activo`, `anno`) VALUES (128, 1, 1, 3, 1, 127, 570, '2022-01-08', 0, NULL);
INSERT INTO `documento` (`id`, `id_almacen_id`, `id_unidad_id`, `id_moneda_id`, `id_tipo_documento_id`, `id_documento_cancelado_id`, `importe_total`, `fecha`, `activo`, `anno`) VALUES (129, 1, 1, 3, 3, NULL, 165, '2022-01-08', 1, 2022);
INSERT INTO `documento` (`id`, `id_almacen_id`, `id_unidad_id`, `id_moneda_id`, `id_tipo_documento_id`, `id_documento_cancelado_id`, `importe_total`, `fecha`, `activo`, `anno`) VALUES (130, 1, 1, 3, 7, NULL, 165, '2022-01-08', 1, 2022);
INSERT INTO `documento` (`id`, `id_almacen_id`, `id_unidad_id`, `id_moneda_id`, `id_tipo_documento_id`, `id_documento_cancelado_id`, `importe_total`, `fecha`, `activo`, `anno`) VALUES (131, 1, 1, 3, 6, NULL, 165, '2022-01-08', 1, 2022);
INSERT INTO `documento` (`id`, `id_almacen_id`, `id_unidad_id`, `id_moneda_id`, `id_tipo_documento_id`, `id_documento_cancelado_id`, `importe_total`, `fecha`, `activo`, `anno`) VALUES (132, 2, 1, 3, 12, NULL, 100000, '2022-01-08', 1, 2022);
INSERT INTO `documento` (`id`, `id_almacen_id`, `id_unidad_id`, `id_moneda_id`, `id_tipo_documento_id`, `id_documento_cancelado_id`, `importe_total`, `fecha`, `activo`, `anno`) VALUES (133, 2, 1, 3, 1, NULL, 55000, '2022-01-08', 1, 2022);
INSERT INTO `documento` (`id`, `id_almacen_id`, `id_unidad_id`, `id_moneda_id`, `id_tipo_documento_id`, `id_documento_cancelado_id`, `importe_total`, `fecha`, `activo`, `anno`) VALUES (134, 2, 1, 3, 7, NULL, 57833.34, '2022-01-08', 1, 2022);
INSERT INTO `documento` (`id`, `id_almacen_id`, `id_unidad_id`, `id_moneda_id`, `id_tipo_documento_id`, `id_documento_cancelado_id`, `importe_total`, `fecha`, `activo`, `anno`) VALUES (135, 3, 1, 3, 13, NULL, 15000, '2022-01-08', 1, 2022);
INSERT INTO `documento` (`id`, `id_almacen_id`, `id_unidad_id`, `id_moneda_id`, `id_tipo_documento_id`, `id_documento_cancelado_id`, `importe_total`, `fecha`, `activo`, `anno`) VALUES (136, 3, 1, 3, 2, NULL, 57833.34, '2022-01-08', 1, 2022);
INSERT INTO `documento` (`id`, `id_almacen_id`, `id_unidad_id`, `id_moneda_id`, `id_tipo_documento_id`, `id_documento_cancelado_id`, `importe_total`, `fecha`, `activo`, `anno`) VALUES (137, 2, 1, 1, 10, NULL, 2399.9992, '2022-01-09', 1, 2022);
INSERT INTO `documento` (`id`, `id_almacen_id`, `id_unidad_id`, `id_moneda_id`, `id_tipo_documento_id`, `id_documento_cancelado_id`, `importe_total`, `fecha`, `activo`, `anno`) VALUES (138, 3, 1, 1, 10, NULL, 200, '2022-01-09', 1, 2022);
INSERT INTO `documento` (`id`, `id_almacen_id`, `id_unidad_id`, `id_moneda_id`, `id_tipo_documento_id`, `id_documento_cancelado_id`, `importe_total`, `fecha`, `activo`, `anno`) VALUES (139, 2, 1, 1, 10, NULL, 146.66664, '2022-01-09', 1, 2022);
INSERT INTO `documento` (`id`, `id_almacen_id`, `id_unidad_id`, `id_moneda_id`, `id_tipo_documento_id`, `id_documento_cancelado_id`, `importe_total`, `fecha`, `activo`, `anno`) VALUES (140, 3, 1, 1, 10, NULL, 1200, '2022-01-09', 1, 2022);
INSERT INTO `empleado` (`id`, `id_unidad_id`, `id_cargo_id`, `id_usuario_id`, `nombre`, `correo`, `fecha_alta`, `baja`, `fecha_baja`, `direccion_particular`, `telefono`, `rol`, `activo`, `identificacion`, `sueldo_bruto_mensual`, `salario_x_hora`, `cuenta`, `banco`, `cajero`) VALUES (1, 1, 1, 1, 'Adiran Garcia', 'root@solyag.com', '2020-10-28', 0, NULL, 'Calle A', '555555555', 'ROLE_ADMIN', 1, '89102815009', 65000, NULL, NULL, NULL, 1);
INSERT INTO `empleado` (`id`, `id_unidad_id`, `id_cargo_id`, `id_usuario_id`, `nombre`, `correo`, `fecha_alta`, `baja`, `fecha_baja`, `direccion_particular`, `telefono`, `rol`, `activo`, `identificacion`, `sueldo_bruto_mensual`, `salario_x_hora`, `cuenta`, `banco`, `cajero`) VALUES (2, 1, 2, 2, 'Eever Alejandro Hernandez Valdes', 'ea@gmail.com', '2021-05-23', 0, NULL, 'ssssssssss', '55816859', 'ROLE_USER', 1, '12345678912', 33000, NULL, NULL, NULL, NULL);
INSERT INTO `empleado` (`id`, `id_unidad_id`, `id_cargo_id`, `id_usuario_id`, `nombre`, `correo`, `fecha_alta`, `baja`, `fecha_baja`, `direccion_particular`, `telefono`, `rol`, `activo`, `identificacion`, `sueldo_bruto_mensual`, `salario_x_hora`, `cuenta`, `banco`, `cajero`) VALUES (3, 1, 1, NULL, 'Maria Maire Valdes Llende', 'asas@sa.asasa', '2021-05-23', 0, NULL, 'lkl', '23 232', NULL, 1, '1111', 20000, NULL, NULL, NULL, NULL);
INSERT INTO `empleado` (`id`, `id_unidad_id`, `id_cargo_id`, `id_usuario_id`, `nombre`, `correo`, `fecha_alta`, `baja`, `fecha_baja`, `direccion_particular`, `telefono`, `rol`, `activo`, `identificacion`, `sueldo_bruto_mensual`, `salario_x_hora`, `cuenta`, `banco`, `cajero`) VALUES (4, 1, 2, NULL, 'ALberto Hernandez Correa', 'pepe@aa.aa', '2021-05-24', 0, NULL, 'dfdsfds', '9855', NULL, 1, '123456789', 90500, NULL, NULL, NULL, NULL);
INSERT INTO `empleado` (`id`, `id_unidad_id`, `id_cargo_id`, `id_usuario_id`, `nombre`, `correo`, `fecha_alta`, `baja`, `fecha_baja`, `direccion_particular`, `telefono`, `rol`, `activo`, `identificacion`, `sueldo_bruto_mensual`, `salario_x_hora`, `cuenta`, `banco`, `cajero`) VALUES (5, 1, 2, NULL, 'Leidian delgado Prado', 'aaa@aa.aa', '2021-05-24', 0, NULL, 'dfdsfds', '15963258', NULL, 1, '23', 24000, NULL, NULL, NULL, NULL);
INSERT INTO `empleado` (`id`, `id_unidad_id`, `id_cargo_id`, `id_usuario_id`, `nombre`, `correo`, `fecha_alta`, `baja`, `fecha_baja`, `direccion_particular`, `telefono`, `rol`, `activo`, `identificacion`, `sueldo_bruto_mensual`, `salario_x_hora`, `cuenta`, `banco`, `cajero`) VALUES (6, 1, 2, NULL, 'Evellyn Hernandez Delgado', 'rewrewr@sa.sas', '2021-05-24', 0, NULL, 'qweqweqw', 'ewrewr', NULL, 1, '121212121', 40000, NULL, NULL, NULL, NULL);
INSERT INTO `empleado` (`id`, `id_unidad_id`, `id_cargo_id`, `id_usuario_id`, `nombre`, `correo`, `fecha_alta`, `baja`, `fecha_baja`, `direccion_particular`, `telefono`, `rol`, `activo`, `identificacion`, `sueldo_bruto_mensual`, `salario_x_hora`, `cuenta`, `banco`, `cajero`) VALUES (7, 1, 2, 6, 'Camilo A. Hernandez Valdes', 'aaa@aaa.aa.com', '2021-05-24', 0, NULL, 'ewewew', '223232', 'ROLE_ADMIN', 1, '89102815007', 22000, NULL, '121212121', 'xzcxzcxzczx', 1);
INSERT INTO `empleado` (`id`, `id_unidad_id`, `id_cargo_id`, `id_usuario_id`, `nombre`, `correo`, `fecha_alta`, `baja`, `fecha_baja`, `direccion_particular`, `telefono`, `rol`, `activo`, `identificacion`, `sueldo_bruto_mensual`, `salario_x_hora`, `cuenta`, `banco`, `cajero`) VALUES (8, 1, 2, NULL, 'Liset Herrera Valdes', 'aaaawq@aaa.aa', '2021-05-25', 0, NULL, 'fdsfdsfdsfdsfdfd', '1212121', NULL, 1, '1234567890', 15000, NULL, '45963265', 'Banco 1', 0);
INSERT INTO `empleado` (`id`, `id_unidad_id`, `id_cargo_id`, `id_usuario_id`, `nombre`, `correo`, `fecha_alta`, `baja`, `fecha_baja`, `direccion_particular`, `telefono`, `rol`, `activo`, `identificacion`, `sueldo_bruto_mensual`, `salario_x_hora`, `cuenta`, `banco`, `cajero`) VALUES (9, 1, 2, NULL, 'Liomaris Isbel Herrera', 'element@aaa.aaa', '2021-05-25', 0, NULL, 'rtrtretretre', '2321312231', NULL, 1, '8945632156', 60000, NULL, '12547889362', 'dasdjkjd', NULL);
INSERT INTO `empleado` (`id`, `id_unidad_id`, `id_cargo_id`, `id_usuario_id`, `nombre`, `correo`, `fecha_alta`, `baja`, `fecha_baja`, `direccion_particular`, `telefono`, `rol`, `activo`, `identificacion`, `sueldo_bruto_mensual`, `salario_x_hora`, `cuenta`, `banco`, `cajero`) VALUES (13, 1, 1, NULL, 'Anibal Valdes Llenade', 'awqwq@nlbr.rrr', '2021-05-31', 0, NULL, 'sdaaaasa', '23232', NULL, 1, '89789658', 58000, NULL, '23232', 'sasa', 0);
INSERT INTO `empleado` (`id`, `id_unidad_id`, `id_cargo_id`, `id_usuario_id`, `nombre`, `correo`, `fecha_alta`, `baja`, `fecha_baja`, `direccion_particular`, `telefono`, `rol`, `activo`, `identificacion`, `sueldo_bruto_mensual`, `salario_x_hora`, `cuenta`, `banco`, `cajero`) VALUES (14, 1, 2, NULL, 'Leandro Capdesuñer Garcia', '12asasa@asa.asasas', '2021-05-31', 0, NULL, '23232', '232323', NULL, 1, '223232', 232323223, NULL, '12212121', 'wdwewqewq', 0);
INSERT INTO `empleado` (`id`, `id_unidad_id`, `id_cargo_id`, `id_usuario_id`, `nombre`, `correo`, `fecha_alta`, `baja`, `fecha_baja`, `direccion_particular`, `telefono`, `rol`, `activo`, `identificacion`, `sueldo_bruto_mensual`, `salario_x_hora`, `cuenta`, `banco`, `cajero`) VALUES (15, 1, 1, NULL, 'Dianabel Valdes', 'mjmj@nhnh.bg', '2021-05-31', 0, NULL, 'fggfgf', '34343434', NULL, 1, 'gfgfgfgffgf', 4545454, NULL, '2323232', 'jmjmjm', 0);
INSERT INTO `empleado` (`id`, `id_unidad_id`, `id_cargo_id`, `id_usuario_id`, `nombre`, `correo`, `fecha_alta`, `baja`, `fecha_baja`, `direccion_particular`, `telefono`, `rol`, `activo`, `identificacion`, `sueldo_bruto_mensual`, `salario_x_hora`, `cuenta`, `banco`, `cajero`) VALUES (16, 1, 1, NULL, 'Leandro Capdeseñer Garcia', 'leo@gmail.com', '2021-06-02', 0, NULL, 'dsfdsfdsfdsfdsfdsf', '1523654', NULL, 1, '879654123369', 10000, NULL, '123456789951', 'BPA', 0);
INSERT INTO `empleado` (`id`, `id_unidad_id`, `id_cargo_id`, `id_usuario_id`, `nombre`, `correo`, `fecha_alta`, `baja`, `fecha_baja`, `direccion_particular`, `telefono`, `rol`, `activo`, `identificacion`, `sueldo_bruto_mensual`, `salario_x_hora`, `cuenta`, `banco`, `cajero`) VALUES (17, 1, 1, NULL, 'Ever Alejandro Hernandez Delgado', 'eahd@gmail.com', '2021-06-02', 0, NULL, 'dsdsfdsfdsfds', '789654', NULL, 1, '789789789', 50000, NULL, '88888888888', 'jkljljklj', 0);
INSERT INTO `empleado` (`id`, `id_unidad_id`, `id_cargo_id`, `id_usuario_id`, `nombre`, `correo`, `fecha_alta`, `baja`, `fecha_baja`, `direccion_particular`, `telefono`, `rol`, `activo`, `identificacion`, `sueldo_bruto_mensual`, `salario_x_hora`, `cuenta`, `banco`, `cajero`) VALUES (18, 1, 1, 7, 'leo', 'asa@gmail.com', '2021-06-02', 0, NULL, '23232323', '23323232', 'ROLE_ADMIN', 1, '2323232', 232323, NULL, '1232132', 'sdfdfd', 1);
INSERT INTO `empleado` (`id`, `id_unidad_id`, `id_cargo_id`, `id_usuario_id`, `nombre`, `correo`, `fecha_alta`, `baja`, `fecha_baja`, `direccion_particular`, `telefono`, `rol`, `activo`, `identificacion`, `sueldo_bruto_mensual`, `salario_x_hora`, `cuenta`, `banco`, `cajero`) VALUES (22, 1, 1, 12, 'Camilo', 'kahveahd@gmail.com', '2021-06-02', 0, NULL, 'sdasdsaa', '7898798', 'ROLE_USER', 1, '9512336698564', 323232, NULL, '1454545', 'asdasdas', 0);
INSERT INTO `empleado` (`id`, `id_unidad_id`, `id_cargo_id`, `id_usuario_id`, `nombre`, `correo`, `fecha_alta`, `baja`, `fecha_baja`, `direccion_particular`, `telefono`, `rol`, `activo`, `identificacion`, `sueldo_bruto_mensual`, `salario_x_hora`, `cuenta`, `banco`, `cajero`) VALUES (23, 1, 2, 13, 'Adrian Programador', 'adrian@solyag.com', '2021-06-02', 0, NULL, 'dfdsfdsf', '4564564', 'ROLE_5918', 1, '123232', 322323, NULL, '4454', '5', 0);
INSERT INTO `empleado` (`id`, `id_unidad_id`, `id_cargo_id`, `id_usuario_id`, `nombre`, `correo`, `fecha_alta`, `baja`, `fecha_baja`, `direccion_particular`, `telefono`, `rol`, `activo`, `identificacion`, `sueldo_bruto_mensual`, `salario_x_hora`, `cuenta`, `banco`, `cajero`) VALUES (24, 1, 2, 14, 'Marco Antonio Rivera Soto', 'marypao@nauta.cu', '2021-06-08', 0, NULL, 'calle b # 5b Reparto Velez', '53101430', 'ROLE_ADMIN', 1, '8986543467', 3997, NULL, '2512', 'BPA', 0);
INSERT INTO `factura` (`id`, `id_contrato_id`, `id_unidad_id`, `id_usuario_id`, `id_centro_costo_id`, `id_orden_trabajo_id`, `id_elemento_gasto_id`, `id_expediente_id`, `id_categoria_cliente_id`, `id_termino_pago_id`, `id_moneda_id`, `id_factura_cancela_id`, `fecha_factura`, `tipo_cliente`, `id_cliente`, `nro_factura`, `anno`, `cuenta_obligacion`, `subcuenta_obligacion`, `activo`, `importe`, `contabilizada`, `ncf`, `cancelada`, `motivo_cancelacion`, `servicio`, `observacion_general`, `pos`) VALUES (61, NULL, 1, 1, NULL, NULL, NULL, NULL, 2, 2, 3, NULL, '2022-01-09', 1, 3, 1, 2022, '135', '0010', 1, 3344, 1, 'B0200000001', 0, NULL, NULL, NULL, 0);
INSERT INTO `factura` (`id`, `id_contrato_id`, `id_unidad_id`, `id_usuario_id`, `id_centro_costo_id`, `id_orden_trabajo_id`, `id_elemento_gasto_id`, `id_expediente_id`, `id_categoria_cliente_id`, `id_termino_pago_id`, `id_moneda_id`, `id_factura_cancela_id`, `fecha_factura`, `tipo_cliente`, `id_cliente`, `nro_factura`, `anno`, `cuenta_obligacion`, `subcuenta_obligacion`, `activo`, `importe`, `contabilizada`, `ncf`, `cancelada`, `motivo_cancelacion`, `servicio`, `observacion_general`, `pos`) VALUES (62, NULL, 1, 1, NULL, NULL, NULL, NULL, 2, 4, 3, NULL, '2022-01-09', 1, 1, 2, 2022, '135', '0010', 1, 2588.8, 1, 'B0200000002', 0, NULL, NULL, NULL, 0);
INSERT INTO `factura` (`id`, `id_contrato_id`, `id_unidad_id`, `id_usuario_id`, `id_centro_costo_id`, `id_orden_trabajo_id`, `id_elemento_gasto_id`, `id_expediente_id`, `id_categoria_cliente_id`, `id_termino_pago_id`, `id_moneda_id`, `id_factura_cancela_id`, `fecha_factura`, `tipo_cliente`, `id_cliente`, `nro_factura`, `anno`, `cuenta_obligacion`, `subcuenta_obligacion`, `activo`, `importe`, `contabilizada`, `ncf`, `cancelada`, `motivo_cancelacion`, `servicio`, `observacion_general`, `pos`) VALUES (63, NULL, 1, 1, NULL, NULL, NULL, NULL, 2, 3, 3, NULL, '2023-07-31', 1, 8, 3, 2022, '135', '0010', 1, 35.4, 0, 'B0200000003', 0, NULL, 1, 'vendiendo servicio', 0);
INSERT INTO `factura` (`id`, `id_contrato_id`, `id_unidad_id`, `id_usuario_id`, `id_centro_costo_id`, `id_orden_trabajo_id`, `id_elemento_gasto_id`, `id_expediente_id`, `id_categoria_cliente_id`, `id_termino_pago_id`, `id_moneda_id`, `id_factura_cancela_id`, `fecha_factura`, `tipo_cliente`, `id_cliente`, `nro_factura`, `anno`, `cuenta_obligacion`, `subcuenta_obligacion`, `activo`, `importe`, `contabilizada`, `ncf`, `cancelada`, `motivo_cancelacion`, `servicio`, `observacion_general`, `pos`) VALUES (64, NULL, 1, 1, NULL, NULL, NULL, NULL, 2, 2, 3, NULL, '2022-05-02', 1, 1, 4, 2022, '135', '0010', 1, 9.44, 0, 'B0200000004', 0, NULL, 1, 'ssss', 0);
INSERT INTO `factura` (`id`, `id_contrato_id`, `id_unidad_id`, `id_usuario_id`, `id_centro_costo_id`, `id_orden_trabajo_id`, `id_elemento_gasto_id`, `id_expediente_id`, `id_categoria_cliente_id`, `id_termino_pago_id`, `id_moneda_id`, `id_factura_cancela_id`, `fecha_factura`, `tipo_cliente`, `id_cliente`, `nro_factura`, `anno`, `cuenta_obligacion`, `subcuenta_obligacion`, `activo`, `importe`, `contabilizada`, `ncf`, `cancelada`, `motivo_cancelacion`, `servicio`, `observacion_general`, `pos`) VALUES (65, NULL, 1, 1, NULL, NULL, NULL, NULL, 2, 2, 3, NULL, '2022-08-31', 1, 1, 5, 2022, '135', '0010', 1, 46.02, 0, 'B0200000005', 0, NULL, 1, 'dddddd', 0);
INSERT INTO `factura` (`id`, `id_contrato_id`, `id_unidad_id`, `id_usuario_id`, `id_centro_costo_id`, `id_orden_trabajo_id`, `id_elemento_gasto_id`, `id_expediente_id`, `id_categoria_cliente_id`, `id_termino_pago_id`, `id_moneda_id`, `id_factura_cancela_id`, `fecha_factura`, `tipo_cliente`, `id_cliente`, `nro_factura`, `anno`, `cuenta_obligacion`, `subcuenta_obligacion`, `activo`, `importe`, `contabilizada`, `ncf`, `cancelada`, `motivo_cancelacion`, `servicio`, `observacion_general`, `pos`) VALUES (66, NULL, 1, 1, NULL, NULL, NULL, NULL, NULL, 3, 3, NULL, '2022-01-09', 2, 1, 6, 2022, '135', '0020', 1, 9.44, 0, '', 0, NULL, 1, '11', 0);
INSERT INTO `factura` (`id`, `id_contrato_id`, `id_unidad_id`, `id_usuario_id`, `id_centro_costo_id`, `id_orden_trabajo_id`, `id_elemento_gasto_id`, `id_expediente_id`, `id_categoria_cliente_id`, `id_termino_pago_id`, `id_moneda_id`, `id_factura_cancela_id`, `fecha_factura`, `tipo_cliente`, `id_cliente`, `nro_factura`, `anno`, `cuenta_obligacion`, `subcuenta_obligacion`, `activo`, `importe`, `contabilizada`, `ncf`, `cancelada`, `motivo_cancelacion`, `servicio`, `observacion_general`, `pos`) VALUES (67, NULL, 1, 1, NULL, NULL, NULL, NULL, NULL, 3, 3, NULL, '2022-01-09', 2, 1, 7, 2022, '135', '0020', 1, 9.44, 0, '', 0, NULL, 1, '11', 0);
INSERT INTO `factura` (`id`, `id_contrato_id`, `id_unidad_id`, `id_usuario_id`, `id_centro_costo_id`, `id_orden_trabajo_id`, `id_elemento_gasto_id`, `id_expediente_id`, `id_categoria_cliente_id`, `id_termino_pago_id`, `id_moneda_id`, `id_factura_cancela_id`, `fecha_factura`, `tipo_cliente`, `id_cliente`, `nro_factura`, `anno`, `cuenta_obligacion`, `subcuenta_obligacion`, `activo`, `importe`, `contabilizada`, `ncf`, `cancelada`, `motivo_cancelacion`, `servicio`, `observacion_general`, `pos`) VALUES (68, NULL, 1, 1, NULL, NULL, NULL, NULL, 2, 2, 3, NULL, '2022-01-09', 1, 17, 8, 2022, '135', '0010', 1, 9.44, 0, 'B0200000006', 0, NULL, 1, 'qqwwqwq', 0);
INSERT INTO `factura` (`id`, `id_contrato_id`, `id_unidad_id`, `id_usuario_id`, `id_centro_costo_id`, `id_orden_trabajo_id`, `id_elemento_gasto_id`, `id_expediente_id`, `id_categoria_cliente_id`, `id_termino_pago_id`, `id_moneda_id`, `id_factura_cancela_id`, `fecha_factura`, `tipo_cliente`, `id_cliente`, `nro_factura`, `anno`, `cuenta_obligacion`, `subcuenta_obligacion`, `activo`, `importe`, `contabilizada`, `ncf`, `cancelada`, `motivo_cancelacion`, `servicio`, `observacion_general`, `pos`) VALUES (69, NULL, 1, 1, NULL, NULL, NULL, NULL, 2, 2, 3, NULL, '2022-01-09', 1, 1, 9, 2022, '135', '0010', 1, 29.44, 0, 'B0200000007', 0, NULL, 1, 'ddddd', 0);
INSERT INTO `factura_documento` (`id`, `id_factura_id`, `id_documento_id`, `id_movimiento_venta_id`) VALUES (112, 61, 137, NULL);
INSERT INTO `factura_documento` (`id`, `id_factura_id`, `id_documento_id`, `id_movimiento_venta_id`) VALUES (113, 61, 137, NULL);
INSERT INTO `factura_documento` (`id`, `id_factura_id`, `id_documento_id`, `id_movimiento_venta_id`) VALUES (114, 61, 138, NULL);
INSERT INTO `factura_documento` (`id`, `id_factura_id`, `id_documento_id`, `id_movimiento_venta_id`) VALUES (115, 62, 139, NULL);
INSERT INTO `factura_documento` (`id`, `id_factura_id`, `id_documento_id`, `id_movimiento_venta_id`) VALUES (116, 62, 140, NULL);
INSERT INTO `facturas_comprobante` (`id`, `id_factura_id`, `id_comprobante_id`, `id_unidad_id`, `anno`) VALUES (5, 61, 70, 1, 2022);
INSERT INTO `facturas_comprobante` (`id`, `id_factura_id`, `id_comprobante_id`, `id_unidad_id`, `anno`) VALUES (6, 62, 70, 1, 2022);
INSERT INTO `grupo_activos` (`id`, `porciento_deprecia_anno`, `descripcion`, `activo`, `codigo`) VALUES (1, 2, 'Grupo 01, depreciación anual 2%', 1, '01');
INSERT INTO `impuesto` (`id`, `id_unidad_id`, `nombre`, `valor`, `activo`) VALUES (1, 1, 'ITBIS', 18, 1);
INSERT INTO `impuesto_sobre_renta` (`id`, `id_empleado_id`, `id_nomina_pago_id`, `id_rango_escala_id`, `seguridad_social_mensual`, `salario_bruto_anual`, `seguridad_social_anual`, `salario_despues_seguridad_social`, `monto_segun_rango`, `monto_segun_rango_escala`, `excedente_segun_rango_escala`, `por_ciento_impuesto_excedente`, `monto_adicional_rango_escala`, `impuesto_renta_pagar_anual`, `impuesto_renta_pagar_mensual`, `fecha`) VALUES (17, 1, 20, 8, 4137, 840000, 49644, 790356, 624329.01, 624329.01, 166026.99, 33205.4, 31216, 64421.4, 5368.45, '2022-01-10');
INSERT INTO `impuesto_sobre_renta` (`id`, `id_empleado_id`, `id_nomina_pago_id`, `id_rango_escala_id`, `seguridad_social_mensual`, `salario_bruto_anual`, `seguridad_social_anual`, `salario_despues_seguridad_social`, `monto_segun_rango`, `monto_segun_rango_escala`, `excedente_segun_rango_escala`, `por_ciento_impuesto_excedente`, `monto_adicional_rango_escala`, `impuesto_renta_pagar_anual`, `impuesto_renta_pagar_mensual`, `fecha`) VALUES (18, 2, 21, 6, 2092.14, 424800, 25105.68, 399694.32, 0, 0, 399694.32, 0, 0, 0, 0, '2022-01-10');
INSERT INTO `impuestos_servicio_cotizacion` (`id`, `id_cotizacion_id`, `id_servicio_id`, `id_impuesto_id`) VALUES (1, 24, 11, 1);
INSERT INTO `informe_recepcion` (`id`, `id_documento_id`, `id_proveedor_id`, `nro_cuenta_inventario`, `nro_subcuenta_inventario`, `nro_cuenta_acreedora`, `nro_subcuenta_acreedora`, `nro_concecutivo`, `anno`, `codigo_factura`, `fecha_factura`, `activo`, `producto`) VALUES (17, 123, 14, '', '', '405', '0010', '1', 2022, 'FI-0001', '2022-01-08', 1, 0);
INSERT INTO `informe_recepcion` (`id`, `id_documento_id`, `id_proveedor_id`, `nro_cuenta_inventario`, `nro_subcuenta_inventario`, `nro_cuenta_acreedora`, `nro_subcuenta_acreedora`, `nro_concecutivo`, `anno`, `codigo_factura`, `fecha_factura`, `activo`, `producto`) VALUES (18, 124, 9, '', '', '405', '0010', '2', 2022, 'FI-0002', '2022-01-08', 0, 0);
INSERT INTO `informe_recepcion` (`id`, `id_documento_id`, `id_proveedor_id`, `nro_cuenta_inventario`, `nro_subcuenta_inventario`, `nro_cuenta_acreedora`, `nro_subcuenta_acreedora`, `nro_concecutivo`, `anno`, `codigo_factura`, `fecha_factura`, `activo`, `producto`) VALUES (19, 125, 9, '', '', '405', '0010', '2', 2022, 'FI-0002', '2022-01-08', 0, 0);
INSERT INTO `informe_recepcion` (`id`, `id_documento_id`, `id_proveedor_id`, `nro_cuenta_inventario`, `nro_subcuenta_inventario`, `nro_cuenta_acreedora`, `nro_subcuenta_acreedora`, `nro_concecutivo`, `anno`, `codigo_factura`, `fecha_factura`, `activo`, `producto`) VALUES (20, 126, 9, '', '', '405', '0010', '3', 2022, 'FI-0004', '2022-01-08', 1, 0);
INSERT INTO `informe_recepcion` (`id`, `id_documento_id`, `id_proveedor_id`, `nro_cuenta_inventario`, `nro_subcuenta_inventario`, `nro_cuenta_acreedora`, `nro_subcuenta_acreedora`, `nro_concecutivo`, `anno`, `codigo_factura`, `fecha_factura`, `activo`, `producto`) VALUES (21, 127, 9, '', '', '405', '0010', '4', 2022, 'FI-0004', '2022-01-08', 0, 0);
INSERT INTO `informe_recepcion` (`id`, `id_documento_id`, `id_proveedor_id`, `nro_cuenta_inventario`, `nro_subcuenta_inventario`, `nro_cuenta_acreedora`, `nro_subcuenta_acreedora`, `nro_concecutivo`, `anno`, `codigo_factura`, `fecha_factura`, `activo`, `producto`) VALUES (22, 128, 9, '', '', '405', '0010', '4', 2022, 'FI-0004', '2022-01-08', 0, 0);
INSERT INTO `informe_recepcion` (`id`, `id_documento_id`, `id_proveedor_id`, `nro_cuenta_inventario`, `nro_subcuenta_inventario`, `nro_cuenta_acreedora`, `nro_subcuenta_acreedora`, `nro_concecutivo`, `anno`, `codigo_factura`, `fecha_factura`, `activo`, `producto`) VALUES (23, 133, 9, '', '', '405', '0010', '1', 2022, 'FI-0006', '2022-01-08', 1, 0);
INSERT INTO `informe_recepcion` (`id`, `id_documento_id`, `id_proveedor_id`, `nro_cuenta_inventario`, `nro_subcuenta_inventario`, `nro_cuenta_acreedora`, `nro_subcuenta_acreedora`, `nro_concecutivo`, `anno`, `codigo_factura`, `fecha_factura`, `activo`, `producto`) VALUES (24, 136, NULL, '', '', '700', '0050', '1', 2022, NULL, NULL, 1, 1);
INSERT INTO `instrumento_cobro` (`id`, `nombre`, `activo`) VALUES (1, 'Cheque', 1);
INSERT INTO `instrumento_cobro` (`id`, `nombre`, `activo`) VALUES (2, 'Transferencia', 1);
INSERT INTO `instrumento_cobro` (`id`, `nombre`, `activo`) VALUES (3, 'Efectivo', 1);
INSERT INTO `instrumento_cobro` (`id`, `nombre`, `activo`) VALUES (4, 'Paypal', 1);
INSERT INTO `instrumento_cobro` (`id`, `nombre`, `activo`) VALUES (5, 'Zelle', 1);
INSERT INTO `manifiesto` (`id`, `id_unidad_id`, `nro`, `anno`, `fecha`, `cerrado`, `pais_origen`, `cant_envios`, `peso`, `cant_sacos`, `cancelado`) VALUES (1, 1, 1, 2021, '2021-12-09', 0, 'Dominicana', NULL, -5, -1, 0);
INSERT INTO `manifiesto` (`id`, `id_unidad_id`, `nro`, `anno`, `fecha`, `cerrado`, `pais_origen`, `cant_envios`, `peso`, `cant_sacos`, `cancelado`) VALUES (2, 1, 2, 2021, '2021-12-09', 1, 'Dominicana', NULL, NULL, NULL, 0);
INSERT INTO `manifiesto` (`id`, `id_unidad_id`, `nro`, `anno`, `fecha`, `cerrado`, `pais_origen`, `cant_envios`, `peso`, `cant_sacos`, `cancelado`) VALUES (3, 1, 3, 2021, '2021-12-09', 1, 'Dominicana', NULL, NULL, NULL, 0);
INSERT INTO `manifiesto` (`id`, `id_unidad_id`, `nro`, `anno`, `fecha`, `cerrado`, `pais_origen`, `cant_envios`, `peso`, `cant_sacos`, `cancelado`) VALUES (4, 1, 4, 2021, '2021-12-09', 1, 'Dominicana', NULL, NULL, NULL, 0);
INSERT INTO `manifiesto` (`id`, `id_unidad_id`, `nro`, `anno`, `fecha`, `cerrado`, `pais_origen`, `cant_envios`, `peso`, `cant_sacos`, `cancelado`) VALUES (5, 1, 5, 2021, '2021-12-09', 0, 'Dominicana', 4, 20, 2, 1);
INSERT INTO `manifiesto` (`id`, `id_unidad_id`, `nro`, `anno`, `fecha`, `cerrado`, `pais_origen`, `cant_envios`, `peso`, `cant_sacos`, `cancelado`) VALUES (6, 1, 6, 2021, '2021-12-09', 0, 'Dominicana', 1, 5, 1, 1);
INSERT INTO `manifiesto` (`id`, `id_unidad_id`, `nro`, `anno`, `fecha`, `cerrado`, `pais_origen`, `cant_envios`, `peso`, `cant_sacos`, `cancelado`) VALUES (7, 1, 7, 2021, '2021-12-09', 0, 'Dominicana', NULL, NULL, NULL, 1);
INSERT INTO `manifiesto` (`id`, `id_unidad_id`, `nro`, `anno`, `fecha`, `cerrado`, `pais_origen`, `cant_envios`, `peso`, `cant_sacos`, `cancelado`) VALUES (8, 1, 8, 2021, '2021-12-09', 0, 'Dominicana', NULL, NULL, NULL, 1);
INSERT INTO `manifiesto` (`id`, `id_unidad_id`, `nro`, `anno`, `fecha`, `cerrado`, `pais_origen`, `cant_envios`, `peso`, `cant_sacos`, `cancelado`) VALUES (9, 1, 9, 2021, '2021-12-09', 0, 'Dominicana', NULL, NULL, NULL, 1);
INSERT INTO `manifiesto` (`id`, `id_unidad_id`, `nro`, `anno`, `fecha`, `cerrado`, `pais_origen`, `cant_envios`, `peso`, `cant_sacos`, `cancelado`) VALUES (10, 1, 10, 2021, '2021-12-09', 0, 'Dominicana', 10, 79, 8, 0);
INSERT INTO `manifiesto` (`id`, `id_unidad_id`, `nro`, `anno`, `fecha`, `cerrado`, `pais_origen`, `cant_envios`, `peso`, `cant_sacos`, `cancelado`) VALUES (11, 1, 11, 2021, '2021-12-09', 0, 'Dominicana', NULL, NULL, NULL, 0);
INSERT INTO `manifiesto` (`id`, `id_unidad_id`, `nro`, `anno`, `fecha`, `cerrado`, `pais_origen`, `cant_envios`, `peso`, `cant_sacos`, `cancelado`) VALUES (12, 1, 12, 2021, '2021-12-09', 0, 'Dominicana', NULL, NULL, NULL, 0);
INSERT INTO `manifiesto` (`id`, `id_unidad_id`, `nro`, `anno`, `fecha`, `cerrado`, `pais_origen`, `cant_envios`, `peso`, `cant_sacos`, `cancelado`) VALUES (13, 1, 13, 2021, '2021-12-09', 0, 'Dominicana', NULL, NULL, NULL, 0);
INSERT INTO `manifiesto` (`id`, `id_unidad_id`, `nro`, `anno`, `fecha`, `cerrado`, `pais_origen`, `cant_envios`, `peso`, `cant_sacos`, `cancelado`) VALUES (14, 1, 14, 2021, '2021-12-09', 0, 'Dominicana', NULL, NULL, 1, 0);
INSERT INTO `manifiesto` (`id`, `id_unidad_id`, `nro`, `anno`, `fecha`, `cerrado`, `pais_origen`, `cant_envios`, `peso`, `cant_sacos`, `cancelado`) VALUES (15, 1, 15, 2021, '2021-12-09', 1, 'Dominicana', 4, 25, 2, 1);
INSERT INTO `manifiesto` (`id`, `id_unidad_id`, `nro`, `anno`, `fecha`, `cerrado`, `pais_origen`, `cant_envios`, `peso`, `cant_sacos`, `cancelado`) VALUES (16, 1, 16, 2021, '2021-12-09', 0, 'Dominicana', NULL, 10, 11, 1);
INSERT INTO `manifiesto` (`id`, `id_unidad_id`, `nro`, `anno`, `fecha`, `cerrado`, `pais_origen`, `cant_envios`, `peso`, `cant_sacos`, `cancelado`) VALUES (17, 1, 17, 2021, '2021-12-09', 0, 'Dominicana', NULL, NULL, NULL, 0);
INSERT INTO `manifiesto` (`id`, `id_unidad_id`, `nro`, `anno`, `fecha`, `cerrado`, `pais_origen`, `cant_envios`, `peso`, `cant_sacos`, `cancelado`) VALUES (18, 1, 18, 2021, '2021-12-10', 1, 'Dominicana', NULL, NULL, 1, 0);
INSERT INTO `mercancia` (`id`, `id_amlacen_id`, `id_unidad_medida_id`, `codigo`, `cuenta`, `descripcion`, `existencia`, `importe`, `activo`, `nro_subcuenta_inventario`, `nro_cuenta_acreedora`, `nro_subcuenta_acreedora`, `precio_venta`, `precio_oferta`, `inicio_oferta`, `fin_oferta`, `producto`, `existencia_minima`) VALUES (41, 1, 13, '2058', '183', 'Cartucho de impresora', 10, 2000, 1, '0999', '600', '0040', 0, NULL, NULL, NULL, 0, 20);
INSERT INTO `mercancia` (`id`, `id_amlacen_id`, `id_unidad_medida_id`, `codigo`, `cuenta`, `descripcion`, `existencia`, `importe`, `activo`, `nro_subcuenta_inventario`, `nro_cuenta_acreedora`, `nro_subcuenta_acreedora`, `precio_venta`, `precio_oferta`, `inicio_oferta`, `fin_oferta`, `producto`, `existencia_minima`) VALUES (42, 1, 13, '2032', '183', 'Boligrafos', 790, 13035, 1, '0999', '600', '0040', 0, NULL, NULL, NULL, 0, NULL);
INSERT INTO `mercancia` (`id`, `id_amlacen_id`, `id_unidad_medida_id`, `codigo`, `cuenta`, `descripcion`, `existencia`, `importe`, `activo`, `nro_subcuenta_inventario`, `nro_cuenta_acreedora`, `nro_subcuenta_acreedora`, `precio_venta`, `precio_oferta`, `inicio_oferta`, `fin_oferta`, `producto`, `existencia_minima`) VALUES (43, 1, 13, '2033', '183', 'Celular Xiaomi', 50, 250, 1, '0999', '405', '0010', 0, NULL, NULL, NULL, 0, NULL);
INSERT INTO `mercancia` (`id`, `id_amlacen_id`, `id_unidad_medida_id`, `codigo`, `cuenta`, `descripcion`, `existencia`, `importe`, `activo`, `nro_subcuenta_inventario`, `nro_cuenta_acreedora`, `nro_subcuenta_acreedora`, `precio_venta`, `precio_oferta`, `inicio_oferta`, `fin_oferta`, `producto`, `existencia_minima`) VALUES (44, 1, 13, '2034', '183', 'Jabon de Tocador', 0, 0, 0, '0010', '405', '0010', 0, NULL, NULL, NULL, 0, NULL);
INSERT INTO `mercancia` (`id`, `id_amlacen_id`, `id_unidad_medida_id`, `codigo`, `cuenta`, `descripcion`, `existencia`, `importe`, `activo`, `nro_subcuenta_inventario`, `nro_cuenta_acreedora`, `nro_subcuenta_acreedora`, `precio_venta`, `precio_oferta`, `inicio_oferta`, `fin_oferta`, `producto`, `existencia_minima`) VALUES (45, 1, 13, '2035', '183', 'Papel Sanitario', 0, 0, 0, '0010', '405', '0010', 0, NULL, NULL, NULL, 0, NULL);
INSERT INTO `mercancia` (`id`, `id_amlacen_id`, `id_unidad_medida_id`, `codigo`, `cuenta`, `descripcion`, `existencia`, `importe`, `activo`, `nro_subcuenta_inventario`, `nro_cuenta_acreedora`, `nro_subcuenta_acreedora`, `precio_venta`, `precio_oferta`, `inicio_oferta`, `fin_oferta`, `producto`, `existencia_minima`) VALUES (46, 2, 8, '1015', '189', 'Arroz', 238, 17453.33016, 1, '0030', '600', '0040', 80, NULL, NULL, NULL, 0, NULL);
INSERT INTO `mercancia` (`id`, `id_amlacen_id`, `id_unidad_medida_id`, `codigo`, `cuenta`, `descripcion`, `existencia`, `importe`, `activo`, `nro_subcuenta_inventario`, `nro_cuenta_acreedora`, `nro_subcuenta_acreedora`, `precio_venta`, `precio_oferta`, `inicio_oferta`, `fin_oferta`, `producto`, `existencia_minima`) VALUES (47, 2, 10, '1028', '189', 'Aceite', 300, 30000, 1, '0030', '600', '0040', 0, NULL, NULL, NULL, 0, NULL);
INSERT INTO `mercancia` (`id`, `id_amlacen_id`, `id_unidad_medida_id`, `codigo`, `cuenta`, `descripcion`, `existencia`, `importe`, `activo`, `nro_subcuenta_inventario`, `nro_cuenta_acreedora`, `nro_subcuenta_acreedora`, `precio_venta`, `precio_oferta`, `inicio_oferta`, `fin_oferta`, `producto`, `existencia_minima`) VALUES (48, 2, 8, '1001', '189', 'Granos', 450, 40500, 1, '0030', '600', '0040', 0, NULL, NULL, NULL, 0, NULL);
INSERT INTO `mercancia` (`id`, `id_amlacen_id`, `id_unidad_medida_id`, `codigo`, `cuenta`, `descripcion`, `existencia`, `importe`, `activo`, `nro_subcuenta_inventario`, `nro_cuenta_acreedora`, `nro_subcuenta_acreedora`, `precio_venta`, `precio_oferta`, `inicio_oferta`, `fin_oferta`, `producto`, `existencia_minima`) VALUES (49, 2, 8, '1008', '189', 'Carne de Cerdo', 40, 6666.664, 1, '0030', '405', '0010', 200, NULL, NULL, NULL, 0, NULL);
INSERT INTO `mercancia` (`id`, `id_amlacen_id`, `id_unidad_medida_id`, `codigo`, `cuenta`, `descripcion`, `existencia`, `importe`, `activo`, `nro_subcuenta_inventario`, `nro_cuenta_acreedora`, `nro_subcuenta_acreedora`, `precio_venta`, `precio_oferta`, `inicio_oferta`, `fin_oferta`, `producto`, `existencia_minima`) VALUES (50, 3, 13, 'AP-01', '188', 'Combo de alimentos', 86, 8600, 1, '0040', '600', '0040', 200, NULL, NULL, NULL, 1, NULL);
INSERT INTO `mercancia` (`id`, `id_amlacen_id`, `id_unidad_medida_id`, `codigo`, `cuenta`, `descripcion`, `existencia`, `importe`, `activo`, `nro_subcuenta_inventario`, `nro_cuenta_acreedora`, `nro_subcuenta_acreedora`, `precio_venta`, `precio_oferta`, `inicio_oferta`, `fin_oferta`, `producto`, `existencia_minima`) VALUES (51, 3, 13, 'AP-02', '188', 'Combo de medicamentos', 50, 5000, 1, '0040', '600', '0040', 0, NULL, NULL, NULL, 1, NULL);
INSERT INTO `mercancia` (`id`, `id_amlacen_id`, `id_unidad_medida_id`, `codigo`, `cuenta`, `descripcion`, `existencia`, `importe`, `activo`, `nro_subcuenta_inventario`, `nro_cuenta_acreedora`, `nro_subcuenta_acreedora`, `precio_venta`, `precio_oferta`, `inicio_oferta`, `fin_oferta`, `producto`, `existencia_minima`) VALUES (52, 3, 13, 'OT-01', '188', 'Combo de alimento', 50, 57833.34, 1, '0020', '700', '0050', 0, NULL, NULL, NULL, 1, NULL);
INSERT INTO `mercancia_categoria_producto` (`id`, `mercancia_id`, `categoria_producto_id`, `activo`) VALUES (7, 46, 1, 1);
INSERT INTO `mercancia_categoria_producto` (`id`, `mercancia_id`, `categoria_producto_id`, `activo`) VALUES (8, 49, 1, 1);
INSERT INTO `mercancia_categoria_producto` (`id`, `mercancia_id`, `categoria_producto_id`, `activo`) VALUES (9, 50, 1, 1);
INSERT INTO `mercancia_impuesto` (`id`, `mercancia_id`, `impuesto_id`, `activo`) VALUES (5, 46, 1, 1);
INSERT INTO `mercancia_impuesto` (`id`, `mercancia_id`, `impuesto_id`, `activo`) VALUES (6, 49, 1, 0);
INSERT INTO `moneda_pais` (`id`, `id_pais`, `id_moneda`, `status`) VALUES (1, '1', '4', '1');
INSERT INTO `moneda_pais` (`id`, `id_pais`, `id_moneda`, `status`) VALUES (2, '1', '1', '1');
INSERT INTO `moneda_pais` (`id`, `id_pais`, `id_moneda`, `status`) VALUES (3, '1', '3', '0');
INSERT INTO `moneda_pais` (`id`, `id_pais`, `id_moneda`, `status`) VALUES (4, '2', '3', '1');
INSERT INTO `moneda_pais` (`id`, `id_pais`, `id_moneda`, `status`) VALUES (5, '2', '1', '1');
INSERT INTO `movimiento_mercancia` (`id`, `id_mercancia_id`, `id_documento_id`, `id_tipo_documento_id`, `id_usuario_id`, `id_centro_costo_id`, `id_elemento_gasto_id`, `id_almacen_id`, `id_expediente_id`, `id_orden_trabajo_id`, `id_factura_id`, `id_movimiento_cancelado_id`, `cantidad`, `importe`, `existencia`, `fecha`, `activo`, `entrada`, `cuenta`, `nro_subcuenta_deudora`) VALUES (155, 41, 122, 12, 1, 25, NULL, 1, NULL, NULL, NULL, NULL, 10, 2000, 10, '2022-01-08', 1, 1, NULL, NULL);
INSERT INTO `movimiento_mercancia` (`id`, `id_mercancia_id`, `id_documento_id`, `id_tipo_documento_id`, `id_usuario_id`, `id_centro_costo_id`, `id_elemento_gasto_id`, `id_almacen_id`, `id_expediente_id`, `id_orden_trabajo_id`, `id_factura_id`, `id_movimiento_cancelado_id`, `cantidad`, `importe`, `existencia`, `fecha`, `activo`, `entrada`, `cuenta`, `nro_subcuenta_deudora`) VALUES (156, 42, 122, 12, 1, 25, NULL, 1, NULL, NULL, NULL, NULL, 100, 6500, 100, '2022-01-08', 1, 1, NULL, NULL);
INSERT INTO `movimiento_mercancia` (`id`, `id_mercancia_id`, `id_documento_id`, `id_tipo_documento_id`, `id_usuario_id`, `id_centro_costo_id`, `id_elemento_gasto_id`, `id_almacen_id`, `id_expediente_id`, `id_orden_trabajo_id`, `id_factura_id`, `id_movimiento_cancelado_id`, `cantidad`, `importe`, `existencia`, `fecha`, `activo`, `entrada`, `cuenta`, `nro_subcuenta_deudora`) VALUES (157, 42, 123, 1, 1, NULL, NULL, 1, NULL, NULL, NULL, NULL, 100, 200, 200, '2022-01-08', 1, 1, NULL, NULL);
INSERT INTO `movimiento_mercancia` (`id`, `id_mercancia_id`, `id_documento_id`, `id_tipo_documento_id`, `id_usuario_id`, `id_centro_costo_id`, `id_elemento_gasto_id`, `id_almacen_id`, `id_expediente_id`, `id_orden_trabajo_id`, `id_factura_id`, `id_movimiento_cancelado_id`, `cantidad`, `importe`, `existencia`, `fecha`, `activo`, `entrada`, `cuenta`, `nro_subcuenta_deudora`) VALUES (158, 43, 123, 1, 1, NULL, NULL, 1, NULL, NULL, NULL, NULL, 50, 250, 50, '2022-01-08', 1, 1, NULL, NULL);
INSERT INTO `movimiento_mercancia` (`id`, `id_mercancia_id`, `id_documento_id`, `id_tipo_documento_id`, `id_usuario_id`, `id_centro_costo_id`, `id_elemento_gasto_id`, `id_almacen_id`, `id_expediente_id`, `id_orden_trabajo_id`, `id_factura_id`, `id_movimiento_cancelado_id`, `cantidad`, `importe`, `existencia`, `fecha`, `activo`, `entrada`, `cuenta`, `nro_subcuenta_deudora`) VALUES (159, 42, 124, 1, 1, NULL, NULL, 1, NULL, NULL, NULL, NULL, 150, 10000, 350, '2022-01-08', 0, 1, NULL, NULL);
INSERT INTO `movimiento_mercancia` (`id`, `id_mercancia_id`, `id_documento_id`, `id_tipo_documento_id`, `id_usuario_id`, `id_centro_costo_id`, `id_elemento_gasto_id`, `id_almacen_id`, `id_expediente_id`, `id_orden_trabajo_id`, `id_factura_id`, `id_movimiento_cancelado_id`, `cantidad`, `importe`, `existencia`, `fecha`, `activo`, `entrada`, `cuenta`, `nro_subcuenta_deudora`) VALUES (160, 44, 124, 1, 1, NULL, NULL, 1, NULL, NULL, NULL, NULL, 500, 6000, 500, '2022-01-08', 0, 1, NULL, NULL);
INSERT INTO `movimiento_mercancia` (`id`, `id_mercancia_id`, `id_documento_id`, `id_tipo_documento_id`, `id_usuario_id`, `id_centro_costo_id`, `id_elemento_gasto_id`, `id_almacen_id`, `id_expediente_id`, `id_orden_trabajo_id`, `id_factura_id`, `id_movimiento_cancelado_id`, `cantidad`, `importe`, `existencia`, `fecha`, `activo`, `entrada`, `cuenta`, `nro_subcuenta_deudora`) VALUES (161, 42, 125, 1, 1, NULL, NULL, 1, NULL, NULL, NULL, 159, 150, 10000, 350, '2022-01-08', 0, 1, NULL, NULL);
INSERT INTO `movimiento_mercancia` (`id`, `id_mercancia_id`, `id_documento_id`, `id_tipo_documento_id`, `id_usuario_id`, `id_centro_costo_id`, `id_elemento_gasto_id`, `id_almacen_id`, `id_expediente_id`, `id_orden_trabajo_id`, `id_factura_id`, `id_movimiento_cancelado_id`, `cantidad`, `importe`, `existencia`, `fecha`, `activo`, `entrada`, `cuenta`, `nro_subcuenta_deudora`) VALUES (162, 44, 125, 1, 1, NULL, NULL, 1, NULL, NULL, NULL, 160, 500, 6000, 500, '2022-01-08', 0, 1, NULL, NULL);
INSERT INTO `movimiento_mercancia` (`id`, `id_mercancia_id`, `id_documento_id`, `id_tipo_documento_id`, `id_usuario_id`, `id_centro_costo_id`, `id_elemento_gasto_id`, `id_almacen_id`, `id_expediente_id`, `id_orden_trabajo_id`, `id_factura_id`, `id_movimiento_cancelado_id`, `cantidad`, `importe`, `existencia`, `fecha`, `activo`, `entrada`, `cuenta`, `nro_subcuenta_deudora`) VALUES (163, 42, 126, 1, 1, NULL, NULL, 1, NULL, NULL, NULL, NULL, 600, 6500, 800, '2022-01-08', 1, 1, NULL, NULL);
INSERT INTO `movimiento_mercancia` (`id`, `id_mercancia_id`, `id_documento_id`, `id_tipo_documento_id`, `id_usuario_id`, `id_centro_costo_id`, `id_elemento_gasto_id`, `id_almacen_id`, `id_expediente_id`, `id_orden_trabajo_id`, `id_factura_id`, `id_movimiento_cancelado_id`, `cantidad`, `importe`, `existencia`, `fecha`, `activo`, `entrada`, `cuenta`, `nro_subcuenta_deudora`) VALUES (164, 42, 127, 1, 1, NULL, NULL, 1, NULL, NULL, NULL, NULL, 100, 120, 900, '2022-01-08', 0, 1, NULL, NULL);
INSERT INTO `movimiento_mercancia` (`id`, `id_mercancia_id`, `id_documento_id`, `id_tipo_documento_id`, `id_usuario_id`, `id_centro_costo_id`, `id_elemento_gasto_id`, `id_almacen_id`, `id_expediente_id`, `id_orden_trabajo_id`, `id_factura_id`, `id_movimiento_cancelado_id`, `cantidad`, `importe`, `existencia`, `fecha`, `activo`, `entrada`, `cuenta`, `nro_subcuenta_deudora`) VALUES (165, 45, 127, 1, 1, NULL, NULL, 1, NULL, NULL, NULL, NULL, 500, 450, 500, '2022-01-08', 0, 1, NULL, NULL);
INSERT INTO `movimiento_mercancia` (`id`, `id_mercancia_id`, `id_documento_id`, `id_tipo_documento_id`, `id_usuario_id`, `id_centro_costo_id`, `id_elemento_gasto_id`, `id_almacen_id`, `id_expediente_id`, `id_orden_trabajo_id`, `id_factura_id`, `id_movimiento_cancelado_id`, `cantidad`, `importe`, `existencia`, `fecha`, `activo`, `entrada`, `cuenta`, `nro_subcuenta_deudora`) VALUES (166, 42, 128, 1, 1, NULL, NULL, 1, NULL, NULL, NULL, 164, 100, 120, 900, '2022-01-08', 0, 1, NULL, NULL);
INSERT INTO `movimiento_mercancia` (`id`, `id_mercancia_id`, `id_documento_id`, `id_tipo_documento_id`, `id_usuario_id`, `id_centro_costo_id`, `id_elemento_gasto_id`, `id_almacen_id`, `id_expediente_id`, `id_orden_trabajo_id`, `id_factura_id`, `id_movimiento_cancelado_id`, `cantidad`, `importe`, `existencia`, `fecha`, `activo`, `entrada`, `cuenta`, `nro_subcuenta_deudora`) VALUES (167, 45, 128, 1, 1, NULL, NULL, 1, NULL, NULL, NULL, 165, 500, 450, 500, '2022-01-08', 0, 1, NULL, NULL);
INSERT INTO `movimiento_mercancia` (`id`, `id_mercancia_id`, `id_documento_id`, `id_tipo_documento_id`, `id_usuario_id`, `id_centro_costo_id`, `id_elemento_gasto_id`, `id_almacen_id`, `id_expediente_id`, `id_orden_trabajo_id`, `id_factura_id`, `id_movimiento_cancelado_id`, `cantidad`, `importe`, `existencia`, `fecha`, `activo`, `entrada`, `cuenta`, `nro_subcuenta_deudora`) VALUES (168, 42, 129, 3, 1, NULL, NULL, 1, NULL, NULL, NULL, NULL, 10, 165, 810, '2022-01-08', 1, 1, NULL, NULL);
INSERT INTO `movimiento_mercancia` (`id`, `id_mercancia_id`, `id_documento_id`, `id_tipo_documento_id`, `id_usuario_id`, `id_centro_costo_id`, `id_elemento_gasto_id`, `id_almacen_id`, `id_expediente_id`, `id_orden_trabajo_id`, `id_factura_id`, `id_movimiento_cancelado_id`, `cantidad`, `importe`, `existencia`, `fecha`, `activo`, `entrada`, `cuenta`, `nro_subcuenta_deudora`) VALUES (169, 42, 130, 7, 1, 25, 1, 1, NULL, NULL, NULL, NULL, 10, 165, 800, '2022-01-08', 1, 0, NULL, NULL);
INSERT INTO `movimiento_mercancia` (`id`, `id_mercancia_id`, `id_documento_id`, `id_tipo_documento_id`, `id_usuario_id`, `id_centro_costo_id`, `id_elemento_gasto_id`, `id_almacen_id`, `id_expediente_id`, `id_orden_trabajo_id`, `id_factura_id`, `id_movimiento_cancelado_id`, `cantidad`, `importe`, `existencia`, `fecha`, `activo`, `entrada`, `cuenta`, `nro_subcuenta_deudora`) VALUES (170, 42, 131, 6, 1, NULL, NULL, 1, NULL, NULL, NULL, NULL, 10, 165, 790, '2022-01-08', 1, 0, NULL, NULL);
INSERT INTO `movimiento_mercancia` (`id`, `id_mercancia_id`, `id_documento_id`, `id_tipo_documento_id`, `id_usuario_id`, `id_centro_costo_id`, `id_elemento_gasto_id`, `id_almacen_id`, `id_expediente_id`, `id_orden_trabajo_id`, `id_factura_id`, `id_movimiento_cancelado_id`, `cantidad`, `importe`, `existencia`, `fecha`, `activo`, `entrada`, `cuenta`, `nro_subcuenta_deudora`) VALUES (171, 46, 132, 12, 1, 25, NULL, 2, NULL, NULL, NULL, NULL, 250, 25000, 250, '2022-01-08', 1, 1, NULL, NULL);
INSERT INTO `movimiento_mercancia` (`id`, `id_mercancia_id`, `id_documento_id`, `id_tipo_documento_id`, `id_usuario_id`, `id_centro_costo_id`, `id_elemento_gasto_id`, `id_almacen_id`, `id_expediente_id`, `id_orden_trabajo_id`, `id_factura_id`, `id_movimiento_cancelado_id`, `cantidad`, `importe`, `existencia`, `fecha`, `activo`, `entrada`, `cuenta`, `nro_subcuenta_deudora`) VALUES (172, 47, 132, 12, 1, 25, NULL, 2, NULL, NULL, NULL, NULL, 300, 30000, 300, '2022-01-08', 1, 1, NULL, NULL);
INSERT INTO `movimiento_mercancia` (`id`, `id_mercancia_id`, `id_documento_id`, `id_tipo_documento_id`, `id_usuario_id`, `id_centro_costo_id`, `id_elemento_gasto_id`, `id_almacen_id`, `id_expediente_id`, `id_orden_trabajo_id`, `id_factura_id`, `id_movimiento_cancelado_id`, `cantidad`, `importe`, `existencia`, `fecha`, `activo`, `entrada`, `cuenta`, `nro_subcuenta_deudora`) VALUES (173, 48, 132, 12, 1, 25, NULL, 2, NULL, NULL, NULL, NULL, 500, 45000, 500, '2022-01-08', 1, 1, NULL, NULL);
INSERT INTO `movimiento_mercancia` (`id`, `id_mercancia_id`, `id_documento_id`, `id_tipo_documento_id`, `id_usuario_id`, `id_centro_costo_id`, `id_elemento_gasto_id`, `id_almacen_id`, `id_expediente_id`, `id_orden_trabajo_id`, `id_factura_id`, `id_movimiento_cancelado_id`, `cantidad`, `importe`, `existencia`, `fecha`, `activo`, `entrada`, `cuenta`, `nro_subcuenta_deudora`) VALUES (174, 46, 133, 1, 1, NULL, NULL, 2, NULL, NULL, NULL, NULL, 500, 30000, 750, '2022-01-08', 1, 1, NULL, NULL);
INSERT INTO `movimiento_mercancia` (`id`, `id_mercancia_id`, `id_documento_id`, `id_tipo_documento_id`, `id_usuario_id`, `id_centro_costo_id`, `id_elemento_gasto_id`, `id_almacen_id`, `id_expediente_id`, `id_orden_trabajo_id`, `id_factura_id`, `id_movimiento_cancelado_id`, `cantidad`, `importe`, `existencia`, `fecha`, `activo`, `entrada`, `cuenta`, `nro_subcuenta_deudora`) VALUES (175, 49, 133, 1, 1, NULL, NULL, 2, NULL, NULL, NULL, NULL, 150, 25000, 150, '2022-01-08', 1, 1, NULL, NULL);
INSERT INTO `movimiento_mercancia` (`id`, `id_mercancia_id`, `id_documento_id`, `id_tipo_documento_id`, `id_usuario_id`, `id_centro_costo_id`, `id_elemento_gasto_id`, `id_almacen_id`, `id_expediente_id`, `id_orden_trabajo_id`, `id_factura_id`, `id_movimiento_cancelado_id`, `cantidad`, `importe`, `existencia`, `fecha`, `activo`, `entrada`, `cuenta`, `nro_subcuenta_deudora`) VALUES (176, 46, 134, 7, 1, 24, 3, 2, NULL, 3, NULL, NULL, 500, 36666.67, 250, '2022-01-08', 1, 0, NULL, NULL);
INSERT INTO `movimiento_mercancia` (`id`, `id_mercancia_id`, `id_documento_id`, `id_tipo_documento_id`, `id_usuario_id`, `id_centro_costo_id`, `id_elemento_gasto_id`, `id_almacen_id`, `id_expediente_id`, `id_orden_trabajo_id`, `id_factura_id`, `id_movimiento_cancelado_id`, `cantidad`, `importe`, `existencia`, `fecha`, `activo`, `entrada`, `cuenta`, `nro_subcuenta_deudora`) VALUES (177, 49, 134, 7, 1, 24, 3, 2, NULL, 3, NULL, NULL, 100, 16666.67, 50, '2022-01-08', 1, 0, NULL, NULL);
INSERT INTO `movimiento_mercancia` (`id`, `id_mercancia_id`, `id_documento_id`, `id_tipo_documento_id`, `id_usuario_id`, `id_centro_costo_id`, `id_elemento_gasto_id`, `id_almacen_id`, `id_expediente_id`, `id_orden_trabajo_id`, `id_factura_id`, `id_movimiento_cancelado_id`, `cantidad`, `importe`, `existencia`, `fecha`, `activo`, `entrada`, `cuenta`, `nro_subcuenta_deudora`) VALUES (178, 48, 134, 7, 1, 24, 3, 2, NULL, 3, NULL, NULL, 50, 4500, 450, '2022-01-08', 1, 0, NULL, NULL);
INSERT INTO `movimiento_mercancia` (`id`, `id_mercancia_id`, `id_documento_id`, `id_tipo_documento_id`, `id_usuario_id`, `id_centro_costo_id`, `id_elemento_gasto_id`, `id_almacen_id`, `id_expediente_id`, `id_orden_trabajo_id`, `id_factura_id`, `id_movimiento_cancelado_id`, `cantidad`, `importe`, `existencia`, `fecha`, `activo`, `entrada`, `cuenta`, `nro_subcuenta_deudora`) VALUES (179, 50, 135, 13, 1, 24, NULL, 3, NULL, NULL, NULL, NULL, 100, 10000, 100, '2022-01-08', 1, 1, NULL, NULL);
INSERT INTO `movimiento_mercancia` (`id`, `id_mercancia_id`, `id_documento_id`, `id_tipo_documento_id`, `id_usuario_id`, `id_centro_costo_id`, `id_elemento_gasto_id`, `id_almacen_id`, `id_expediente_id`, `id_orden_trabajo_id`, `id_factura_id`, `id_movimiento_cancelado_id`, `cantidad`, `importe`, `existencia`, `fecha`, `activo`, `entrada`, `cuenta`, `nro_subcuenta_deudora`) VALUES (180, 51, 135, 13, 1, 23, NULL, 3, NULL, NULL, NULL, NULL, 50, 5000, 50, '2022-01-08', 1, 1, NULL, NULL);
INSERT INTO `movimiento_mercancia` (`id`, `id_mercancia_id`, `id_documento_id`, `id_tipo_documento_id`, `id_usuario_id`, `id_centro_costo_id`, `id_elemento_gasto_id`, `id_almacen_id`, `id_expediente_id`, `id_orden_trabajo_id`, `id_factura_id`, `id_movimiento_cancelado_id`, `cantidad`, `importe`, `existencia`, `fecha`, `activo`, `entrada`, `cuenta`, `nro_subcuenta_deudora`) VALUES (181, 52, 136, 2, 1, 24, NULL, 3, NULL, 3, NULL, NULL, 50, 57833.34, 50, '2022-01-08', 1, 1, NULL, NULL);
INSERT INTO `movimiento_mercancia` (`id`, `id_mercancia_id`, `id_documento_id`, `id_tipo_documento_id`, `id_usuario_id`, `id_centro_costo_id`, `id_elemento_gasto_id`, `id_almacen_id`, `id_expediente_id`, `id_orden_trabajo_id`, `id_factura_id`, `id_movimiento_cancelado_id`, `cantidad`, `importe`, `existencia`, `fecha`, `activo`, `entrada`, `cuenta`, `nro_subcuenta_deudora`) VALUES (182, 46, 137, 10, 1, NULL, NULL, 2, NULL, NULL, 61, NULL, 10, 733.3332, 240, '2022-01-09', 1, 0, '815', '0030');
INSERT INTO `movimiento_mercancia` (`id`, `id_mercancia_id`, `id_documento_id`, `id_tipo_documento_id`, `id_usuario_id`, `id_centro_costo_id`, `id_elemento_gasto_id`, `id_almacen_id`, `id_expediente_id`, `id_orden_trabajo_id`, `id_factura_id`, `id_movimiento_cancelado_id`, `cantidad`, `importe`, `existencia`, `fecha`, `activo`, `entrada`, `cuenta`, `nro_subcuenta_deudora`) VALUES (183, 49, 137, 10, 1, NULL, NULL, 2, NULL, NULL, 61, NULL, 10, 1666.666, 40, '2022-01-09', 1, 0, '815', '0030');
INSERT INTO `movimiento_mercancia` (`id`, `id_mercancia_id`, `id_documento_id`, `id_tipo_documento_id`, `id_usuario_id`, `id_centro_costo_id`, `id_elemento_gasto_id`, `id_almacen_id`, `id_expediente_id`, `id_orden_trabajo_id`, `id_factura_id`, `id_movimiento_cancelado_id`, `cantidad`, `importe`, `existencia`, `fecha`, `activo`, `entrada`, `cuenta`, `nro_subcuenta_deudora`) VALUES (184, 50, 138, 10, 1, NULL, NULL, 3, NULL, NULL, 61, NULL, 2, 200, 98, '2022-01-09', 1, 0, '810', '0170');
INSERT INTO `movimiento_mercancia` (`id`, `id_mercancia_id`, `id_documento_id`, `id_tipo_documento_id`, `id_usuario_id`, `id_centro_costo_id`, `id_elemento_gasto_id`, `id_almacen_id`, `id_expediente_id`, `id_orden_trabajo_id`, `id_factura_id`, `id_movimiento_cancelado_id`, `cantidad`, `importe`, `existencia`, `fecha`, `activo`, `entrada`, `cuenta`, `nro_subcuenta_deudora`) VALUES (185, 46, 139, 10, 1, NULL, NULL, 2, NULL, NULL, 62, NULL, 2, 146.66664, 238, '2022-01-09', 1, 0, '815', '0030');
INSERT INTO `movimiento_mercancia` (`id`, `id_mercancia_id`, `id_documento_id`, `id_tipo_documento_id`, `id_usuario_id`, `id_centro_costo_id`, `id_elemento_gasto_id`, `id_almacen_id`, `id_expediente_id`, `id_orden_trabajo_id`, `id_factura_id`, `id_movimiento_cancelado_id`, `cantidad`, `importe`, `existencia`, `fecha`, `activo`, `entrada`, `cuenta`, `nro_subcuenta_deudora`) VALUES (186, 50, 140, 10, 1, NULL, NULL, 3, NULL, NULL, 62, NULL, 12, 1200, 86, '2022-01-09', 1, 0, '810', '0170');
INSERT INTO `movimiento_servicio` (`id`, `id_factura_id`, `servicio_id`, `cantidad`, `precio`, `impuesto`, `activo`, `cuenta`, `nro_subcuenta_deudora`, `cuenta_nominal_acreedora`, `subcuenta_nominal_acreedora`, `costo`, `anno`, `descripcion`, `descuento`) VALUES (20, 63, 1, 2, 8, 2.88, 1, '816', '0010', '903', '0010', 1000, 2022, '', 0);
INSERT INTO `movimiento_servicio` (`id`, `id_factura_id`, `servicio_id`, `cantidad`, `precio`, `impuesto`, `activo`, `cuenta`, `nro_subcuenta_deudora`, `cuenta_nominal_acreedora`, `subcuenta_nominal_acreedora`, `costo`, `anno`, `descripcion`, `descuento`) VALUES (21, 63, 4, 2, 7, 2.52, 1, '816', '0040', '903', '0040', 0, 2022, '', 0);
INSERT INTO `movimiento_servicio` (`id`, `id_factura_id`, `servicio_id`, `cantidad`, `precio`, `impuesto`, `activo`, `cuenta`, `nro_subcuenta_deudora`, `cuenta_nominal_acreedora`, `subcuenta_nominal_acreedora`, `costo`, `anno`, `descripcion`, `descuento`) VALUES (22, 64, 1, 1, 8, 1.44, 1, '816', '0010', '903', '0010', 500, 2022, '', 0);
INSERT INTO `movimiento_servicio` (`id`, `id_factura_id`, `servicio_id`, `cantidad`, `precio`, `impuesto`, `activo`, `cuenta`, `nro_subcuenta_deudora`, `cuenta_nominal_acreedora`, `subcuenta_nominal_acreedora`, `costo`, `anno`, `descripcion`, `descuento`) VALUES (23, 65, 1, 2, 8, 2.88, 1, '816', '0010', '903', '0010', 1000, 2022, '', 0);
INSERT INTO `movimiento_servicio` (`id`, `id_factura_id`, `servicio_id`, `cantidad`, `precio`, `impuesto`, `activo`, `cuenta`, `nro_subcuenta_deudora`, `cuenta_nominal_acreedora`, `subcuenta_nominal_acreedora`, `costo`, `anno`, `descripcion`, `descuento`) VALUES (24, 65, 5, 1, 23, 4.14, 1, '816', '0050', '903', '0050', 2, 2022, '', 0);
INSERT INTO `movimiento_servicio` (`id`, `id_factura_id`, `servicio_id`, `cantidad`, `precio`, `impuesto`, `activo`, `cuenta`, `nro_subcuenta_deudora`, `cuenta_nominal_acreedora`, `subcuenta_nominal_acreedora`, `costo`, `anno`, `descripcion`, `descuento`) VALUES (25, 66, 1, 1, 8, 1.44, 1, '816', '0010', '903', '0010', 500, 2022, '', 0);
INSERT INTO `movimiento_servicio` (`id`, `id_factura_id`, `servicio_id`, `cantidad`, `precio`, `impuesto`, `activo`, `cuenta`, `nro_subcuenta_deudora`, `cuenta_nominal_acreedora`, `subcuenta_nominal_acreedora`, `costo`, `anno`, `descripcion`, `descuento`) VALUES (26, 67, 1, 1, 8, 1.44, 1, '816', '0010', '903', '0010', 500, 2022, '', 0);
INSERT INTO `movimiento_servicio` (`id`, `id_factura_id`, `servicio_id`, `cantidad`, `precio`, `impuesto`, `activo`, `cuenta`, `nro_subcuenta_deudora`, `cuenta_nominal_acreedora`, `subcuenta_nominal_acreedora`, `costo`, `anno`, `descripcion`, `descuento`) VALUES (27, 68, 1, 1, 8, 1.44, 1, '816', '0010', '903', '0010', 500, 2022, '', 0);
INSERT INTO `movimiento_servicio` (`id`, `id_factura_id`, `servicio_id`, `cantidad`, `precio`, `impuesto`, `activo`, `cuenta`, `nro_subcuenta_deudora`, `cuenta_nominal_acreedora`, `subcuenta_nominal_acreedora`, `costo`, `anno`, `descripcion`, `descuento`) VALUES (28, 69, 1, 1, 8, 1.44, 1, '816', '0010', '903', '0010', 500, 2022, '', 0);
INSERT INTO `movimiento_servicio` (`id`, `id_factura_id`, `servicio_id`, `cantidad`, `precio`, `impuesto`, `activo`, `cuenta`, `nro_subcuenta_deudora`, `cuenta_nominal_acreedora`, `subcuenta_nominal_acreedora`, `costo`, `anno`, `descripcion`, `descuento`) VALUES (29, 69, 5, 1, 20, 0, 1, '816', '0050', '903', '0050', 10, 2022, '', 0);
INSERT INTO `movimiento_venta` (`id`, `id_factura_id`, `id_almacen_id`, `id_centro_costo_acreedor_id`, `id_orden_trabajo_acreedor_id`, `id_elemento_gasto_acreedor_id`, `id_expediente_acreedor_id`, `mercancia`, `codigo`, `cantidad`, `precio`, `descuento_recarga`, `existencia`, `activo`, `cuenta`, `nro_subcuenta_deudora`, `costo`, `anno`, `cuenta_nominal_acreedora`, `subcuenta_nominal_acreedora`, `descripcion`, `id_mercancia`, `impuesto`) VALUES (112, 61, 2, NULL, NULL, NULL, NULL, 1, '1015', 10, 80, 14.4, 240, 1, '815', '0030', 73.33332, 2022, '901', '0030', 'dddddddd', 46, NULL);
INSERT INTO `movimiento_venta` (`id`, `id_factura_id`, `id_almacen_id`, `id_centro_costo_acreedor_id`, `id_orden_trabajo_acreedor_id`, `id_elemento_gasto_acreedor_id`, `id_expediente_acreedor_id`, `mercancia`, `codigo`, `cantidad`, `precio`, `descuento_recarga`, `existencia`, `activo`, `cuenta`, `nro_subcuenta_deudora`, `costo`, `anno`, `cuenta_nominal_acreedora`, `subcuenta_nominal_acreedora`, `descripcion`, `id_mercancia`, `impuesto`) VALUES (113, 61, 2, NULL, NULL, NULL, NULL, 1, '1008', 10, 200, 0, 40, 1, '815', '0030', 166.6666, 2022, '901', '0030', 'kkkkk', 49, NULL);
INSERT INTO `movimiento_venta` (`id`, `id_factura_id`, `id_almacen_id`, `id_centro_costo_acreedor_id`, `id_orden_trabajo_acreedor_id`, `id_elemento_gasto_acreedor_id`, `id_expediente_acreedor_id`, `mercancia`, `codigo`, `cantidad`, `precio`, `descuento_recarga`, `existencia`, `activo`, `cuenta`, `nro_subcuenta_deudora`, `costo`, `anno`, `cuenta_nominal_acreedora`, `subcuenta_nominal_acreedora`, `descripcion`, `id_mercancia`, `impuesto`) VALUES (114, 61, 3, NULL, NULL, NULL, NULL, 0, 'AP-01', 2, 200, 0, 98, 1, '810', '0170', 100, 2022, '900', '0170', 'fgfgf', 50, NULL);
INSERT INTO `movimiento_venta` (`id`, `id_factura_id`, `id_almacen_id`, `id_centro_costo_acreedor_id`, `id_orden_trabajo_acreedor_id`, `id_elemento_gasto_acreedor_id`, `id_expediente_acreedor_id`, `mercancia`, `codigo`, `cantidad`, `precio`, `descuento_recarga`, `existencia`, `activo`, `cuenta`, `nro_subcuenta_deudora`, `costo`, `anno`, `cuenta_nominal_acreedora`, `subcuenta_nominal_acreedora`, `descripcion`, `id_mercancia`, `impuesto`) VALUES (115, 62, 2, NULL, NULL, NULL, NULL, 1, '1015', 2, 80, 14.4, 238, 1, '815', '0030', 73.33332, 2022, '901', '0030', 'sss', 46, NULL);
INSERT INTO `movimiento_venta` (`id`, `id_factura_id`, `id_almacen_id`, `id_centro_costo_acreedor_id`, `id_orden_trabajo_acreedor_id`, `id_elemento_gasto_acreedor_id`, `id_expediente_acreedor_id`, `mercancia`, `codigo`, `cantidad`, `precio`, `descuento_recarga`, `existencia`, `activo`, `cuenta`, `nro_subcuenta_deudora`, `costo`, `anno`, `cuenta_nominal_acreedora`, `subcuenta_nominal_acreedora`, `descripcion`, `id_mercancia`, `impuesto`) VALUES (116, 62, 3, NULL, NULL, NULL, NULL, 0, 'AP-01', 12, 200, 0, 86, 1, '810', '0170', 100, 2022, '900', '0170', 'ddd', 50, NULL);
INSERT INTO `municipios` (`id`, `provincia_id`, `code`, `nombre`, `activo`) VALUES (1, 1, 'Habana', 'Playa', 1);
INSERT INTO `municipios` (`id`, `provincia_id`, `code`, `nombre`, `activo`) VALUES (2, 1, 'Habana', 'Marianao', 1);
INSERT INTO `municipios` (`id`, `provincia_id`, `code`, `nombre`, `activo`) VALUES (3, 1, 'Habana', 'La Lisa', 1);
INSERT INTO `municipios` (`id`, `provincia_id`, `code`, `nombre`, `activo`) VALUES (4, 2, 'Pinar del Rio', 'Consolación del Sur', 1);
INSERT INTO `municipios` (`id`, `provincia_id`, `code`, `nombre`, `activo`) VALUES (5, 2, 'Pinar del Rio', 'Guane', 1);
INSERT INTO `municipios` (`id`, `provincia_id`, `code`, `nombre`, `activo`) VALUES (6, 2, 'Pinar del Rio', 'La Palma', 1);
INSERT INTO `municipios` (`id`, `provincia_id`, `code`, `nombre`, `activo`) VALUES (7, 2, 'Pinar del Rio', 'Los Palacios', 1);
INSERT INTO `municipios` (`id`, `provincia_id`, `code`, `nombre`, `activo`) VALUES (8, 2, 'Pinar del Rio', 'Mantua', 1);
INSERT INTO `municipios` (`id`, `provincia_id`, `code`, `nombre`, `activo`) VALUES (9, 2, 'Pinar del Rio', 'Minas de Matahambre', 1);
INSERT INTO `municipios` (`id`, `provincia_id`, `code`, `nombre`, `activo`) VALUES (10, 2, 'Pinar del Rio', 'Pinar del Río', 1);
INSERT INTO `municipios` (`id`, `provincia_id`, `code`, `nombre`, `activo`) VALUES (11, 2, 'Pinar del Rio', 'San Juan y Martínez', 1);
INSERT INTO `municipios` (`id`, `provincia_id`, `code`, `nombre`, `activo`) VALUES (12, 2, 'Pinar del Rio', 'San Luis', 1);
INSERT INTO `municipios` (`id`, `provincia_id`, `code`, `nombre`, `activo`) VALUES (13, 2, 'Pinar del Rio', 'Sandino', 1);
INSERT INTO `municipios` (`id`, `provincia_id`, `code`, `nombre`, `activo`) VALUES (14, 2, 'Pinar del Rio', 'Viñales', 1);
INSERT INTO `municipios` (`id`, `provincia_id`, `code`, `nombre`, `activo`) VALUES (15, 6, 'Artemisa', 'Alquízar', 1);
INSERT INTO `municipios` (`id`, `provincia_id`, `code`, `nombre`, `activo`) VALUES (16, 6, 'Artemisa', 'Artemisa', 1);
INSERT INTO `municipios` (`id`, `provincia_id`, `code`, `nombre`, `activo`) VALUES (17, 6, 'Artemisa', 'Bahía Honda', 1);
INSERT INTO `municipios` (`id`, `provincia_id`, `code`, `nombre`, `activo`) VALUES (18, 6, 'Artemisa', 'Bauta', 1);
INSERT INTO `municipios` (`id`, `provincia_id`, `code`, `nombre`, `activo`) VALUES (19, 6, 'Artemisa', 'Caimito', 1);
INSERT INTO `municipios` (`id`, `provincia_id`, `code`, `nombre`, `activo`) VALUES (20, 6, 'Artemisa', 'Candelaria', 1);
INSERT INTO `municipios` (`id`, `provincia_id`, `code`, `nombre`, `activo`) VALUES (21, 6, 'Artemisa', 'Guanajay', 1);
INSERT INTO `municipios` (`id`, `provincia_id`, `code`, `nombre`, `activo`) VALUES (22, 6, 'Artemisa', 'Güira de Melena', 1);
INSERT INTO `municipios` (`id`, `provincia_id`, `code`, `nombre`, `activo`) VALUES (23, 6, 'Artemisa', 'Mariel', 1);
INSERT INTO `municipios` (`id`, `provincia_id`, `code`, `nombre`, `activo`) VALUES (24, 6, 'Artemisa', 'San Antonio de los Baños', 1);
INSERT INTO `municipios` (`id`, `provincia_id`, `code`, `nombre`, `activo`) VALUES (25, 6, 'Artemisa', 'San Cristóbal', 1);
INSERT INTO `municipios` (`id`, `provincia_id`, `code`, `nombre`, `activo`) VALUES (26, 7, 'La Habana', 'Arroyo Naranjo', 1);
INSERT INTO `municipios` (`id`, `provincia_id`, `code`, `nombre`, `activo`) VALUES (27, 7, 'La Habana', 'Boyeros', 1);
INSERT INTO `municipios` (`id`, `provincia_id`, `code`, `nombre`, `activo`) VALUES (28, 7, 'La Habana', 'Centro Habana', 1);
INSERT INTO `municipios` (`id`, `provincia_id`, `code`, `nombre`, `activo`) VALUES (29, 7, 'La Habana', 'Cerro', 1);
INSERT INTO `municipios` (`id`, `provincia_id`, `code`, `nombre`, `activo`) VALUES (30, 7, 'La Habana', 'Cotorro', 1);
INSERT INTO `municipios` (`id`, `provincia_id`, `code`, `nombre`, `activo`) VALUES (31, 7, 'La Habana', 'Diez de Octubre', 1);
INSERT INTO `municipios` (`id`, `provincia_id`, `code`, `nombre`, `activo`) VALUES (32, 7, 'La Habana', 'Guanabacoa', 1);
INSERT INTO `municipios` (`id`, `provincia_id`, `code`, `nombre`, `activo`) VALUES (33, 7, 'La Habana', 'La Habana del Este', 1);
INSERT INTO `municipios` (`id`, `provincia_id`, `code`, `nombre`, `activo`) VALUES (34, 7, 'La Habana', 'La Habana Vieja', 1);
INSERT INTO `municipios` (`id`, `provincia_id`, `code`, `nombre`, `activo`) VALUES (35, 7, 'La Habana', 'La Lisa', 1);
INSERT INTO `municipios` (`id`, `provincia_id`, `code`, `nombre`, `activo`) VALUES (36, 7, 'La Habana', 'Marianao', 1);
INSERT INTO `municipios` (`id`, `provincia_id`, `code`, `nombre`, `activo`) VALUES (37, 7, 'La Habana', 'Playa', 1);
INSERT INTO `municipios` (`id`, `provincia_id`, `code`, `nombre`, `activo`) VALUES (38, 7, 'La Habana', 'Plaza de la Revolución', 1);
INSERT INTO `municipios` (`id`, `provincia_id`, `code`, `nombre`, `activo`) VALUES (39, 7, 'La Habana', 'Regla', 1);
INSERT INTO `municipios` (`id`, `provincia_id`, `code`, `nombre`, `activo`) VALUES (40, 7, 'La Habana', 'San Miguel del Padrón', 1);
INSERT INTO `municipios` (`id`, `provincia_id`, `code`, `nombre`, `activo`) VALUES (41, 8, 'Mayabeque', 'Batabanó', 1);
INSERT INTO `municipios` (`id`, `provincia_id`, `code`, `nombre`, `activo`) VALUES (42, 8, 'Mayabeque', 'Bejucal', 1);
INSERT INTO `municipios` (`id`, `provincia_id`, `code`, `nombre`, `activo`) VALUES (43, 8, 'Mayabeque', 'Güines', 1);
INSERT INTO `municipios` (`id`, `provincia_id`, `code`, `nombre`, `activo`) VALUES (44, 8, 'Mayabeque', 'Jaruco', 1);
INSERT INTO `municipios` (`id`, `provincia_id`, `code`, `nombre`, `activo`) VALUES (45, 8, 'Mayabeque', 'Madruga', 1);
INSERT INTO `municipios` (`id`, `provincia_id`, `code`, `nombre`, `activo`) VALUES (46, 8, 'Mayabeque', 'Melena del Sur', 1);
INSERT INTO `municipios` (`id`, `provincia_id`, `code`, `nombre`, `activo`) VALUES (47, 8, 'Mayabeque', 'Nueva Paz', 1);
INSERT INTO `municipios` (`id`, `provincia_id`, `code`, `nombre`, `activo`) VALUES (48, 8, 'Mayabeque', 'Quivicán', 1);
INSERT INTO `municipios` (`id`, `provincia_id`, `code`, `nombre`, `activo`) VALUES (49, 8, 'Mayabeque', 'San José de las Lajas', 1);
INSERT INTO `municipios` (`id`, `provincia_id`, `code`, `nombre`, `activo`) VALUES (50, 8, 'Mayabeque', 'San Nicolás', 1);
INSERT INTO `municipios` (`id`, `provincia_id`, `code`, `nombre`, `activo`) VALUES (51, 8, 'Mayabeque', 'Santa Cruz del Norte', 1);
INSERT INTO `municipios` (`id`, `provincia_id`, `code`, `nombre`, `activo`) VALUES (52, 3, 'Matanzas', 'Calimete', 1);
INSERT INTO `municipios` (`id`, `provincia_id`, `code`, `nombre`, `activo`) VALUES (53, 3, 'Matanzas', 'Cárdenas', 1);
INSERT INTO `municipios` (`id`, `provincia_id`, `code`, `nombre`, `activo`) VALUES (54, 3, 'Matanzas', 'Varadero', 1);
INSERT INTO `municipios` (`id`, `provincia_id`, `code`, `nombre`, `activo`) VALUES (55, 3, 'Matanzas', 'Ciénaga de Zapata', 1);
INSERT INTO `municipios` (`id`, `provincia_id`, `code`, `nombre`, `activo`) VALUES (56, 3, 'Matanzas', 'Colón', 1);
INSERT INTO `municipios` (`id`, `provincia_id`, `code`, `nombre`, `activo`) VALUES (57, 3, 'Matanzas', 'Jagüey Grande', 1);
INSERT INTO `municipios` (`id`, `provincia_id`, `code`, `nombre`, `activo`) VALUES (58, 3, 'Matanzas', 'Jovellanos', 1);
INSERT INTO `municipios` (`id`, `provincia_id`, `code`, `nombre`, `activo`) VALUES (59, 3, 'Matanzas', 'Limonar', 1);
INSERT INTO `municipios` (`id`, `provincia_id`, `code`, `nombre`, `activo`) VALUES (60, 3, 'Matanzas', 'Los Arabos', 1);
INSERT INTO `municipios` (`id`, `provincia_id`, `code`, `nombre`, `activo`) VALUES (61, 3, 'Matanzas', 'Martí', 1);
INSERT INTO `municipios` (`id`, `provincia_id`, `code`, `nombre`, `activo`) VALUES (62, 3, 'Matanzas', 'Matanzas', 1);
INSERT INTO `municipios` (`id`, `provincia_id`, `code`, `nombre`, `activo`) VALUES (63, 3, 'Matanzas', 'Pedro Betancourt', 1);
INSERT INTO `municipios` (`id`, `provincia_id`, `code`, `nombre`, `activo`) VALUES (64, 3, 'Matanzas', 'Perico', 1);
INSERT INTO `municipios` (`id`, `provincia_id`, `code`, `nombre`, `activo`) VALUES (65, 3, 'Matanzas', 'Unión de Reyes', 1);
INSERT INTO `municipios` (`id`, `provincia_id`, `code`, `nombre`, `activo`) VALUES (66, 5, 'Cienfuegos', 'Abreus', 1);
INSERT INTO `municipios` (`id`, `provincia_id`, `code`, `nombre`, `activo`) VALUES (67, 5, 'Cienfuegos', 'Aguada de Pasajeros', 1);
INSERT INTO `municipios` (`id`, `provincia_id`, `code`, `nombre`, `activo`) VALUES (68, 5, 'Cienfuegos', 'Cruces', 1);
INSERT INTO `municipios` (`id`, `provincia_id`, `code`, `nombre`, `activo`) VALUES (69, 5, 'Cienfuegos', 'Cumanayagua', 1);
INSERT INTO `municipios` (`id`, `provincia_id`, `code`, `nombre`, `activo`) VALUES (70, 5, 'Cienfuegos', 'Lajas', 1);
INSERT INTO `municipios` (`id`, `provincia_id`, `code`, `nombre`, `activo`) VALUES (71, 5, 'Cienfuegos', 'Palmira', 1);
INSERT INTO `municipios` (`id`, `provincia_id`, `code`, `nombre`, `activo`) VALUES (72, 5, 'Cienfuegos', 'Rodas', 1);
INSERT INTO `municipios` (`id`, `provincia_id`, `code`, `nombre`, `activo`) VALUES (73, 5, 'Cienfuegos', 'Cienfuegos', 1);
INSERT INTO `municipios` (`id`, `provincia_id`, `code`, `nombre`, `activo`) VALUES (74, 5, 'Cienfuegos', 'Santa Isabel de las Lajas', 1);
INSERT INTO `municipios` (`id`, `provincia_id`, `code`, `nombre`, `activo`) VALUES (75, 9, 'Villa Clara', 'Caibarién', 1);
INSERT INTO `municipios` (`id`, `provincia_id`, `code`, `nombre`, `activo`) VALUES (76, 9, 'Villa Clara', 'Cayo Santa María', 1);
INSERT INTO `municipios` (`id`, `provincia_id`, `code`, `nombre`, `activo`) VALUES (77, 9, 'Villa Clara', 'Camajuaní', 1);
INSERT INTO `municipios` (`id`, `provincia_id`, `code`, `nombre`, `activo`) VALUES (78, 9, 'Villa Clara', 'Cifuentes', 1);
INSERT INTO `municipios` (`id`, `provincia_id`, `code`, `nombre`, `activo`) VALUES (79, 9, 'Villa Clara', 'Corralillo', 1);
INSERT INTO `municipios` (`id`, `provincia_id`, `code`, `nombre`, `activo`) VALUES (80, 9, 'Villa Clara', 'Encrucijada', 1);
INSERT INTO `municipios` (`id`, `provincia_id`, `code`, `nombre`, `activo`) VALUES (81, 9, 'Villa Clara', 'Manicaragua', 1);
INSERT INTO `municipios` (`id`, `provincia_id`, `code`, `nombre`, `activo`) VALUES (82, 9, 'Villa Clara', 'Placetas', 1);
INSERT INTO `municipios` (`id`, `provincia_id`, `code`, `nombre`, `activo`) VALUES (83, 9, 'Villa Clara', 'Quemado de Güines', 1);
INSERT INTO `municipios` (`id`, `provincia_id`, `code`, `nombre`, `activo`) VALUES (84, 9, 'Villa Clara', 'Ranchuelo', 1);
INSERT INTO `municipios` (`id`, `provincia_id`, `code`, `nombre`, `activo`) VALUES (85, 9, 'Villa Clara', 'Remedios', 1);
INSERT INTO `municipios` (`id`, `provincia_id`, `code`, `nombre`, `activo`) VALUES (86, 9, 'Villa Clara', 'Sagua la Grande', 1);
INSERT INTO `municipios` (`id`, `provincia_id`, `code`, `nombre`, `activo`) VALUES (87, 9, 'Villa Clara', 'Santa Clara', 1);
INSERT INTO `municipios` (`id`, `provincia_id`, `code`, `nombre`, `activo`) VALUES (88, 9, 'Villa Clara', 'Santo Domingo', 1);
INSERT INTO `municipios` (`id`, `provincia_id`, `code`, `nombre`, `activo`) VALUES (89, 10, 'Sancti Spíritus', 'Cabaiguán', 1);
INSERT INTO `municipios` (`id`, `provincia_id`, `code`, `nombre`, `activo`) VALUES (90, 10, 'Sancti Spíritus', 'Fomento', 1);
INSERT INTO `municipios` (`id`, `provincia_id`, `code`, `nombre`, `activo`) VALUES (91, 10, 'Sancti Spíritus', 'Jatibonico', 1);
INSERT INTO `municipios` (`id`, `provincia_id`, `code`, `nombre`, `activo`) VALUES (92, 10, 'Sancti Spíritus', 'La Sierpe', 1);
INSERT INTO `municipios` (`id`, `provincia_id`, `code`, `nombre`, `activo`) VALUES (93, 10, 'Sancti Spíritus', 'Sancti Spíritus', 1);
INSERT INTO `municipios` (`id`, `provincia_id`, `code`, `nombre`, `activo`) VALUES (94, 10, 'Sancti Spíritus', 'Taguasco', 1);
INSERT INTO `municipios` (`id`, `provincia_id`, `code`, `nombre`, `activo`) VALUES (95, 10, 'Sancti Spíritus', 'Trinidad', 1);
INSERT INTO `municipios` (`id`, `provincia_id`, `code`, `nombre`, `activo`) VALUES (96, 10, 'Sancti Spíritus', 'Yaguajay', 1);
INSERT INTO `municipios` (`id`, `provincia_id`, `code`, `nombre`, `activo`) VALUES (97, 11, 'Ciego de Ávila', 'Baraguá', 1);
INSERT INTO `municipios` (`id`, `provincia_id`, `code`, `nombre`, `activo`) VALUES (98, 11, 'Ciego de Ávila', 'Bolivia', 1);
INSERT INTO `municipios` (`id`, `provincia_id`, `code`, `nombre`, `activo`) VALUES (99, 11, 'Ciego de Ávila', 'Chambas', 1);
INSERT INTO `municipios` (`id`, `provincia_id`, `code`, `nombre`, `activo`) VALUES (100, 11, 'Ciego de Ávila', 'Ciego de Ávila', 1);
INSERT INTO `municipios` (`id`, `provincia_id`, `code`, `nombre`, `activo`) VALUES (101, 11, 'Ciego de Ávila', 'Ciro Redondo', 1);
INSERT INTO `municipios` (`id`, `provincia_id`, `code`, `nombre`, `activo`) VALUES (102, 11, 'Ciego de Ávila', 'Majagua', 1);
INSERT INTO `municipios` (`id`, `provincia_id`, `code`, `nombre`, `activo`) VALUES (103, 11, 'Ciego de Ávila', 'Florencia', 1);
INSERT INTO `municipios` (`id`, `provincia_id`, `code`, `nombre`, `activo`) VALUES (104, 11, 'Ciego de Ávila', 'Morón', 1);
INSERT INTO `municipios` (`id`, `provincia_id`, `code`, `nombre`, `activo`) VALUES (105, 11, 'Ciego de Ávila', 'Primero de Enero', 1);
INSERT INTO `municipios` (`id`, `provincia_id`, `code`, `nombre`, `activo`) VALUES (106, 11, 'Ciego de Ávila', 'Venezuela', 1);
INSERT INTO `municipios` (`id`, `provincia_id`, `code`, `nombre`, `activo`) VALUES (107, 12, 'Camagüey', 'Camagüey', 1);
INSERT INTO `municipios` (`id`, `provincia_id`, `code`, `nombre`, `activo`) VALUES (108, 12, 'Camagüey', 'Carlos M. de Céspedes', 1);
INSERT INTO `municipios` (`id`, `provincia_id`, `code`, `nombre`, `activo`) VALUES (109, 12, 'Camagüey', 'Esmeralda', 1);
INSERT INTO `municipios` (`id`, `provincia_id`, `code`, `nombre`, `activo`) VALUES (110, 12, 'Camagüey', 'Florida', 1);
INSERT INTO `municipios` (`id`, `provincia_id`, `code`, `nombre`, `activo`) VALUES (111, 12, 'Camagüey', 'Guáimaro', 1);
INSERT INTO `municipios` (`id`, `provincia_id`, `code`, `nombre`, `activo`) VALUES (112, 12, 'Camagüey', 'Jimaguayú', 1);
INSERT INTO `municipios` (`id`, `provincia_id`, `code`, `nombre`, `activo`) VALUES (113, 12, 'Camagüey', 'Minas', 1);
INSERT INTO `municipios` (`id`, `provincia_id`, `code`, `nombre`, `activo`) VALUES (114, 12, 'Camagüey', 'Najasa', 1);
INSERT INTO `municipios` (`id`, `provincia_id`, `code`, `nombre`, `activo`) VALUES (115, 12, 'Camagüey', 'Nuevitas', 1);
INSERT INTO `municipios` (`id`, `provincia_id`, `code`, `nombre`, `activo`) VALUES (116, 12, 'Camagüey', 'Santa Cruz del Sur', 1);
INSERT INTO `municipios` (`id`, `provincia_id`, `code`, `nombre`, `activo`) VALUES (117, 12, 'Camagüey', 'Sibanicú', 1);
INSERT INTO `municipios` (`id`, `provincia_id`, `code`, `nombre`, `activo`) VALUES (118, 12, 'Camagüey', 'Sierra de Cubitas', 1);
INSERT INTO `municipios` (`id`, `provincia_id`, `code`, `nombre`, `activo`) VALUES (119, 12, 'Camagüey', 'Vertientes', 1);
INSERT INTO `municipios` (`id`, `provincia_id`, `code`, `nombre`, `activo`) VALUES (120, 13, 'Las Tunas', 'Amancio', 1);
INSERT INTO `municipios` (`id`, `provincia_id`, `code`, `nombre`, `activo`) VALUES (121, 13, 'Las Tunas', 'Colombia', 1);
INSERT INTO `municipios` (`id`, `provincia_id`, `code`, `nombre`, `activo`) VALUES (122, 13, 'Las Tunas', 'Jesús Menéndez', 1);
INSERT INTO `municipios` (`id`, `provincia_id`, `code`, `nombre`, `activo`) VALUES (123, 13, 'Las Tunas', 'Las Tunas', 1);
INSERT INTO `municipios` (`id`, `provincia_id`, `code`, `nombre`, `activo`) VALUES (124, 13, 'Las Tunas', 'Jobabo', 1);
INSERT INTO `municipios` (`id`, `provincia_id`, `code`, `nombre`, `activo`) VALUES (125, 13, 'Las Tunas', 'Majibacoa', 1);
INSERT INTO `municipios` (`id`, `provincia_id`, `code`, `nombre`, `activo`) VALUES (126, 13, 'Las Tunas', 'Manatí', 1);
INSERT INTO `municipios` (`id`, `provincia_id`, `code`, `nombre`, `activo`) VALUES (127, 13, 'Las Tunas', 'Puerto Padre', 1);
INSERT INTO `municipios` (`id`, `provincia_id`, `code`, `nombre`, `activo`) VALUES (128, 14, 'Holguín', 'Antilla', 1);
INSERT INTO `municipios` (`id`, `provincia_id`, `code`, `nombre`, `activo`) VALUES (129, 14, 'Holguín', 'Báguanos', 1);
INSERT INTO `municipios` (`id`, `provincia_id`, `code`, `nombre`, `activo`) VALUES (130, 14, 'Holguín', 'Banes', 1);
INSERT INTO `municipios` (`id`, `provincia_id`, `code`, `nombre`, `activo`) VALUES (131, 14, 'Holguín', 'Guardalavaca', 1);
INSERT INTO `municipios` (`id`, `provincia_id`, `code`, `nombre`, `activo`) VALUES (132, 14, 'Holguín', 'Cacocum', 1);
INSERT INTO `municipios` (`id`, `provincia_id`, `code`, `nombre`, `activo`) VALUES (133, 14, 'Holguín', 'Calixto García', 1);
INSERT INTO `municipios` (`id`, `provincia_id`, `code`, `nombre`, `activo`) VALUES (134, 14, 'Holguín', 'Frank País', 1);
INSERT INTO `municipios` (`id`, `provincia_id`, `code`, `nombre`, `activo`) VALUES (135, 14, 'Holguín', 'Cueto', 1);
INSERT INTO `municipios` (`id`, `provincia_id`, `code`, `nombre`, `activo`) VALUES (136, 14, 'Holguín', 'Gibara', 1);
INSERT INTO `municipios` (`id`, `provincia_id`, `code`, `nombre`, `activo`) VALUES (137, 14, 'Holguín', 'Holguín', 1);
INSERT INTO `municipios` (`id`, `provincia_id`, `code`, `nombre`, `activo`) VALUES (138, 14, 'Holguín', 'Mayarí', 1);
INSERT INTO `municipios` (`id`, `provincia_id`, `code`, `nombre`, `activo`) VALUES (139, 14, 'Holguín', 'Rafael Freyre', 1);
INSERT INTO `municipios` (`id`, `provincia_id`, `code`, `nombre`, `activo`) VALUES (140, 14, 'Holguín', 'Moa', 1);
INSERT INTO `municipios` (`id`, `provincia_id`, `code`, `nombre`, `activo`) VALUES (141, 14, 'Holguín', 'Sagua de Tánamo', 1);
INSERT INTO `municipios` (`id`, `provincia_id`, `code`, `nombre`, `activo`) VALUES (142, 14, 'Holguín', 'Urbano Noris', 1);
INSERT INTO `municipios` (`id`, `provincia_id`, `code`, `nombre`, `activo`) VALUES (143, 15, 'Granma', 'Bartolomé Masó', 1);
INSERT INTO `municipios` (`id`, `provincia_id`, `code`, `nombre`, `activo`) VALUES (144, 15, 'Granma', 'Bayamo', 1);
INSERT INTO `municipios` (`id`, `provincia_id`, `code`, `nombre`, `activo`) VALUES (145, 15, 'Granma', 'Buey Arriba', 1);
INSERT INTO `municipios` (`id`, `provincia_id`, `code`, `nombre`, `activo`) VALUES (146, 15, 'Granma', 'Campechuela', 1);
INSERT INTO `municipios` (`id`, `provincia_id`, `code`, `nombre`, `activo`) VALUES (147, 15, 'Granma', 'Cauto Cristo', 1);
INSERT INTO `municipios` (`id`, `provincia_id`, `code`, `nombre`, `activo`) VALUES (148, 15, 'Granma', 'Guisa', 1);
INSERT INTO `municipios` (`id`, `provincia_id`, `code`, `nombre`, `activo`) VALUES (149, 15, 'Granma', 'Jiguaní', 1);
INSERT INTO `municipios` (`id`, `provincia_id`, `code`, `nombre`, `activo`) VALUES (150, 15, 'Granma', 'Manzanillo', 1);
INSERT INTO `municipios` (`id`, `provincia_id`, `code`, `nombre`, `activo`) VALUES (151, 15, 'Granma', 'Media Luna', 1);
INSERT INTO `municipios` (`id`, `provincia_id`, `code`, `nombre`, `activo`) VALUES (152, 15, 'Granma', 'Niquero', 1);
INSERT INTO `municipios` (`id`, `provincia_id`, `code`, `nombre`, `activo`) VALUES (153, 15, 'Granma', 'Pilón', 1);
INSERT INTO `municipios` (`id`, `provincia_id`, `code`, `nombre`, `activo`) VALUES (154, 15, 'Granma', 'Río Cauto', 1);
INSERT INTO `municipios` (`id`, `provincia_id`, `code`, `nombre`, `activo`) VALUES (155, 15, 'Granma', 'Yara', 1);
INSERT INTO `municipios` (`id`, `provincia_id`, `code`, `nombre`, `activo`) VALUES (156, 4, 'Santiago de Cuba', 'Contramaestre', 1);
INSERT INTO `municipios` (`id`, `provincia_id`, `code`, `nombre`, `activo`) VALUES (157, 4, 'Santiago de Cuba', 'Guamá', 1);
INSERT INTO `municipios` (`id`, `provincia_id`, `code`, `nombre`, `activo`) VALUES (158, 4, 'Santiago de Cuba', 'Mella', 1);
INSERT INTO `municipios` (`id`, `provincia_id`, `code`, `nombre`, `activo`) VALUES (159, 4, 'Santiago de Cuba', 'Palma Soriano', 1);
INSERT INTO `municipios` (`id`, `provincia_id`, `code`, `nombre`, `activo`) VALUES (160, 4, 'Santiago de Cuba', 'San Luis', 1);
INSERT INTO `municipios` (`id`, `provincia_id`, `code`, `nombre`, `activo`) VALUES (161, 4, 'Santiago de Cuba', 'Santiago de Cuba', 1);
INSERT INTO `municipios` (`id`, `provincia_id`, `code`, `nombre`, `activo`) VALUES (162, 4, 'Santiago de Cuba', 'Segundo Frente', 1);
INSERT INTO `municipios` (`id`, `provincia_id`, `code`, `nombre`, `activo`) VALUES (163, 4, 'Santiago de Cuba', 'Songo-La Maya', 1);
INSERT INTO `municipios` (`id`, `provincia_id`, `code`, `nombre`, `activo`) VALUES (164, 4, 'Santiago de Cuba', 'Tercer Frente', 1);
INSERT INTO `municipios` (`id`, `provincia_id`, `code`, `nombre`, `activo`) VALUES (165, 16, 'Guantánamo', 'Baracoa', 1);
INSERT INTO `municipios` (`id`, `provincia_id`, `code`, `nombre`, `activo`) VALUES (166, 16, 'Guantánamo', 'Caimanera', 1);
INSERT INTO `municipios` (`id`, `provincia_id`, `code`, `nombre`, `activo`) VALUES (167, 16, 'Guantánamo', 'El Salvador', 1);
INSERT INTO `municipios` (`id`, `provincia_id`, `code`, `nombre`, `activo`) VALUES (168, 16, 'Guantánamo', 'Guantánamo', 1);
INSERT INTO `municipios` (`id`, `provincia_id`, `code`, `nombre`, `activo`) VALUES (169, 16, 'Guantánamo', 'Imías', 1);
INSERT INTO `municipios` (`id`, `provincia_id`, `code`, `nombre`, `activo`) VALUES (170, 16, 'Guantánamo', 'Maisí', 1);
INSERT INTO `municipios` (`id`, `provincia_id`, `code`, `nombre`, `activo`) VALUES (171, 16, 'Guantánamo', 'Manuel Tames', 1);
INSERT INTO `municipios` (`id`, `provincia_id`, `code`, `nombre`, `activo`) VALUES (172, 16, 'Guantánamo', 'Niceto Pérez', 1);
INSERT INTO `municipios` (`id`, `provincia_id`, `code`, `nombre`, `activo`) VALUES (173, 16, 'Guantánamo', 'San Antonio del Sur', 1);
INSERT INTO `municipios` (`id`, `provincia_id`, `code`, `nombre`, `activo`) VALUES (174, 16, 'Guantánamo', 'Yateras', 1);
INSERT INTO `municipios` (`id`, `provincia_id`, `code`, `nombre`, `activo`) VALUES (175, 17, 'Isla de la Juventud', 'Nueva Gerona', 1);
INSERT INTO `nomina_pago` (`id`, `id_empleado_id`, `id_usuario_aprueba_id`, `id_unidad_id`, `comision`, `vacaciones`, `horas_extra`, `otros`, `total_ingresos`, `ingresos_cotizables_tss`, `isr`, `ars`, `afp`, `cooperativa`, `plan_medico_complementario`, `restaurant`, `total_deducido`, `sueldo_neto_pagar`, `afp_empleador`, `sfs_empleador`, `srl_empleador`, `infotep_empleador`, `mes`, `anno`, `fecha`, `elaborada`, `aprobada`, `quincena`, `salario_bruto`, `cant_horas_trabajadas`) VALUES (20, 1, 1, 1, 5000, 0, 1250, 0, 71250, 70000, 5368.45, 2128, 2009, 1750, 500, 800, 12555.45, 58694.55, 4970, 4963, 770, 700, 1, 2022, '2022-01-10', 1, 1, 1, 65000, 0);
INSERT INTO `nomina_pago` (`id`, `id_empleado_id`, `id_usuario_aprueba_id`, `id_unidad_id`, `comision`, `vacaciones`, `horas_extra`, `otros`, `total_ingresos`, `ingresos_cotizables_tss`, `isr`, `ars`, `afp`, `cooperativa`, `plan_medico_complementario`, `restaurant`, `total_deducido`, `sueldo_neto_pagar`, `afp_empleador`, `sfs_empleador`, `srl_empleador`, `infotep_empleador`, `mes`, `anno`, `fecha`, `elaborada`, `aprobada`, `quincena`, `salario_bruto`, `cant_horas_trabajadas`) VALUES (21, 2, 1, 1, 2400, 0, 1250, 0, 36650, 35400, 0, 1076.16, 1015.98, 885, 500, 800, 4277.14, 32372.86, 2513.4, 2509.86, 389.4, 354, 1, 2022, '2022-01-10', 1, 1, 1, 33000, 0);
INSERT INTO `nomina_pago` (`id`, `id_empleado_id`, `id_usuario_aprueba_id`, `id_unidad_id`, `comision`, `vacaciones`, `horas_extra`, `otros`, `total_ingresos`, `ingresos_cotizables_tss`, `isr`, `ars`, `afp`, `cooperativa`, `plan_medico_complementario`, `restaurant`, `total_deducido`, `sueldo_neto_pagar`, `afp_empleador`, `sfs_empleador`, `srl_empleador`, `infotep_empleador`, `mes`, `anno`, `fecha`, `elaborada`, `aprobada`, `quincena`, `salario_bruto`, `cant_horas_trabajadas`) VALUES (22, 1, 1, 1, NULL, NULL, NULL, NULL, 65000, 0, NULL, NULL, NULL, NULL, NULL, NULL, NULL, 65000, NULL, NULL, NULL, NULL, 1, 2022, '2022-01-08', 1, 1, 4, 65000, NULL);
INSERT INTO `nomina_pago` (`id`, `id_empleado_id`, `id_usuario_aprueba_id`, `id_unidad_id`, `comision`, `vacaciones`, `horas_extra`, `otros`, `total_ingresos`, `ingresos_cotizables_tss`, `isr`, `ars`, `afp`, `cooperativa`, `plan_medico_complementario`, `restaurant`, `total_deducido`, `sueldo_neto_pagar`, `afp_empleador`, `sfs_empleador`, `srl_empleador`, `infotep_empleador`, `mes`, `anno`, `fecha`, `elaborada`, `aprobada`, `quincena`, `salario_bruto`, `cant_horas_trabajadas`) VALUES (23, 2, 1, 1, NULL, NULL, NULL, NULL, 22000, 0, NULL, NULL, NULL, NULL, NULL, NULL, NULL, 22000, NULL, NULL, NULL, NULL, 1, 2022, '2022-01-08', 1, 1, 4, 22000, NULL);
INSERT INTO `nomina_pago` (`id`, `id_empleado_id`, `id_usuario_aprueba_id`, `id_unidad_id`, `comision`, `vacaciones`, `horas_extra`, `otros`, `total_ingresos`, `ingresos_cotizables_tss`, `isr`, `ars`, `afp`, `cooperativa`, `plan_medico_complementario`, `restaurant`, `total_deducido`, `sueldo_neto_pagar`, `afp_empleador`, `sfs_empleador`, `srl_empleador`, `infotep_empleador`, `mes`, `anno`, `fecha`, `elaborada`, `aprobada`, `quincena`, `salario_bruto`, `cant_horas_trabajadas`) VALUES (24, 3, 1, 1, NULL, NULL, NULL, NULL, 13333.33, 0, NULL, NULL, NULL, NULL, NULL, NULL, NULL, 13333.33, NULL, NULL, NULL, NULL, 1, 2022, '2022-01-08', 1, 1, 4, 13333.33, NULL);
INSERT INTO `nomina_pago` (`id`, `id_empleado_id`, `id_usuario_aprueba_id`, `id_unidad_id`, `comision`, `vacaciones`, `horas_extra`, `otros`, `total_ingresos`, `ingresos_cotizables_tss`, `isr`, `ars`, `afp`, `cooperativa`, `plan_medico_complementario`, `restaurant`, `total_deducido`, `sueldo_neto_pagar`, `afp_empleador`, `sfs_empleador`, `srl_empleador`, `infotep_empleador`, `mes`, `anno`, `fecha`, `elaborada`, `aprobada`, `quincena`, `salario_bruto`, `cant_horas_trabajadas`) VALUES (25, 4, 1, 1, NULL, NULL, NULL, NULL, 60333.33, 0, NULL, NULL, NULL, NULL, NULL, NULL, NULL, 60333.33, NULL, NULL, NULL, NULL, 1, 2022, '2022-01-08', 1, 1, 4, 60333.33, NULL);
INSERT INTO `nomina_pago` (`id`, `id_empleado_id`, `id_usuario_aprueba_id`, `id_unidad_id`, `comision`, `vacaciones`, `horas_extra`, `otros`, `total_ingresos`, `ingresos_cotizables_tss`, `isr`, `ars`, `afp`, `cooperativa`, `plan_medico_complementario`, `restaurant`, `total_deducido`, `sueldo_neto_pagar`, `afp_empleador`, `sfs_empleador`, `srl_empleador`, `infotep_empleador`, `mes`, `anno`, `fecha`, `elaborada`, `aprobada`, `quincena`, `salario_bruto`, `cant_horas_trabajadas`) VALUES (26, 5, 1, 1, NULL, NULL, NULL, NULL, 16000, 0, NULL, NULL, NULL, NULL, NULL, NULL, NULL, 16000, NULL, NULL, NULL, NULL, 1, 2022, '2022-01-08', 1, 1, 4, 16000, NULL);
INSERT INTO `nomina_pago` (`id`, `id_empleado_id`, `id_usuario_aprueba_id`, `id_unidad_id`, `comision`, `vacaciones`, `horas_extra`, `otros`, `total_ingresos`, `ingresos_cotizables_tss`, `isr`, `ars`, `afp`, `cooperativa`, `plan_medico_complementario`, `restaurant`, `total_deducido`, `sueldo_neto_pagar`, `afp_empleador`, `sfs_empleador`, `srl_empleador`, `infotep_empleador`, `mes`, `anno`, `fecha`, `elaborada`, `aprobada`, `quincena`, `salario_bruto`, `cant_horas_trabajadas`) VALUES (27, 6, 1, 1, NULL, NULL, NULL, NULL, 26666.67, 0, NULL, NULL, NULL, NULL, NULL, NULL, NULL, 26666.67, NULL, NULL, NULL, NULL, 1, 2022, '2022-01-08', 1, 1, 4, 26666.67, NULL);
INSERT INTO `nomina_pago` (`id`, `id_empleado_id`, `id_usuario_aprueba_id`, `id_unidad_id`, `comision`, `vacaciones`, `horas_extra`, `otros`, `total_ingresos`, `ingresos_cotizables_tss`, `isr`, `ars`, `afp`, `cooperativa`, `plan_medico_complementario`, `restaurant`, `total_deducido`, `sueldo_neto_pagar`, `afp_empleador`, `sfs_empleador`, `srl_empleador`, `infotep_empleador`, `mes`, `anno`, `fecha`, `elaborada`, `aprobada`, `quincena`, `salario_bruto`, `cant_horas_trabajadas`) VALUES (28, 7, 1, 1, NULL, NULL, NULL, NULL, 14666.67, 0, NULL, NULL, NULL, NULL, NULL, NULL, NULL, 14666.67, NULL, NULL, NULL, NULL, 1, 2022, '2022-01-08', 1, 1, 4, 14666.67, NULL);
INSERT INTO `nomina_pago` (`id`, `id_empleado_id`, `id_usuario_aprueba_id`, `id_unidad_id`, `comision`, `vacaciones`, `horas_extra`, `otros`, `total_ingresos`, `ingresos_cotizables_tss`, `isr`, `ars`, `afp`, `cooperativa`, `plan_medico_complementario`, `restaurant`, `total_deducido`, `sueldo_neto_pagar`, `afp_empleador`, `sfs_empleador`, `srl_empleador`, `infotep_empleador`, `mes`, `anno`, `fecha`, `elaborada`, `aprobada`, `quincena`, `salario_bruto`, `cant_horas_trabajadas`) VALUES (29, 8, 1, 1, NULL, NULL, NULL, NULL, 10000, 0, NULL, NULL, NULL, NULL, NULL, NULL, NULL, 10000, NULL, NULL, NULL, NULL, 1, 2022, '2022-01-08', 1, 1, 4, 10000, NULL);
INSERT INTO `nomina_pago` (`id`, `id_empleado_id`, `id_usuario_aprueba_id`, `id_unidad_id`, `comision`, `vacaciones`, `horas_extra`, `otros`, `total_ingresos`, `ingresos_cotizables_tss`, `isr`, `ars`, `afp`, `cooperativa`, `plan_medico_complementario`, `restaurant`, `total_deducido`, `sueldo_neto_pagar`, `afp_empleador`, `sfs_empleador`, `srl_empleador`, `infotep_empleador`, `mes`, `anno`, `fecha`, `elaborada`, `aprobada`, `quincena`, `salario_bruto`, `cant_horas_trabajadas`) VALUES (30, 9, 1, 1, NULL, NULL, NULL, NULL, 40000, 0, NULL, NULL, NULL, NULL, NULL, NULL, NULL, 40000, NULL, NULL, NULL, NULL, 1, 2022, '2022-01-08', 1, 1, 4, 40000, NULL);
INSERT INTO `nomina_pago` (`id`, `id_empleado_id`, `id_usuario_aprueba_id`, `id_unidad_id`, `comision`, `vacaciones`, `horas_extra`, `otros`, `total_ingresos`, `ingresos_cotizables_tss`, `isr`, `ars`, `afp`, `cooperativa`, `plan_medico_complementario`, `restaurant`, `total_deducido`, `sueldo_neto_pagar`, `afp_empleador`, `sfs_empleador`, `srl_empleador`, `infotep_empleador`, `mes`, `anno`, `fecha`, `elaborada`, `aprobada`, `quincena`, `salario_bruto`, `cant_horas_trabajadas`) VALUES (31, 13, 1, 1, NULL, NULL, NULL, NULL, 38666.67, 0, NULL, NULL, NULL, NULL, NULL, NULL, NULL, 38666.67, NULL, NULL, NULL, NULL, 1, 2022, '2022-01-08', 1, 1, 4, 38666.67, NULL);
INSERT INTO `nomina_pago` (`id`, `id_empleado_id`, `id_usuario_aprueba_id`, `id_unidad_id`, `comision`, `vacaciones`, `horas_extra`, `otros`, `total_ingresos`, `ingresos_cotizables_tss`, `isr`, `ars`, `afp`, `cooperativa`, `plan_medico_complementario`, `restaurant`, `total_deducido`, `sueldo_neto_pagar`, `afp_empleador`, `sfs_empleador`, `srl_empleador`, `infotep_empleador`, `mes`, `anno`, `fecha`, `elaborada`, `aprobada`, `quincena`, `salario_bruto`, `cant_horas_trabajadas`) VALUES (32, 14, 1, 1, NULL, NULL, NULL, NULL, 154882148.67, 0, NULL, NULL, NULL, NULL, NULL, NULL, NULL, 154882148.67, NULL, NULL, NULL, NULL, 1, 2022, '2022-01-08', 1, 1, 4, 154882148.67, NULL);
INSERT INTO `nomina_pago` (`id`, `id_empleado_id`, `id_usuario_aprueba_id`, `id_unidad_id`, `comision`, `vacaciones`, `horas_extra`, `otros`, `total_ingresos`, `ingresos_cotizables_tss`, `isr`, `ars`, `afp`, `cooperativa`, `plan_medico_complementario`, `restaurant`, `total_deducido`, `sueldo_neto_pagar`, `afp_empleador`, `sfs_empleador`, `srl_empleador`, `infotep_empleador`, `mes`, `anno`, `fecha`, `elaborada`, `aprobada`, `quincena`, `salario_bruto`, `cant_horas_trabajadas`) VALUES (33, 15, 1, 1, NULL, NULL, NULL, NULL, 3030302.67, 0, NULL, NULL, NULL, NULL, NULL, NULL, NULL, 3030302.67, NULL, NULL, NULL, NULL, 1, 2022, '2022-01-08', 1, 1, 4, 3030302.67, NULL);
INSERT INTO `nomina_pago` (`id`, `id_empleado_id`, `id_usuario_aprueba_id`, `id_unidad_id`, `comision`, `vacaciones`, `horas_extra`, `otros`, `total_ingresos`, `ingresos_cotizables_tss`, `isr`, `ars`, `afp`, `cooperativa`, `plan_medico_complementario`, `restaurant`, `total_deducido`, `sueldo_neto_pagar`, `afp_empleador`, `sfs_empleador`, `srl_empleador`, `infotep_empleador`, `mes`, `anno`, `fecha`, `elaborada`, `aprobada`, `quincena`, `salario_bruto`, `cant_horas_trabajadas`) VALUES (34, 16, 1, 1, NULL, NULL, NULL, NULL, 5833.33, 0, NULL, NULL, NULL, NULL, NULL, NULL, NULL, 5833.33, NULL, NULL, NULL, NULL, 1, 2022, '2022-01-08', 1, 1, 4, 5833.33, NULL);
INSERT INTO `nomina_pago` (`id`, `id_empleado_id`, `id_usuario_aprueba_id`, `id_unidad_id`, `comision`, `vacaciones`, `horas_extra`, `otros`, `total_ingresos`, `ingresos_cotizables_tss`, `isr`, `ars`, `afp`, `cooperativa`, `plan_medico_complementario`, `restaurant`, `total_deducido`, `sueldo_neto_pagar`, `afp_empleador`, `sfs_empleador`, `srl_empleador`, `infotep_empleador`, `mes`, `anno`, `fecha`, `elaborada`, `aprobada`, `quincena`, `salario_bruto`, `cant_horas_trabajadas`) VALUES (35, 17, 1, 1, NULL, NULL, NULL, NULL, 29166.67, 0, NULL, NULL, NULL, NULL, NULL, NULL, NULL, 29166.67, NULL, NULL, NULL, NULL, 1, 2022, '2022-01-08', 1, 1, 4, 29166.67, NULL);
INSERT INTO `nomina_pago` (`id`, `id_empleado_id`, `id_usuario_aprueba_id`, `id_unidad_id`, `comision`, `vacaciones`, `horas_extra`, `otros`, `total_ingresos`, `ingresos_cotizables_tss`, `isr`, `ars`, `afp`, `cooperativa`, `plan_medico_complementario`, `restaurant`, `total_deducido`, `sueldo_neto_pagar`, `afp_empleador`, `sfs_empleador`, `srl_empleador`, `infotep_empleador`, `mes`, `anno`, `fecha`, `elaborada`, `aprobada`, `quincena`, `salario_bruto`, `cant_horas_trabajadas`) VALUES (36, 18, 1, 1, NULL, NULL, NULL, NULL, 135521.75, 0, NULL, NULL, NULL, NULL, NULL, NULL, NULL, 135521.75, NULL, NULL, NULL, NULL, 1, 2022, '2022-01-08', 1, 1, 4, 135521.75, NULL);
INSERT INTO `nomina_pago` (`id`, `id_empleado_id`, `id_usuario_aprueba_id`, `id_unidad_id`, `comision`, `vacaciones`, `horas_extra`, `otros`, `total_ingresos`, `ingresos_cotizables_tss`, `isr`, `ars`, `afp`, `cooperativa`, `plan_medico_complementario`, `restaurant`, `total_deducido`, `sueldo_neto_pagar`, `afp_empleador`, `sfs_empleador`, `srl_empleador`, `infotep_empleador`, `mes`, `anno`, `fecha`, `elaborada`, `aprobada`, `quincena`, `salario_bruto`, `cant_horas_trabajadas`) VALUES (37, 22, 1, 1, NULL, NULL, NULL, NULL, 188552, 0, NULL, NULL, NULL, NULL, NULL, NULL, NULL, 188552, NULL, NULL, NULL, NULL, 1, 2022, '2022-01-08', 1, 1, 4, 188552, NULL);
INSERT INTO `nomina_pago` (`id`, `id_empleado_id`, `id_usuario_aprueba_id`, `id_unidad_id`, `comision`, `vacaciones`, `horas_extra`, `otros`, `total_ingresos`, `ingresos_cotizables_tss`, `isr`, `ars`, `afp`, `cooperativa`, `plan_medico_complementario`, `restaurant`, `total_deducido`, `sueldo_neto_pagar`, `afp_empleador`, `sfs_empleador`, `srl_empleador`, `infotep_empleador`, `mes`, `anno`, `fecha`, `elaborada`, `aprobada`, `quincena`, `salario_bruto`, `cant_horas_trabajadas`) VALUES (38, 23, 1, 1, NULL, NULL, NULL, NULL, 188021.75, 0, NULL, NULL, NULL, NULL, NULL, NULL, NULL, 188021.75, NULL, NULL, NULL, NULL, 1, 2022, '2022-01-08', 1, 1, 4, 188021.75, NULL);
INSERT INTO `nomina_pago` (`id`, `id_empleado_id`, `id_usuario_aprueba_id`, `id_unidad_id`, `comision`, `vacaciones`, `horas_extra`, `otros`, `total_ingresos`, `ingresos_cotizables_tss`, `isr`, `ars`, `afp`, `cooperativa`, `plan_medico_complementario`, `restaurant`, `total_deducido`, `sueldo_neto_pagar`, `afp_empleador`, `sfs_empleador`, `srl_empleador`, `infotep_empleador`, `mes`, `anno`, `fecha`, `elaborada`, `aprobada`, `quincena`, `salario_bruto`, `cant_horas_trabajadas`) VALUES (39, 24, 1, 1, NULL, NULL, NULL, NULL, 2331.58, 0, NULL, NULL, NULL, NULL, NULL, NULL, NULL, 2331.58, NULL, NULL, NULL, NULL, 1, 2022, '2022-01-08', 1, 1, 4, 2331.58, NULL);
INSERT INTO `nominas_consecutivos` (`id`, `id_unidad_id`, `mes`, `anno`, `nro_consecutivo`) VALUES (13, 1, 1, 2022, 1);
INSERT INTO `nominas_consecutivos` (`id`, `id_unidad_id`, `mes`, `anno`, `nro_consecutivo`) VALUES (14, 1, 1, 2022, 2);
INSERT INTO `nominas_consecutivos` (`id`, `id_unidad_id`, `mes`, `anno`, `nro_consecutivo`) VALUES (15, 1, 13, 2022, 3);
INSERT INTO `operaciones_comprobante_operaciones` (`id`, `id_cuenta_id`, `id_subcuenta_id`, `id_centro_costo_id`, `id_orden_trabajo_id`, `id_elemento_gasto_id`, `id_expediente_id`, `id_proveedor_id`, `id_registro_comprobantes_id`, `id_almacen_id`, `id_unidad_id`, `id_instrumento_cobro_id`, `id_cliente`, `id_tipo_cliente`, `credito`, `debito`, `banco`, `nro_cta`) VALUES (65, 2, 133, NULL, NULL, NULL, NULL, NULL, 66, NULL, 1, NULL, NULL, NULL, 0, 1250000, '', NULL);
INSERT INTO `operaciones_comprobante_operaciones` (`id`, `id_cuenta_id`, `id_subcuenta_id`, `id_centro_costo_id`, `id_orden_trabajo_id`, `id_elemento_gasto_id`, `id_expediente_id`, `id_proveedor_id`, `id_registro_comprobantes_id`, `id_almacen_id`, `id_unidad_id`, `id_instrumento_cobro_id`, `id_cliente`, `id_tipo_cliente`, `credito`, `debito`, `banco`, `nro_cta`) VALUES (66, 54, 40, NULL, NULL, NULL, NULL, NULL, 66, NULL, 1, NULL, NULL, NULL, 1250000, 0, '', NULL);
INSERT INTO `operaciones_comprobante_operaciones` (`id`, `id_cuenta_id`, `id_subcuenta_id`, `id_centro_costo_id`, `id_orden_trabajo_id`, `id_elemento_gasto_id`, `id_expediente_id`, `id_proveedor_id`, `id_registro_comprobantes_id`, `id_almacen_id`, `id_unidad_id`, `id_instrumento_cobro_id`, `id_cliente`, `id_tipo_cliente`, `credito`, `debito`, `banco`, `nro_cta`) VALUES (67, 36, 63, NULL, NULL, NULL, NULL, 14, 67, NULL, 1, NULL, NULL, NULL, 0, 200, '', NULL);
INSERT INTO `operaciones_comprobante_operaciones` (`id`, `id_cuenta_id`, `id_subcuenta_id`, `id_centro_costo_id`, `id_orden_trabajo_id`, `id_elemento_gasto_id`, `id_expediente_id`, `id_proveedor_id`, `id_registro_comprobantes_id`, `id_almacen_id`, `id_unidad_id`, `id_instrumento_cobro_id`, `id_cliente`, `id_tipo_cliente`, `credito`, `debito`, `banco`, `nro_cta`) VALUES (68, 2, 133, NULL, NULL, NULL, NULL, NULL, 67, NULL, 1, NULL, NULL, NULL, 200, 0, '', NULL);
INSERT INTO `operaciones_comprobante_operaciones` (`id`, `id_cuenta_id`, `id_subcuenta_id`, `id_centro_costo_id`, `id_orden_trabajo_id`, `id_elemento_gasto_id`, `id_expediente_id`, `id_proveedor_id`, `id_registro_comprobantes_id`, `id_almacen_id`, `id_unidad_id`, `id_instrumento_cobro_id`, `id_cliente`, `id_tipo_cliente`, `credito`, `debito`, `banco`, `nro_cta`) VALUES (69, 36, 63, NULL, NULL, NULL, NULL, 15, 78, NULL, 1, NULL, NULL, NULL, 0, 1, '', NULL);
INSERT INTO `operaciones_comprobante_operaciones` (`id`, `id_cuenta_id`, `id_subcuenta_id`, `id_centro_costo_id`, `id_orden_trabajo_id`, `id_elemento_gasto_id`, `id_expediente_id`, `id_proveedor_id`, `id_registro_comprobantes_id`, `id_almacen_id`, `id_unidad_id`, `id_instrumento_cobro_id`, `id_cliente`, `id_tipo_cliente`, `credito`, `debito`, `banco`, `nro_cta`) VALUES (70, 2, 133, NULL, NULL, NULL, NULL, NULL, 78, NULL, 1, NULL, NULL, NULL, 1, 0, '', NULL);
INSERT INTO `operaciones_comprobante_operaciones` (`id`, `id_cuenta_id`, `id_subcuenta_id`, `id_centro_costo_id`, `id_orden_trabajo_id`, `id_elemento_gasto_id`, `id_expediente_id`, `id_proveedor_id`, `id_registro_comprobantes_id`, `id_almacen_id`, `id_unidad_id`, `id_instrumento_cobro_id`, `id_cliente`, `id_tipo_cliente`, `credito`, `debito`, `banco`, `nro_cta`) VALUES (71, 36, 63, NULL, NULL, NULL, NULL, 14, 79, NULL, 1, NULL, NULL, NULL, 0, 50, '', NULL);
INSERT INTO `operaciones_comprobante_operaciones` (`id`, `id_cuenta_id`, `id_subcuenta_id`, `id_centro_costo_id`, `id_orden_trabajo_id`, `id_elemento_gasto_id`, `id_expediente_id`, `id_proveedor_id`, `id_registro_comprobantes_id`, `id_almacen_id`, `id_unidad_id`, `id_instrumento_cobro_id`, `id_cliente`, `id_tipo_cliente`, `credito`, `debito`, `banco`, `nro_cta`) VALUES (72, 2, 133, NULL, NULL, NULL, NULL, NULL, 79, NULL, 1, NULL, NULL, NULL, 50, 0, '', NULL);
INSERT INTO `operaciones_comprobante_operaciones` (`id`, `id_cuenta_id`, `id_subcuenta_id`, `id_centro_costo_id`, `id_orden_trabajo_id`, `id_elemento_gasto_id`, `id_expediente_id`, `id_proveedor_id`, `id_registro_comprobantes_id`, `id_almacen_id`, `id_unidad_id`, `id_instrumento_cobro_id`, `id_cliente`, `id_tipo_cliente`, `credito`, `debito`, `banco`, `nro_cta`) VALUES (73, 1, 1, NULL, NULL, NULL, NULL, NULL, 80, NULL, 1, NULL, 1, 1, 0, 2, '', NULL);
INSERT INTO `operaciones_comprobante_operaciones` (`id`, `id_cuenta_id`, `id_subcuenta_id`, `id_centro_costo_id`, `id_orden_trabajo_id`, `id_elemento_gasto_id`, `id_expediente_id`, `id_proveedor_id`, `id_registro_comprobantes_id`, `id_almacen_id`, `id_unidad_id`, `id_instrumento_cobro_id`, `id_cliente`, `id_tipo_cliente`, `credito`, `debito`, `banco`, `nro_cta`) VALUES (74, 8, 72, NULL, NULL, NULL, NULL, NULL, 80, NULL, 1, NULL, 1, 1, 2, 0, '', NULL);
INSERT INTO `operaciones_comprobante_operaciones` (`id`, `id_cuenta_id`, `id_subcuenta_id`, `id_centro_costo_id`, `id_orden_trabajo_id`, `id_elemento_gasto_id`, `id_expediente_id`, `id_proveedor_id`, `id_registro_comprobantes_id`, `id_almacen_id`, `id_unidad_id`, `id_instrumento_cobro_id`, `id_cliente`, `id_tipo_cliente`, `credito`, `debito`, `banco`, `nro_cta`) VALUES (75, 36, 63, NULL, NULL, NULL, NULL, 15, 81, NULL, 1, NULL, NULL, NULL, 0, 5, '', NULL);
INSERT INTO `operaciones_comprobante_operaciones` (`id`, `id_cuenta_id`, `id_subcuenta_id`, `id_centro_costo_id`, `id_orden_trabajo_id`, `id_elemento_gasto_id`, `id_expediente_id`, `id_proveedor_id`, `id_registro_comprobantes_id`, `id_almacen_id`, `id_unidad_id`, `id_instrumento_cobro_id`, `id_cliente`, `id_tipo_cliente`, `credito`, `debito`, `banco`, `nro_cta`) VALUES (76, 1, 1, NULL, NULL, NULL, NULL, NULL, 81, NULL, 1, NULL, NULL, NULL, 5, 0, '', NULL);
INSERT INTO `operaciones_comprobante_operaciones` (`id`, `id_cuenta_id`, `id_subcuenta_id`, `id_centro_costo_id`, `id_orden_trabajo_id`, `id_elemento_gasto_id`, `id_expediente_id`, `id_proveedor_id`, `id_registro_comprobantes_id`, `id_almacen_id`, `id_unidad_id`, `id_instrumento_cobro_id`, `id_cliente`, `id_tipo_cliente`, `credito`, `debito`, `banco`, `nro_cta`) VALUES (77, 69, 97, 25, NULL, 3, NULL, NULL, 82, NULL, 1, NULL, NULL, NULL, 0, 100, '', NULL);
INSERT INTO `operaciones_comprobante_operaciones` (`id`, `id_cuenta_id`, `id_subcuenta_id`, `id_centro_costo_id`, `id_orden_trabajo_id`, `id_elemento_gasto_id`, `id_expediente_id`, `id_proveedor_id`, `id_registro_comprobantes_id`, `id_almacen_id`, `id_unidad_id`, `id_instrumento_cobro_id`, `id_cliente`, `id_tipo_cliente`, `credito`, `debito`, `banco`, `nro_cta`) VALUES (78, 2, 183, NULL, NULL, NULL, NULL, NULL, 82, NULL, 1, NULL, NULL, NULL, 100, 0, '', '2');
INSERT INTO `operaciones_comprobante_operaciones` (`id`, `id_cuenta_id`, `id_subcuenta_id`, `id_centro_costo_id`, `id_orden_trabajo_id`, `id_elemento_gasto_id`, `id_expediente_id`, `id_proveedor_id`, `id_registro_comprobantes_id`, `id_almacen_id`, `id_unidad_id`, `id_instrumento_cobro_id`, `id_cliente`, `id_tipo_cliente`, `credito`, `debito`, `banco`, `nro_cta`) VALUES (79, 69, 97, 25, NULL, 3, NULL, NULL, 83, NULL, 1, NULL, NULL, NULL, 0, 110, '', NULL);
INSERT INTO `operaciones_comprobante_operaciones` (`id`, `id_cuenta_id`, `id_subcuenta_id`, `id_centro_costo_id`, `id_orden_trabajo_id`, `id_elemento_gasto_id`, `id_expediente_id`, `id_proveedor_id`, `id_registro_comprobantes_id`, `id_almacen_id`, `id_unidad_id`, `id_instrumento_cobro_id`, `id_cliente`, `id_tipo_cliente`, `credito`, `debito`, `banco`, `nro_cta`) VALUES (80, 2, 183, NULL, NULL, NULL, NULL, NULL, 83, NULL, 1, NULL, NULL, NULL, 110, 0, '', '123');
INSERT INTO `operaciones_comprobante_operaciones` (`id`, `id_cuenta_id`, `id_subcuenta_id`, `id_centro_costo_id`, `id_orden_trabajo_id`, `id_elemento_gasto_id`, `id_expediente_id`, `id_proveedor_id`, `id_registro_comprobantes_id`, `id_almacen_id`, `id_unidad_id`, `id_instrumento_cobro_id`, `id_cliente`, `id_tipo_cliente`, `credito`, `debito`, `banco`, `nro_cta`) VALUES (81, 2, 133, NULL, NULL, NULL, NULL, NULL, 84, NULL, 1, NULL, 3, 1, 0, 3, '', NULL);
INSERT INTO `operaciones_comprobante_operaciones` (`id`, `id_cuenta_id`, `id_subcuenta_id`, `id_centro_costo_id`, `id_orden_trabajo_id`, `id_elemento_gasto_id`, `id_expediente_id`, `id_proveedor_id`, `id_registro_comprobantes_id`, `id_almacen_id`, `id_unidad_id`, `id_instrumento_cobro_id`, `id_cliente`, `id_tipo_cliente`, `credito`, `debito`, `banco`, `nro_cta`) VALUES (82, 8, 72, NULL, NULL, NULL, NULL, NULL, 84, NULL, 1, NULL, 3, 1, 3, 0, '', NULL);
INSERT INTO `operaciones_comprobante_operaciones` (`id`, `id_cuenta_id`, `id_subcuenta_id`, `id_centro_costo_id`, `id_orden_trabajo_id`, `id_elemento_gasto_id`, `id_expediente_id`, `id_proveedor_id`, `id_registro_comprobantes_id`, `id_almacen_id`, `id_unidad_id`, `id_instrumento_cobro_id`, `id_cliente`, `id_tipo_cliente`, `credito`, `debito`, `banco`, `nro_cta`) VALUES (83, 2, 133, NULL, NULL, NULL, NULL, NULL, 85, NULL, 1, NULL, 3, 1, 0, 3, '', NULL);
INSERT INTO `operaciones_comprobante_operaciones` (`id`, `id_cuenta_id`, `id_subcuenta_id`, `id_centro_costo_id`, `id_orden_trabajo_id`, `id_elemento_gasto_id`, `id_expediente_id`, `id_proveedor_id`, `id_registro_comprobantes_id`, `id_almacen_id`, `id_unidad_id`, `id_instrumento_cobro_id`, `id_cliente`, `id_tipo_cliente`, `credito`, `debito`, `banco`, `nro_cta`) VALUES (84, 8, 72, NULL, NULL, NULL, NULL, NULL, 85, NULL, 1, NULL, 3, 1, 3, 0, '', NULL);
INSERT INTO `operaciones_comprobante_operaciones` (`id`, `id_cuenta_id`, `id_subcuenta_id`, `id_centro_costo_id`, `id_orden_trabajo_id`, `id_elemento_gasto_id`, `id_expediente_id`, `id_proveedor_id`, `id_registro_comprobantes_id`, `id_almacen_id`, `id_unidad_id`, `id_instrumento_cobro_id`, `id_cliente`, `id_tipo_cliente`, `credito`, `debito`, `banco`, `nro_cta`) VALUES (85, 1, 1, NULL, NULL, NULL, NULL, NULL, 86, NULL, 1, NULL, 3, 1, 0, 3, '', NULL);
INSERT INTO `operaciones_comprobante_operaciones` (`id`, `id_cuenta_id`, `id_subcuenta_id`, `id_centro_costo_id`, `id_orden_trabajo_id`, `id_elemento_gasto_id`, `id_expediente_id`, `id_proveedor_id`, `id_registro_comprobantes_id`, `id_almacen_id`, `id_unidad_id`, `id_instrumento_cobro_id`, `id_cliente`, `id_tipo_cliente`, `credito`, `debito`, `banco`, `nro_cta`) VALUES (86, 8, 72, NULL, NULL, NULL, NULL, NULL, 86, NULL, 1, NULL, 3, 1, 3, 0, '', NULL);
INSERT INTO `operaciones_comprobante_operaciones` (`id`, `id_cuenta_id`, `id_subcuenta_id`, `id_centro_costo_id`, `id_orden_trabajo_id`, `id_elemento_gasto_id`, `id_expediente_id`, `id_proveedor_id`, `id_registro_comprobantes_id`, `id_almacen_id`, `id_unidad_id`, `id_instrumento_cobro_id`, `id_cliente`, `id_tipo_cliente`, `credito`, `debito`, `banco`, `nro_cta`) VALUES (87, 2, 183, NULL, NULL, NULL, NULL, NULL, 87, NULL, 1, NULL, 3, 1, 0, 3335, '1234', '123');
INSERT INTO `operaciones_comprobante_operaciones` (`id`, `id_cuenta_id`, `id_subcuenta_id`, `id_centro_costo_id`, `id_orden_trabajo_id`, `id_elemento_gasto_id`, `id_expediente_id`, `id_proveedor_id`, `id_registro_comprobantes_id`, `id_almacen_id`, `id_unidad_id`, `id_instrumento_cobro_id`, `id_cliente`, `id_tipo_cliente`, `credito`, `debito`, `banco`, `nro_cta`) VALUES (88, 8, 72, NULL, NULL, NULL, NULL, NULL, 87, NULL, 1, NULL, 3, 1, 3335, 0, '', NULL);
INSERT INTO `operaciones_comprobante_operaciones` (`id`, `id_cuenta_id`, `id_subcuenta_id`, `id_centro_costo_id`, `id_orden_trabajo_id`, `id_elemento_gasto_id`, `id_expediente_id`, `id_proveedor_id`, `id_registro_comprobantes_id`, `id_almacen_id`, `id_unidad_id`, `id_instrumento_cobro_id`, `id_cliente`, `id_tipo_cliente`, `credito`, `debito`, `banco`, `nro_cta`) VALUES (89, 2, 183, NULL, NULL, NULL, NULL, NULL, 88, NULL, 1, NULL, 1, 1, 0, 1000, '1234', '123');
INSERT INTO `operaciones_comprobante_operaciones` (`id`, `id_cuenta_id`, `id_subcuenta_id`, `id_centro_costo_id`, `id_orden_trabajo_id`, `id_elemento_gasto_id`, `id_expediente_id`, `id_proveedor_id`, `id_registro_comprobantes_id`, `id_almacen_id`, `id_unidad_id`, `id_instrumento_cobro_id`, `id_cliente`, `id_tipo_cliente`, `credito`, `debito`, `banco`, `nro_cta`) VALUES (90, 8, 72, NULL, NULL, NULL, NULL, NULL, 88, NULL, 1, NULL, 1, 1, 1000, 0, '', NULL);
INSERT INTO `operaciones_comprobante_operaciones` (`id`, `id_cuenta_id`, `id_subcuenta_id`, `id_centro_costo_id`, `id_orden_trabajo_id`, `id_elemento_gasto_id`, `id_expediente_id`, `id_proveedor_id`, `id_registro_comprobantes_id`, `id_almacen_id`, `id_unidad_id`, `id_instrumento_cobro_id`, `id_cliente`, `id_tipo_cliente`, `credito`, `debito`, `banco`, `nro_cta`) VALUES (91, 1, 1, NULL, NULL, NULL, NULL, NULL, 89, NULL, 1, NULL, 1, 1, 0, 500, NULL, NULL);
INSERT INTO `operaciones_comprobante_operaciones` (`id`, `id_cuenta_id`, `id_subcuenta_id`, `id_centro_costo_id`, `id_orden_trabajo_id`, `id_elemento_gasto_id`, `id_expediente_id`, `id_proveedor_id`, `id_registro_comprobantes_id`, `id_almacen_id`, `id_unidad_id`, `id_instrumento_cobro_id`, `id_cliente`, `id_tipo_cliente`, `credito`, `debito`, `banco`, `nro_cta`) VALUES (92, 8, 72, NULL, NULL, NULL, NULL, NULL, 89, NULL, 1, NULL, 1, 1, 500, 0, '', NULL);
INSERT INTO `operaciones_comprobante_operaciones` (`id`, `id_cuenta_id`, `id_subcuenta_id`, `id_centro_costo_id`, `id_orden_trabajo_id`, `id_elemento_gasto_id`, `id_expediente_id`, `id_proveedor_id`, `id_registro_comprobantes_id`, `id_almacen_id`, `id_unidad_id`, `id_instrumento_cobro_id`, `id_cliente`, `id_tipo_cliente`, `credito`, `debito`, `banco`, `nro_cta`) VALUES (93, 36, 63, NULL, NULL, NULL, NULL, 14, 90, NULL, 1, NULL, NULL, NULL, 0, 50, '', NULL);
INSERT INTO `operaciones_comprobante_operaciones` (`id`, `id_cuenta_id`, `id_subcuenta_id`, `id_centro_costo_id`, `id_orden_trabajo_id`, `id_elemento_gasto_id`, `id_expediente_id`, `id_proveedor_id`, `id_registro_comprobantes_id`, `id_almacen_id`, `id_unidad_id`, `id_instrumento_cobro_id`, `id_cliente`, `id_tipo_cliente`, `credito`, `debito`, `banco`, `nro_cta`) VALUES (94, 2, 183, NULL, NULL, NULL, NULL, NULL, 90, NULL, 1, NULL, NULL, NULL, 50, 0, '1234', '123');
INSERT INTO `operaciones_comprobante_operaciones` (`id`, `id_cuenta_id`, `id_subcuenta_id`, `id_centro_costo_id`, `id_orden_trabajo_id`, `id_elemento_gasto_id`, `id_expediente_id`, `id_proveedor_id`, `id_registro_comprobantes_id`, `id_almacen_id`, `id_unidad_id`, `id_instrumento_cobro_id`, `id_cliente`, `id_tipo_cliente`, `credito`, `debito`, `banco`, `nro_cta`) VALUES (95, 36, 63, NULL, NULL, NULL, NULL, 14, 91, NULL, 1, NULL, NULL, NULL, 0, 50, '', NULL);
INSERT INTO `operaciones_comprobante_operaciones` (`id`, `id_cuenta_id`, `id_subcuenta_id`, `id_centro_costo_id`, `id_orden_trabajo_id`, `id_elemento_gasto_id`, `id_expediente_id`, `id_proveedor_id`, `id_registro_comprobantes_id`, `id_almacen_id`, `id_unidad_id`, `id_instrumento_cobro_id`, `id_cliente`, `id_tipo_cliente`, `credito`, `debito`, `banco`, `nro_cta`) VALUES (96, 1, 1, NULL, NULL, NULL, NULL, NULL, 91, NULL, 1, NULL, NULL, NULL, 50, 0, NULL, NULL);
INSERT INTO `orden_paquete` (`id`, `id_beneficiarios_clientes_id`, `nro_orden`, `fecha`, `weight`, `id_bulto_id`) VALUES (1, 2, 'SEP000000001', '2021-09-30', '5 Kg', 1);
INSERT INTO `orden_paquete` (`id`, `id_beneficiarios_clientes_id`, `nro_orden`, `fecha`, `weight`, `id_bulto_id`) VALUES (2, 2, 'SEP000000002', '2021-09-30', '5 Kg', 1);
INSERT INTO `orden_paquete` (`id`, `id_beneficiarios_clientes_id`, `nro_orden`, `fecha`, `weight`, `id_bulto_id`) VALUES (3, 2, 'SEP000000003', '2021-09-30', '5 Kg', 1);
INSERT INTO `orden_paquete` (`id`, `id_beneficiarios_clientes_id`, `nro_orden`, `fecha`, `weight`, `id_bulto_id`) VALUES (4, 3, 'SEP000000004', '2021-09-30', '10 Kg', 2);
INSERT INTO `orden_paquete` (`id`, `id_beneficiarios_clientes_id`, `nro_orden`, `fecha`, `weight`, `id_bulto_id`) VALUES (5, 3, 'SEP000000005', '2021-09-30', '10 Kg', 2);
INSERT INTO `orden_paquete` (`id`, `id_beneficiarios_clientes_id`, `nro_orden`, `fecha`, `weight`, `id_bulto_id`) VALUES (6, 1, 'SEP000000006', '2021-09-30', '5 Kg', 2);
INSERT INTO `orden_paquete` (`id`, `id_beneficiarios_clientes_id`, `nro_orden`, `fecha`, `weight`, `id_bulto_id`) VALUES (7, 1, 'SEP000000007', '2021-09-30', '5 Kg', 3);
INSERT INTO `orden_paquete` (`id`, `id_beneficiarios_clientes_id`, `nro_orden`, `fecha`, `weight`, `id_bulto_id`) VALUES (8, 1, 'SEP000000008', '2021-09-30', '5 Kg', 3);
INSERT INTO `orden_paquete` (`id`, `id_beneficiarios_clientes_id`, `nro_orden`, `fecha`, `weight`, `id_bulto_id`) VALUES (9, 1, 'SEP000000009', '2021-09-30', '5 Kg', 3);
INSERT INTO `orden_paquete` (`id`, `id_beneficiarios_clientes_id`, `nro_orden`, `fecha`, `weight`, `id_bulto_id`) VALUES (10, 1, 'SEP000000010', '2021-09-30', '5 Kg', 20);
INSERT INTO `orden_paquete` (`id`, `id_beneficiarios_clientes_id`, `nro_orden`, `fecha`, `weight`, `id_bulto_id`) VALUES (11, 1, 'SEP000000011', '2021-09-30', '5 Kg', 20);
INSERT INTO `orden_paquete` (`id`, `id_beneficiarios_clientes_id`, `nro_orden`, `fecha`, `weight`, `id_bulto_id`) VALUES (12, 1, 'SEP000000012', '2021-09-30', '5 Kg', 20);
INSERT INTO `orden_paquete` (`id`, `id_beneficiarios_clientes_id`, `nro_orden`, `fecha`, `weight`, `id_bulto_id`) VALUES (13, 1, 'SEP000000013', '2021-09-30', '5 Kg', NULL);
INSERT INTO `orden_paquete` (`id`, `id_beneficiarios_clientes_id`, `nro_orden`, `fecha`, `weight`, `id_bulto_id`) VALUES (14, 1, 'SEP000000014', '2021-09-30', '5 Kg', 21);
INSERT INTO `orden_paquete` (`id`, `id_beneficiarios_clientes_id`, `nro_orden`, `fecha`, `weight`, `id_bulto_id`) VALUES (15, 1, 'SEP000000015', '2021-09-30', '5 Kg', NULL);
INSERT INTO `orden_paquete` (`id`, `id_beneficiarios_clientes_id`, `nro_orden`, `fecha`, `weight`, `id_bulto_id`) VALUES (16, 1, 'SEP000000016', '2021-09-30', '5 Kg', NULL);
INSERT INTO `orden_paquete` (`id`, `id_beneficiarios_clientes_id`, `nro_orden`, `fecha`, `weight`, `id_bulto_id`) VALUES (17, 1, 'SEP000000017', '2021-09-30', '5 Kg', NULL);
INSERT INTO `orden_paquete` (`id`, `id_beneficiarios_clientes_id`, `nro_orden`, `fecha`, `weight`, `id_bulto_id`) VALUES (18, 1, 'SEP000000018', '2021-09-30', '5 Kg', NULL);
INSERT INTO `orden_paquete` (`id`, `id_beneficiarios_clientes_id`, `nro_orden`, `fecha`, `weight`, `id_bulto_id`) VALUES (19, 1, 'SEP000000019', '2021-09-30', '5 Kg', NULL);
INSERT INTO `orden_paquete` (`id`, `id_beneficiarios_clientes_id`, `nro_orden`, `fecha`, `weight`, `id_bulto_id`) VALUES (20, 4, 'SEP000000020', '2021-09-30', '5 Kg', NULL);
INSERT INTO `orden_paquete` (`id`, `id_beneficiarios_clientes_id`, `nro_orden`, `fecha`, `weight`, `id_bulto_id`) VALUES (21, 4, 'SEP000000021', '2021-09-30', '5 Kg', NULL);
INSERT INTO `orden_paquete` (`id`, `id_beneficiarios_clientes_id`, `nro_orden`, `fecha`, `weight`, `id_bulto_id`) VALUES (22, 4, 'SEP000000022', '2021-09-30', '5 Kg', NULL);
INSERT INTO `orden_paquete` (`id`, `id_beneficiarios_clientes_id`, `nro_orden`, `fecha`, `weight`, `id_bulto_id`) VALUES (23, 2, 'SEP000000023', '2021-09-30', '24 libas', 3);
INSERT INTO `orden_paquete` (`id`, `id_beneficiarios_clientes_id`, `nro_orden`, `fecha`, `weight`, `id_bulto_id`) VALUES (24, 2, 'SEP000000024', '2021-09-30', '24 libas', NULL);
INSERT INTO `orden_paquete` (`id`, `id_beneficiarios_clientes_id`, `nro_orden`, `fecha`, `weight`, `id_bulto_id`) VALUES (25, 2, 'SEP000000025', '2021-09-30', '24 libas', NULL);
INSERT INTO `orden_paquete` (`id`, `id_beneficiarios_clientes_id`, `nro_orden`, `fecha`, `weight`, `id_bulto_id`) VALUES (26, 4, 'SEP000000026', '2021-09-30', '1.5', NULL);
INSERT INTO `orden_paquete` (`id`, `id_beneficiarios_clientes_id`, `nro_orden`, `fecha`, `weight`, `id_bulto_id`) VALUES (27, 1, 'SEP000000027', '2021-10-01', '10kg', NULL);
INSERT INTO `orden_paquete` (`id`, `id_beneficiarios_clientes_id`, `nro_orden`, `fecha`, `weight`, `id_bulto_id`) VALUES (28, 1, 'SEP000000028', '2021-10-01', '1.5', NULL);
INSERT INTO `orden_paquete` (`id`, `id_beneficiarios_clientes_id`, `nro_orden`, `fecha`, `weight`, `id_bulto_id`) VALUES (29, 1, 'SEP000000029', '2021-10-01', '1.5', NULL);
INSERT INTO `orden_paquete` (`id`, `id_beneficiarios_clientes_id`, `nro_orden`, `fecha`, `weight`, `id_bulto_id`) VALUES (30, 5, 'SEP000000030', '2021-10-01', '10', NULL);
INSERT INTO `orden_paquete` (`id`, `id_beneficiarios_clientes_id`, `nro_orden`, `fecha`, `weight`, `id_bulto_id`) VALUES (31, 6, 'SEP000000031', '2021-10-07', '1.5', NULL);
INSERT INTO `orden_paquete` (`id`, `id_beneficiarios_clientes_id`, `nro_orden`, `fecha`, `weight`, `id_bulto_id`) VALUES (32, 6, 'SEP000000032', '2021-10-07', '1.5', NULL);
INSERT INTO `orden_paquete` (`id`, `id_beneficiarios_clientes_id`, `nro_orden`, `fecha`, `weight`, `id_bulto_id`) VALUES (33, 6, 'SEP000000033', '2021-10-07', '1.5', NULL);
INSERT INTO `orden_paquete` (`id`, `id_beneficiarios_clientes_id`, `nro_orden`, `fecha`, `weight`, `id_bulto_id`) VALUES (34, 6, 'SEP000000034', '2021-10-07', '1.5', NULL);
INSERT INTO `orden_paquete` (`id`, `id_beneficiarios_clientes_id`, `nro_orden`, `fecha`, `weight`, `id_bulto_id`) VALUES (35, 6, 'SEP000000035', '2021-10-07', '1.5', NULL);
INSERT INTO `orden_paquete` (`id`, `id_beneficiarios_clientes_id`, `nro_orden`, `fecha`, `weight`, `id_bulto_id`) VALUES (36, 6, 'SEP000000036', '2021-10-07', '1.5', NULL);
INSERT INTO `orden_paquete` (`id`, `id_beneficiarios_clientes_id`, `nro_orden`, `fecha`, `weight`, `id_bulto_id`) VALUES (37, 6, 'SEP000000037', '2021-10-07', '1.5', NULL);
INSERT INTO `orden_paquete` (`id`, `id_beneficiarios_clientes_id`, `nro_orden`, `fecha`, `weight`, `id_bulto_id`) VALUES (38, 6, 'SEP000000038', '2021-10-07', '1.5', NULL);
INSERT INTO `orden_paquete` (`id`, `id_beneficiarios_clientes_id`, `nro_orden`, `fecha`, `weight`, `id_bulto_id`) VALUES (39, 6, 'SEP000000039', '2021-10-07', '1.5', NULL);
INSERT INTO `orden_paquete` (`id`, `id_beneficiarios_clientes_id`, `nro_orden`, `fecha`, `weight`, `id_bulto_id`) VALUES (40, 6, 'SEP000000040', '2021-10-07', '1.5', NULL);
INSERT INTO `orden_paquete` (`id`, `id_beneficiarios_clientes_id`, `nro_orden`, `fecha`, `weight`, `id_bulto_id`) VALUES (41, 7, 'SEP000000041', '2021-10-07', '1.5', NULL);
INSERT INTO `orden_paquete` (`id`, `id_beneficiarios_clientes_id`, `nro_orden`, `fecha`, `weight`, `id_bulto_id`) VALUES (42, 7, 'SEP000000042', '2021-10-07', '1.5', NULL);
INSERT INTO `orden_paquete` (`id`, `id_beneficiarios_clientes_id`, `nro_orden`, `fecha`, `weight`, `id_bulto_id`) VALUES (43, 7, 'SEP000000043', '2021-10-07', '1.5', NULL);
INSERT INTO `orden_paquete` (`id`, `id_beneficiarios_clientes_id`, `nro_orden`, `fecha`, `weight`, `id_bulto_id`) VALUES (44, 7, 'SEP000000044', '2021-10-07', '1.5', NULL);
INSERT INTO `orden_paquete` (`id`, `id_beneficiarios_clientes_id`, `nro_orden`, `fecha`, `weight`, `id_bulto_id`) VALUES (45, 7, 'SEP000000045', '2021-10-07', '1.5', NULL);
INSERT INTO `orden_paquete` (`id`, `id_beneficiarios_clientes_id`, `nro_orden`, `fecha`, `weight`, `id_bulto_id`) VALUES (46, 7, 'SEP000000046', '2021-10-07', '1.5', NULL);
INSERT INTO `orden_paquete` (`id`, `id_beneficiarios_clientes_id`, `nro_orden`, `fecha`, `weight`, `id_bulto_id`) VALUES (47, 7, 'SEP000000047', '2021-10-07', '1.5', NULL);
INSERT INTO `orden_paquete` (`id`, `id_beneficiarios_clientes_id`, `nro_orden`, `fecha`, `weight`, `id_bulto_id`) VALUES (48, 7, 'SEP000000048', '2021-10-07', '1.5', NULL);
INSERT INTO `orden_paquete` (`id`, `id_beneficiarios_clientes_id`, `nro_orden`, `fecha`, `weight`, `id_bulto_id`) VALUES (49, 7, 'SEP000000049', '2021-10-07', '1.5', NULL);
INSERT INTO `orden_paquete` (`id`, `id_beneficiarios_clientes_id`, `nro_orden`, `fecha`, `weight`, `id_bulto_id`) VALUES (50, 7, 'SEP000000050', '2021-10-07', '1.5', NULL);
INSERT INTO `orden_paquete` (`id`, `id_beneficiarios_clientes_id`, `nro_orden`, `fecha`, `weight`, `id_bulto_id`) VALUES (51, 6, 'SEP000000051', '2021-10-07', '1.5', NULL);
INSERT INTO `orden_paquete` (`id`, `id_beneficiarios_clientes_id`, `nro_orden`, `fecha`, `weight`, `id_bulto_id`) VALUES (52, 6, 'SEP000000052', '2021-10-07', '1.5', NULL);
INSERT INTO `orden_paquete` (`id`, `id_beneficiarios_clientes_id`, `nro_orden`, `fecha`, `weight`, `id_bulto_id`) VALUES (53, 6, 'SEP000000053', '2021-10-07', '1.5', NULL);
INSERT INTO `orden_paquete` (`id`, `id_beneficiarios_clientes_id`, `nro_orden`, `fecha`, `weight`, `id_bulto_id`) VALUES (54, 6, 'SEP000000054', '2021-10-07', '1.5', NULL);
INSERT INTO `orden_paquete` (`id`, `id_beneficiarios_clientes_id`, `nro_orden`, `fecha`, `weight`, `id_bulto_id`) VALUES (55, 6, 'SEP000000055', '2021-10-07', '1.5', NULL);
INSERT INTO `orden_paquete` (`id`, `id_beneficiarios_clientes_id`, `nro_orden`, `fecha`, `weight`, `id_bulto_id`) VALUES (56, 6, 'SEP000000056', '2021-10-07', '1.5', NULL);
INSERT INTO `orden_paquete` (`id`, `id_beneficiarios_clientes_id`, `nro_orden`, `fecha`, `weight`, `id_bulto_id`) VALUES (57, 6, 'SEP000000057', '2021-10-07', '1.5', NULL);
INSERT INTO `orden_paquete` (`id`, `id_beneficiarios_clientes_id`, `nro_orden`, `fecha`, `weight`, `id_bulto_id`) VALUES (58, 6, 'SEP000000058', '2021-10-07', '1.5', NULL);
INSERT INTO `orden_paquete` (`id`, `id_beneficiarios_clientes_id`, `nro_orden`, `fecha`, `weight`, `id_bulto_id`) VALUES (59, 6, 'SEP000000059', '2021-10-07', '1.5', NULL);
INSERT INTO `orden_paquete` (`id`, `id_beneficiarios_clientes_id`, `nro_orden`, `fecha`, `weight`, `id_bulto_id`) VALUES (60, 6, 'SEP000000060', '2021-10-07', '1.5', NULL);
INSERT INTO `orden_paquete` (`id`, `id_beneficiarios_clientes_id`, `nro_orden`, `fecha`, `weight`, `id_bulto_id`) VALUES (61, 7, 'SEP000000061', '2021-10-07', '1.5', NULL);
INSERT INTO `orden_paquete` (`id`, `id_beneficiarios_clientes_id`, `nro_orden`, `fecha`, `weight`, `id_bulto_id`) VALUES (62, 7, 'SEP000000062', '2021-10-07', '1.5', NULL);
INSERT INTO `orden_paquete` (`id`, `id_beneficiarios_clientes_id`, `nro_orden`, `fecha`, `weight`, `id_bulto_id`) VALUES (63, 7, 'SEP000000063', '2021-10-07', '1.5', NULL);
INSERT INTO `orden_paquete` (`id`, `id_beneficiarios_clientes_id`, `nro_orden`, `fecha`, `weight`, `id_bulto_id`) VALUES (64, 7, 'SEP000000064', '2021-10-07', '1.5', NULL);
INSERT INTO `orden_paquete` (`id`, `id_beneficiarios_clientes_id`, `nro_orden`, `fecha`, `weight`, `id_bulto_id`) VALUES (65, 7, 'SEP000000065', '2021-10-07', '1.5', NULL);
INSERT INTO `orden_paquete` (`id`, `id_beneficiarios_clientes_id`, `nro_orden`, `fecha`, `weight`, `id_bulto_id`) VALUES (66, 7, 'SEP000000066', '2021-10-07', '1.5', NULL);
INSERT INTO `orden_paquete` (`id`, `id_beneficiarios_clientes_id`, `nro_orden`, `fecha`, `weight`, `id_bulto_id`) VALUES (67, 7, 'SEP000000067', '2021-10-07', '1.5', NULL);
INSERT INTO `orden_paquete` (`id`, `id_beneficiarios_clientes_id`, `nro_orden`, `fecha`, `weight`, `id_bulto_id`) VALUES (68, 7, 'SEP000000068', '2021-10-07', '1.5', NULL);
INSERT INTO `orden_paquete` (`id`, `id_beneficiarios_clientes_id`, `nro_orden`, `fecha`, `weight`, `id_bulto_id`) VALUES (69, 7, 'SEP000000069', '2021-10-07', '1.5', NULL);
INSERT INTO `orden_paquete` (`id`, `id_beneficiarios_clientes_id`, `nro_orden`, `fecha`, `weight`, `id_bulto_id`) VALUES (70, 7, 'SEP000000070', '2021-10-07', '1.5', NULL);
INSERT INTO `orden_paquete` (`id`, `id_beneficiarios_clientes_id`, `nro_orden`, `fecha`, `weight`, `id_bulto_id`) VALUES (71, 6, 'SEP000000071', '2021-10-07', '1.5', NULL);
INSERT INTO `orden_paquete` (`id`, `id_beneficiarios_clientes_id`, `nro_orden`, `fecha`, `weight`, `id_bulto_id`) VALUES (72, 6, 'SEP000000072', '2021-10-07', '1.5', NULL);
INSERT INTO `orden_paquete` (`id`, `id_beneficiarios_clientes_id`, `nro_orden`, `fecha`, `weight`, `id_bulto_id`) VALUES (73, 6, 'SEP000000073', '2021-10-07', '1.5', NULL);
INSERT INTO `orden_paquete` (`id`, `id_beneficiarios_clientes_id`, `nro_orden`, `fecha`, `weight`, `id_bulto_id`) VALUES (74, 6, 'SEP000000074', '2021-10-07', '1.5', NULL);
INSERT INTO `orden_paquete` (`id`, `id_beneficiarios_clientes_id`, `nro_orden`, `fecha`, `weight`, `id_bulto_id`) VALUES (75, 6, 'SEP000000075', '2021-10-07', '1.5', NULL);
INSERT INTO `orden_paquete` (`id`, `id_beneficiarios_clientes_id`, `nro_orden`, `fecha`, `weight`, `id_bulto_id`) VALUES (76, 6, 'SEP000000076', '2021-10-07', '1.5', NULL);
INSERT INTO `orden_paquete` (`id`, `id_beneficiarios_clientes_id`, `nro_orden`, `fecha`, `weight`, `id_bulto_id`) VALUES (77, 6, 'SEP000000077', '2021-10-07', '1.5', NULL);
INSERT INTO `orden_paquete` (`id`, `id_beneficiarios_clientes_id`, `nro_orden`, `fecha`, `weight`, `id_bulto_id`) VALUES (78, 6, 'SEP000000078', '2021-10-07', '1.5', NULL);
INSERT INTO `orden_paquete` (`id`, `id_beneficiarios_clientes_id`, `nro_orden`, `fecha`, `weight`, `id_bulto_id`) VALUES (79, 6, 'SEP000000079', '2021-10-07', '1.5', NULL);
INSERT INTO `orden_paquete` (`id`, `id_beneficiarios_clientes_id`, `nro_orden`, `fecha`, `weight`, `id_bulto_id`) VALUES (80, 7, 'SEP000000080', '2021-10-07', '1.5', NULL);
INSERT INTO `orden_paquete` (`id`, `id_beneficiarios_clientes_id`, `nro_orden`, `fecha`, `weight`, `id_bulto_id`) VALUES (81, 7, 'SEP000000081', '2021-10-07', '1.5', NULL);
INSERT INTO `orden_paquete` (`id`, `id_beneficiarios_clientes_id`, `nro_orden`, `fecha`, `weight`, `id_bulto_id`) VALUES (82, 7, 'SEP000000082', '2021-10-07', '1.5', NULL);
INSERT INTO `orden_paquete` (`id`, `id_beneficiarios_clientes_id`, `nro_orden`, `fecha`, `weight`, `id_bulto_id`) VALUES (83, 7, 'SEP000000083', '2021-10-07', '1.5', NULL);
INSERT INTO `orden_paquete` (`id`, `id_beneficiarios_clientes_id`, `nro_orden`, `fecha`, `weight`, `id_bulto_id`) VALUES (84, 7, 'SEP000000084', '2021-10-07', '1.5', NULL);
INSERT INTO `orden_paquete` (`id`, `id_beneficiarios_clientes_id`, `nro_orden`, `fecha`, `weight`, `id_bulto_id`) VALUES (85, 7, 'SEP000000085', '2021-10-07', '1.5', NULL);
INSERT INTO `orden_paquete` (`id`, `id_beneficiarios_clientes_id`, `nro_orden`, `fecha`, `weight`, `id_bulto_id`) VALUES (86, 7, 'SEP000000086', '2021-10-07', '1.5', NULL);
INSERT INTO `orden_paquete` (`id`, `id_beneficiarios_clientes_id`, `nro_orden`, `fecha`, `weight`, `id_bulto_id`) VALUES (87, 7, 'SEP000000087', '2021-10-07', '1.5', NULL);
INSERT INTO `orden_paquete` (`id`, `id_beneficiarios_clientes_id`, `nro_orden`, `fecha`, `weight`, `id_bulto_id`) VALUES (88, 1, 'SEP000000088', '2021-10-08', '1.5', NULL);
INSERT INTO `orden_paquete` (`id`, `id_beneficiarios_clientes_id`, `nro_orden`, `fecha`, `weight`, `id_bulto_id`) VALUES (89, 1, 'SEP000000089', '2021-10-08', '1.5', NULL);
INSERT INTO `orden_paquete` (`id`, `id_beneficiarios_clientes_id`, `nro_orden`, `fecha`, `weight`, `id_bulto_id`) VALUES (90, 1, 'SEP000000090', '2021-10-08', '1.5', NULL);
INSERT INTO `orden_paquete` (`id`, `id_beneficiarios_clientes_id`, `nro_orden`, `fecha`, `weight`, `id_bulto_id`) VALUES (91, 1, 'SEP000000091', '2021-10-08', '1.5', NULL);
INSERT INTO `orden_paquete` (`id`, `id_beneficiarios_clientes_id`, `nro_orden`, `fecha`, `weight`, `id_bulto_id`) VALUES (92, 1, 'SEP000000092', '2021-10-08', '1.5', NULL);
INSERT INTO `orden_paquete` (`id`, `id_beneficiarios_clientes_id`, `nro_orden`, `fecha`, `weight`, `id_bulto_id`) VALUES (93, 1, 'SEP000000093', '2021-10-08', '1.5', NULL);
INSERT INTO `orden_paquete` (`id`, `id_beneficiarios_clientes_id`, `nro_orden`, `fecha`, `weight`, `id_bulto_id`) VALUES (94, 1, 'SEP000000094', '2021-10-08', '1.5', NULL);
INSERT INTO `orden_paquete` (`id`, `id_beneficiarios_clientes_id`, `nro_orden`, `fecha`, `weight`, `id_bulto_id`) VALUES (95, 1, 'SEP000000095', '2021-10-08', '1.5', NULL);
INSERT INTO `orden_paquete` (`id`, `id_beneficiarios_clientes_id`, `nro_orden`, `fecha`, `weight`, `id_bulto_id`) VALUES (96, 1, 'SEP000000096', '2021-10-08', '1.5', NULL);
INSERT INTO `orden_paquete` (`id`, `id_beneficiarios_clientes_id`, `nro_orden`, `fecha`, `weight`, `id_bulto_id`) VALUES (97, 1, 'SEP000000097', '2021-10-08', '1.5', NULL);
INSERT INTO `orden_paquete` (`id`, `id_beneficiarios_clientes_id`, `nro_orden`, `fecha`, `weight`, `id_bulto_id`) VALUES (98, 8, 'SEP000000098', '2021-10-11', '1.5', NULL);
INSERT INTO `orden_paquete` (`id`, `id_beneficiarios_clientes_id`, `nro_orden`, `fecha`, `weight`, `id_bulto_id`) VALUES (99, 8, 'SEP000000099', '2021-10-11', '1.5', NULL);
INSERT INTO `orden_paquete` (`id`, `id_beneficiarios_clientes_id`, `nro_orden`, `fecha`, `weight`, `id_bulto_id`) VALUES (100, 8, 'SEP000000100', '2021-10-11', '1.5', NULL);
INSERT INTO `orden_paquete` (`id`, `id_beneficiarios_clientes_id`, `nro_orden`, `fecha`, `weight`, `id_bulto_id`) VALUES (101, 8, 'SEP000000101', '2021-10-11', '1.5', NULL);
INSERT INTO `orden_paquete` (`id`, `id_beneficiarios_clientes_id`, `nro_orden`, `fecha`, `weight`, `id_bulto_id`) VALUES (102, 8, 'SEP000000102', '2021-10-11', '1.5', NULL);
INSERT INTO `orden_paquete` (`id`, `id_beneficiarios_clientes_id`, `nro_orden`, `fecha`, `weight`, `id_bulto_id`) VALUES (103, 8, 'SEP000000103', '2021-10-11', '1.5', NULL);
INSERT INTO `orden_paquete` (`id`, `id_beneficiarios_clientes_id`, `nro_orden`, `fecha`, `weight`, `id_bulto_id`) VALUES (104, 8, 'SEP000000104', '2021-10-11', '1.5', NULL);
INSERT INTO `orden_paquete` (`id`, `id_beneficiarios_clientes_id`, `nro_orden`, `fecha`, `weight`, `id_bulto_id`) VALUES (105, 9, 'SEP000000105', '2021-10-11', '1.5', NULL);
INSERT INTO `orden_paquete` (`id`, `id_beneficiarios_clientes_id`, `nro_orden`, `fecha`, `weight`, `id_bulto_id`) VALUES (106, 9, 'SEP000000106', '2021-10-11', '1.5', NULL);
INSERT INTO `orden_paquete` (`id`, `id_beneficiarios_clientes_id`, `nro_orden`, `fecha`, `weight`, `id_bulto_id`) VALUES (107, 9, 'SEP000000107', '2021-10-11', '1.5', NULL);
INSERT INTO `orden_paquete` (`id`, `id_beneficiarios_clientes_id`, `nro_orden`, `fecha`, `weight`, `id_bulto_id`) VALUES (108, 9, 'SEP000000108', '2021-10-11', '1.5', NULL);
INSERT INTO `orden_paquete` (`id`, `id_beneficiarios_clientes_id`, `nro_orden`, `fecha`, `weight`, `id_bulto_id`) VALUES (109, 9, 'SEP000000109', '2021-10-11', '1.5', NULL);
INSERT INTO `orden_paquete` (`id`, `id_beneficiarios_clientes_id`, `nro_orden`, `fecha`, `weight`, `id_bulto_id`) VALUES (110, 9, 'SEP000000110', '2021-10-11', '1.5', NULL);
INSERT INTO `orden_paquete` (`id`, `id_beneficiarios_clientes_id`, `nro_orden`, `fecha`, `weight`, `id_bulto_id`) VALUES (111, 9, 'SEP000000111', '2021-10-11', '1.5', NULL);
INSERT INTO `orden_paquete` (`id`, `id_beneficiarios_clientes_id`, `nro_orden`, `fecha`, `weight`, `id_bulto_id`) VALUES (112, 9, 'SEP000000112', '2021-10-11', '1.5', NULL);
INSERT INTO `orden_paquete` (`id`, `id_beneficiarios_clientes_id`, `nro_orden`, `fecha`, `weight`, `id_bulto_id`) VALUES (113, 9, 'SEP000000113', '2021-10-11', '1.5', NULL);
INSERT INTO `orden_paquete` (`id`, `id_beneficiarios_clientes_id`, `nro_orden`, `fecha`, `weight`, `id_bulto_id`) VALUES (114, 9, 'SEP000000114', '2021-10-11', '1.5', NULL);
INSERT INTO `orden_paquete` (`id`, `id_beneficiarios_clientes_id`, `nro_orden`, `fecha`, `weight`, `id_bulto_id`) VALUES (115, 10, 'SEP000000115', '2021-10-11', '1.5', NULL);
INSERT INTO `orden_paquete` (`id`, `id_beneficiarios_clientes_id`, `nro_orden`, `fecha`, `weight`, `id_bulto_id`) VALUES (116, 10, 'SEP000000116', '2021-10-11', '1.5', NULL);
INSERT INTO `orden_paquete` (`id`, `id_beneficiarios_clientes_id`, `nro_orden`, `fecha`, `weight`, `id_bulto_id`) VALUES (117, 10, 'SEP000000117', '2021-10-11', '1.5', NULL);
INSERT INTO `orden_paquete` (`id`, `id_beneficiarios_clientes_id`, `nro_orden`, `fecha`, `weight`, `id_bulto_id`) VALUES (118, 10, 'SEP000000118', '2021-10-11', '1.5', NULL);
INSERT INTO `orden_paquete` (`id`, `id_beneficiarios_clientes_id`, `nro_orden`, `fecha`, `weight`, `id_bulto_id`) VALUES (119, 10, 'SEP000000119', '2021-10-11', '1.5', NULL);
INSERT INTO `orden_paquete` (`id`, `id_beneficiarios_clientes_id`, `nro_orden`, `fecha`, `weight`, `id_bulto_id`) VALUES (120, 10, 'SEP000000120', '2021-10-11', '1.5', NULL);
INSERT INTO `orden_paquete` (`id`, `id_beneficiarios_clientes_id`, `nro_orden`, `fecha`, `weight`, `id_bulto_id`) VALUES (121, 10, 'SEP000000121', '2021-10-11', '1.5', NULL);
INSERT INTO `orden_paquete` (`id`, `id_beneficiarios_clientes_id`, `nro_orden`, `fecha`, `weight`, `id_bulto_id`) VALUES (122, 10, 'SEP000000122', '2021-10-11', '1.5', NULL);
INSERT INTO `orden_paquete` (`id`, `id_beneficiarios_clientes_id`, `nro_orden`, `fecha`, `weight`, `id_bulto_id`) VALUES (123, 10, 'SEP000000123', '2021-10-11', '1.5', NULL);
INSERT INTO `orden_paquete` (`id`, `id_beneficiarios_clientes_id`, `nro_orden`, `fecha`, `weight`, `id_bulto_id`) VALUES (124, 10, 'SEP000000124', '2021-10-11', '1.5', NULL);
INSERT INTO `orden_paquete` (`id`, `id_beneficiarios_clientes_id`, `nro_orden`, `fecha`, `weight`, `id_bulto_id`) VALUES (125, 11, 'SEP000000125', '2021-10-11', '1.5', NULL);
INSERT INTO `orden_paquete` (`id`, `id_beneficiarios_clientes_id`, `nro_orden`, `fecha`, `weight`, `id_bulto_id`) VALUES (126, 11, 'SEP000000126', '2021-10-11', '1.5', NULL);
INSERT INTO `orden_paquete` (`id`, `id_beneficiarios_clientes_id`, `nro_orden`, `fecha`, `weight`, `id_bulto_id`) VALUES (127, 11, 'SEP000000127', '2021-10-11', '1.5', NULL);
INSERT INTO `orden_paquete` (`id`, `id_beneficiarios_clientes_id`, `nro_orden`, `fecha`, `weight`, `id_bulto_id`) VALUES (128, 11, 'SEP000000128', '2021-10-11', '1.5', NULL);
INSERT INTO `orden_paquete` (`id`, `id_beneficiarios_clientes_id`, `nro_orden`, `fecha`, `weight`, `id_bulto_id`) VALUES (129, 11, 'SEP000000129', '2021-10-11', '1.5', NULL);
INSERT INTO `orden_paquete` (`id`, `id_beneficiarios_clientes_id`, `nro_orden`, `fecha`, `weight`, `id_bulto_id`) VALUES (130, 11, 'SEP000000130', '2021-10-11', '1.5', NULL);
INSERT INTO `orden_paquete` (`id`, `id_beneficiarios_clientes_id`, `nro_orden`, `fecha`, `weight`, `id_bulto_id`) VALUES (131, 11, 'SEP000000131', '2021-10-11', '1.5', NULL);
INSERT INTO `orden_paquete` (`id`, `id_beneficiarios_clientes_id`, `nro_orden`, `fecha`, `weight`, `id_bulto_id`) VALUES (132, 11, 'SEP000000132', '2021-10-11', '1.5', NULL);
INSERT INTO `orden_paquete` (`id`, `id_beneficiarios_clientes_id`, `nro_orden`, `fecha`, `weight`, `id_bulto_id`) VALUES (133, 11, 'SEP000000133', '2021-10-11', '1.5', NULL);
INSERT INTO `orden_paquete` (`id`, `id_beneficiarios_clientes_id`, `nro_orden`, `fecha`, `weight`, `id_bulto_id`) VALUES (134, 11, 'SEP000000134', '2021-10-11', '1.5', NULL);
INSERT INTO `orden_paquete` (`id`, `id_beneficiarios_clientes_id`, `nro_orden`, `fecha`, `weight`, `id_bulto_id`) VALUES (135, 11, 'SEP000000135', '2021-10-11', '1.5', NULL);
INSERT INTO `orden_paquete` (`id`, `id_beneficiarios_clientes_id`, `nro_orden`, `fecha`, `weight`, `id_bulto_id`) VALUES (136, 11, 'SEP000000136', '2021-10-11', '1.5', NULL);
INSERT INTO `orden_paquete` (`id`, `id_beneficiarios_clientes_id`, `nro_orden`, `fecha`, `weight`, `id_bulto_id`) VALUES (137, 11, 'SEP000000137', '2021-10-11', '1.5', NULL);
INSERT INTO `orden_paquete` (`id`, `id_beneficiarios_clientes_id`, `nro_orden`, `fecha`, `weight`, `id_bulto_id`) VALUES (138, 11, 'SEP000000138', '2021-10-11', '1.5', NULL);
INSERT INTO `orden_paquete` (`id`, `id_beneficiarios_clientes_id`, `nro_orden`, `fecha`, `weight`, `id_bulto_id`) VALUES (139, 11, 'SEP000000139', '2021-10-11', '1.5', NULL);
INSERT INTO `orden_paquete` (`id`, `id_beneficiarios_clientes_id`, `nro_orden`, `fecha`, `weight`, `id_bulto_id`) VALUES (140, 11, 'SEP000000140', '2021-10-11', '1.5', NULL);
INSERT INTO `orden_paquete` (`id`, `id_beneficiarios_clientes_id`, `nro_orden`, `fecha`, `weight`, `id_bulto_id`) VALUES (141, 11, 'SEP000000141', '2021-10-11', '1.5', NULL);
INSERT INTO `orden_paquete` (`id`, `id_beneficiarios_clientes_id`, `nro_orden`, `fecha`, `weight`, `id_bulto_id`) VALUES (142, 11, 'SEP000000142', '2021-10-11', '1.5', NULL);
INSERT INTO `orden_paquete` (`id`, `id_beneficiarios_clientes_id`, `nro_orden`, `fecha`, `weight`, `id_bulto_id`) VALUES (143, 11, 'SEP000000143', '2021-10-11', '1.5', NULL);
INSERT INTO `orden_paquete` (`id`, `id_beneficiarios_clientes_id`, `nro_orden`, `fecha`, `weight`, `id_bulto_id`) VALUES (144, 11, 'SEP000000144', '2021-10-11', '1.5', NULL);
INSERT INTO `orden_paquete` (`id`, `id_beneficiarios_clientes_id`, `nro_orden`, `fecha`, `weight`, `id_bulto_id`) VALUES (145, 12, 'SEP000000145', '2021-10-11', '1.5', NULL);
INSERT INTO `orden_paquete` (`id`, `id_beneficiarios_clientes_id`, `nro_orden`, `fecha`, `weight`, `id_bulto_id`) VALUES (146, 12, 'SEP000000146', '2021-10-11', '1.5', NULL);
INSERT INTO `orden_paquete` (`id`, `id_beneficiarios_clientes_id`, `nro_orden`, `fecha`, `weight`, `id_bulto_id`) VALUES (147, 12, 'SEP000000147', '2021-10-11', '1.5', NULL);
INSERT INTO `orden_paquete` (`id`, `id_beneficiarios_clientes_id`, `nro_orden`, `fecha`, `weight`, `id_bulto_id`) VALUES (148, 13, 'SEP000000148', '2021-10-11', '1.5', NULL);
INSERT INTO `orden_paquete` (`id`, `id_beneficiarios_clientes_id`, `nro_orden`, `fecha`, `weight`, `id_bulto_id`) VALUES (149, 14, 'SEP000000149', '2021-10-11', '1.5', NULL);
INSERT INTO `orden_paquete` (`id`, `id_beneficiarios_clientes_id`, `nro_orden`, `fecha`, `weight`, `id_bulto_id`) VALUES (150, 15, 'SEP000000150', '2021-10-11', '1.5', NULL);
INSERT INTO `orden_paquete` (`id`, `id_beneficiarios_clientes_id`, `nro_orden`, `fecha`, `weight`, `id_bulto_id`) VALUES (151, 15, 'SEP000000151', '2021-10-11', '1.5', NULL);
INSERT INTO `orden_paquete` (`id`, `id_beneficiarios_clientes_id`, `nro_orden`, `fecha`, `weight`, `id_bulto_id`) VALUES (152, 15, 'SEP000000152', '2021-10-11', '1.5', NULL);
INSERT INTO `orden_paquete` (`id`, `id_beneficiarios_clientes_id`, `nro_orden`, `fecha`, `weight`, `id_bulto_id`) VALUES (153, 15, 'SEP000000153', '2021-10-11', '1.5', NULL);
INSERT INTO `orden_paquete` (`id`, `id_beneficiarios_clientes_id`, `nro_orden`, `fecha`, `weight`, `id_bulto_id`) VALUES (154, 15, 'SEP000000154', '2021-10-11', '1.5', NULL);
INSERT INTO `orden_paquete` (`id`, `id_beneficiarios_clientes_id`, `nro_orden`, `fecha`, `weight`, `id_bulto_id`) VALUES (155, 15, 'SEP000000155', '2021-10-11', '1.5', NULL);
INSERT INTO `orden_paquete` (`id`, `id_beneficiarios_clientes_id`, `nro_orden`, `fecha`, `weight`, `id_bulto_id`) VALUES (156, 15, 'SEP000000156', '2021-10-11', '1.5', NULL);
INSERT INTO `orden_paquete` (`id`, `id_beneficiarios_clientes_id`, `nro_orden`, `fecha`, `weight`, `id_bulto_id`) VALUES (157, 15, 'SEP000000157', '2021-10-11', '1.5', NULL);
INSERT INTO `orden_paquete` (`id`, `id_beneficiarios_clientes_id`, `nro_orden`, `fecha`, `weight`, `id_bulto_id`) VALUES (158, 15, 'SEP000000158', '2021-10-11', '1.5', NULL);
INSERT INTO `orden_paquete` (`id`, `id_beneficiarios_clientes_id`, `nro_orden`, `fecha`, `weight`, `id_bulto_id`) VALUES (159, 15, 'SEP000000159', '2021-10-11', '1.5', NULL);
INSERT INTO `orden_paquete` (`id`, `id_beneficiarios_clientes_id`, `nro_orden`, `fecha`, `weight`, `id_bulto_id`) VALUES (160, 6, 'SEP000000160', '2021-10-12', '1.5', NULL);
INSERT INTO `orden_paquete` (`id`, `id_beneficiarios_clientes_id`, `nro_orden`, `fecha`, `weight`, `id_bulto_id`) VALUES (161, 6, 'SEP000000161', '2021-10-12', '1.5', NULL);
INSERT INTO `orden_paquete` (`id`, `id_beneficiarios_clientes_id`, `nro_orden`, `fecha`, `weight`, `id_bulto_id`) VALUES (162, 6, 'SEP000000162', '2021-10-12', '1.5', NULL);
INSERT INTO `orden_paquete` (`id`, `id_beneficiarios_clientes_id`, `nro_orden`, `fecha`, `weight`, `id_bulto_id`) VALUES (163, 6, 'SEP000000163', '2021-10-12', '1.5', NULL);
INSERT INTO `orden_paquete` (`id`, `id_beneficiarios_clientes_id`, `nro_orden`, `fecha`, `weight`, `id_bulto_id`) VALUES (164, 6, 'SEP000000164', '2021-10-12', '1.5', NULL);
INSERT INTO `orden_paquete` (`id`, `id_beneficiarios_clientes_id`, `nro_orden`, `fecha`, `weight`, `id_bulto_id`) VALUES (165, 16, 'SEP000000165', '2021-10-12', '1.5', NULL);
INSERT INTO `orden_paquete` (`id`, `id_beneficiarios_clientes_id`, `nro_orden`, `fecha`, `weight`, `id_bulto_id`) VALUES (166, 16, 'SEP000000166', '2021-10-12', '1.5', NULL);
INSERT INTO `orden_paquete` (`id`, `id_beneficiarios_clientes_id`, `nro_orden`, `fecha`, `weight`, `id_bulto_id`) VALUES (167, 16, 'SEP000000167', '2021-10-12', '1.5', NULL);
INSERT INTO `orden_paquete` (`id`, `id_beneficiarios_clientes_id`, `nro_orden`, `fecha`, `weight`, `id_bulto_id`) VALUES (168, 16, 'SEP000000168', '2021-10-12', '1.5', NULL);
INSERT INTO `orden_paquete` (`id`, `id_beneficiarios_clientes_id`, `nro_orden`, `fecha`, `weight`, `id_bulto_id`) VALUES (169, 16, 'SEP000000169', '2021-10-12', '1.5', NULL);
INSERT INTO `orden_paquete` (`id`, `id_beneficiarios_clientes_id`, `nro_orden`, `fecha`, `weight`, `id_bulto_id`) VALUES (170, 16, 'SEP000000170', '2021-10-12', '1.5', NULL);
INSERT INTO `orden_paquete` (`id`, `id_beneficiarios_clientes_id`, `nro_orden`, `fecha`, `weight`, `id_bulto_id`) VALUES (171, 16, 'SEP000000171', '2021-10-12', '1.5', NULL);
INSERT INTO `orden_paquete` (`id`, `id_beneficiarios_clientes_id`, `nro_orden`, `fecha`, `weight`, `id_bulto_id`) VALUES (172, 16, 'SEP000000172', '2021-10-12', '1.5', NULL);
INSERT INTO `orden_paquete` (`id`, `id_beneficiarios_clientes_id`, `nro_orden`, `fecha`, `weight`, `id_bulto_id`) VALUES (173, 16, 'SEP000000173', '2021-10-12', '1.5', NULL);
INSERT INTO `orden_paquete` (`id`, `id_beneficiarios_clientes_id`, `nro_orden`, `fecha`, `weight`, `id_bulto_id`) VALUES (174, 16, 'SEP000000174', '2021-10-12', '1.5', NULL);
INSERT INTO `orden_paquete` (`id`, `id_beneficiarios_clientes_id`, `nro_orden`, `fecha`, `weight`, `id_bulto_id`) VALUES (175, 17, 'SEP000000175', '2021-10-12', '1,5', NULL);
INSERT INTO `orden_paquete` (`id`, `id_beneficiarios_clientes_id`, `nro_orden`, `fecha`, `weight`, `id_bulto_id`) VALUES (176, 17, 'SEP000000176', '2021-10-12', '1,5', NULL);
INSERT INTO `orden_paquete` (`id`, `id_beneficiarios_clientes_id`, `nro_orden`, `fecha`, `weight`, `id_bulto_id`) VALUES (177, 17, 'SEP000000177', '2021-10-12', '1,5', NULL);
INSERT INTO `orden_paquete` (`id`, `id_beneficiarios_clientes_id`, `nro_orden`, `fecha`, `weight`, `id_bulto_id`) VALUES (178, 17, 'SEP000000178', '2021-10-12', '1,5', NULL);
INSERT INTO `orden_paquete` (`id`, `id_beneficiarios_clientes_id`, `nro_orden`, `fecha`, `weight`, `id_bulto_id`) VALUES (179, 17, 'SEP000000179', '2021-10-12', '1,5', NULL);
INSERT INTO `orden_paquete` (`id`, `id_beneficiarios_clientes_id`, `nro_orden`, `fecha`, `weight`, `id_bulto_id`) VALUES (180, 17, 'SEP000000180', '2021-10-12', '1,5', NULL);
INSERT INTO `orden_paquete` (`id`, `id_beneficiarios_clientes_id`, `nro_orden`, `fecha`, `weight`, `id_bulto_id`) VALUES (181, 17, 'SEP000000181', '2021-10-12', '1,5', NULL);
INSERT INTO `orden_paquete` (`id`, `id_beneficiarios_clientes_id`, `nro_orden`, `fecha`, `weight`, `id_bulto_id`) VALUES (182, 17, 'SEP000000182', '2021-10-12', '1,5', NULL);
INSERT INTO `orden_paquete` (`id`, `id_beneficiarios_clientes_id`, `nro_orden`, `fecha`, `weight`, `id_bulto_id`) VALUES (183, 17, 'SEP000000183', '2021-10-12', '1,5', NULL);
INSERT INTO `orden_paquete` (`id`, `id_beneficiarios_clientes_id`, `nro_orden`, `fecha`, `weight`, `id_bulto_id`) VALUES (184, 17, 'SEP000000184', '2021-10-12', '1,5', NULL);
INSERT INTO `orden_paquete` (`id`, `id_beneficiarios_clientes_id`, `nro_orden`, `fecha`, `weight`, `id_bulto_id`) VALUES (185, 18, 'SEP000000185', '2021-10-12', '1.5', NULL);
INSERT INTO `orden_paquete` (`id`, `id_beneficiarios_clientes_id`, `nro_orden`, `fecha`, `weight`, `id_bulto_id`) VALUES (186, 18, 'SEP000000186', '2021-10-12', '1.5', NULL);
INSERT INTO `orden_paquete` (`id`, `id_beneficiarios_clientes_id`, `nro_orden`, `fecha`, `weight`, `id_bulto_id`) VALUES (187, 18, 'SEP000000187', '2021-10-12', '1.5', NULL);
INSERT INTO `orden_paquete` (`id`, `id_beneficiarios_clientes_id`, `nro_orden`, `fecha`, `weight`, `id_bulto_id`) VALUES (188, 18, 'SEP000000188', '2021-10-12', '1.5', NULL);
INSERT INTO `orden_paquete` (`id`, `id_beneficiarios_clientes_id`, `nro_orden`, `fecha`, `weight`, `id_bulto_id`) VALUES (189, 19, 'SEP000000189', '2021-10-18', '1.5', NULL);
INSERT INTO `orden_paquete` (`id`, `id_beneficiarios_clientes_id`, `nro_orden`, `fecha`, `weight`, `id_bulto_id`) VALUES (190, 20, 'SEP000000190', '2021-10-18', '1.5', NULL);
INSERT INTO `orden_paquete` (`id`, `id_beneficiarios_clientes_id`, `nro_orden`, `fecha`, `weight`, `id_bulto_id`) VALUES (191, 10, 'SEP000000191', '2021-10-18', '1.5', NULL);
INSERT INTO `orden_paquete` (`id`, `id_beneficiarios_clientes_id`, `nro_orden`, `fecha`, `weight`, `id_bulto_id`) VALUES (192, 10, 'SEP000000192', '2021-10-18', '1.5', NULL);
INSERT INTO `orden_paquete` (`id`, `id_beneficiarios_clientes_id`, `nro_orden`, `fecha`, `weight`, `id_bulto_id`) VALUES (193, 10, 'SEP000000193', '2021-10-18', '1.5', NULL);
INSERT INTO `orden_paquete` (`id`, `id_beneficiarios_clientes_id`, `nro_orden`, `fecha`, `weight`, `id_bulto_id`) VALUES (194, 10, 'SEP000000194', '2021-10-18', '1.5', NULL);
INSERT INTO `orden_paquete` (`id`, `id_beneficiarios_clientes_id`, `nro_orden`, `fecha`, `weight`, `id_bulto_id`) VALUES (195, 9, 'SEP000000195', '2021-10-18', '1.5', NULL);
INSERT INTO `orden_paquete` (`id`, `id_beneficiarios_clientes_id`, `nro_orden`, `fecha`, `weight`, `id_bulto_id`) VALUES (196, 9, 'SEP000000196', '2021-10-18', '1.5', NULL);
INSERT INTO `orden_paquete` (`id`, `id_beneficiarios_clientes_id`, `nro_orden`, `fecha`, `weight`, `id_bulto_id`) VALUES (197, 21, 'SEP000000197', '2021-10-18', '1.5', NULL);
INSERT INTO `orden_paquete` (`id`, `id_beneficiarios_clientes_id`, `nro_orden`, `fecha`, `weight`, `id_bulto_id`) VALUES (198, 21, 'SEP000000198', '2021-10-18', '1.5', NULL);
INSERT INTO `orden_paquete` (`id`, `id_beneficiarios_clientes_id`, `nro_orden`, `fecha`, `weight`, `id_bulto_id`) VALUES (199, 21, 'SEP000000199', '2021-10-18', '1.5', NULL);
INSERT INTO `orden_paquete` (`id`, `id_beneficiarios_clientes_id`, `nro_orden`, `fecha`, `weight`, `id_bulto_id`) VALUES (200, 21, 'SEP000000200', '2021-10-18', '1.5', NULL);
INSERT INTO `orden_paquete` (`id`, `id_beneficiarios_clientes_id`, `nro_orden`, `fecha`, `weight`, `id_bulto_id`) VALUES (201, 21, 'SEP000000201', '2021-10-18', '1.5', NULL);
INSERT INTO `orden_paquete` (`id`, `id_beneficiarios_clientes_id`, `nro_orden`, `fecha`, `weight`, `id_bulto_id`) VALUES (202, 21, 'SEP000000202', '2021-10-18', '1.5', NULL);
INSERT INTO `orden_paquete` (`id`, `id_beneficiarios_clientes_id`, `nro_orden`, `fecha`, `weight`, `id_bulto_id`) VALUES (203, 22, 'SEP000000203', '2021-10-18', '1.5', NULL);
INSERT INTO `orden_paquete` (`id`, `id_beneficiarios_clientes_id`, `nro_orden`, `fecha`, `weight`, `id_bulto_id`) VALUES (204, 23, 'SEP000000204', '2021-10-18', '1.5', NULL);
INSERT INTO `orden_paquete` (`id`, `id_beneficiarios_clientes_id`, `nro_orden`, `fecha`, `weight`, `id_bulto_id`) VALUES (205, 23, 'SEP000000205', '2021-10-18', '1.5', NULL);
INSERT INTO `orden_paquete` (`id`, `id_beneficiarios_clientes_id`, `nro_orden`, `fecha`, `weight`, `id_bulto_id`) VALUES (206, 23, 'SEP000000206', '2021-10-18', '1.5', NULL);
INSERT INTO `orden_paquete` (`id`, `id_beneficiarios_clientes_id`, `nro_orden`, `fecha`, `weight`, `id_bulto_id`) VALUES (207, 23, 'SEP000000207', '2021-10-18', '1.5', NULL);
INSERT INTO `orden_paquete` (`id`, `id_beneficiarios_clientes_id`, `nro_orden`, `fecha`, `weight`, `id_bulto_id`) VALUES (208, 23, 'SEP000000208', '2021-10-18', '1.5', NULL);
INSERT INTO `orden_paquete` (`id`, `id_beneficiarios_clientes_id`, `nro_orden`, `fecha`, `weight`, `id_bulto_id`) VALUES (209, 23, 'SEP000000209', '2021-10-18', '1.5', NULL);
INSERT INTO `orden_paquete` (`id`, `id_beneficiarios_clientes_id`, `nro_orden`, `fecha`, `weight`, `id_bulto_id`) VALUES (210, 24, 'SEP000000210', '2021-10-18', '1.5', NULL);
INSERT INTO `orden_paquete` (`id`, `id_beneficiarios_clientes_id`, `nro_orden`, `fecha`, `weight`, `id_bulto_id`) VALUES (211, 25, 'SEP000000211', '2021-10-20', '1.5', NULL);
INSERT INTO `orden_paquete` (`id`, `id_beneficiarios_clientes_id`, `nro_orden`, `fecha`, `weight`, `id_bulto_id`) VALUES (212, 25, 'SEP000000212', '2021-10-20', '10', NULL);
INSERT INTO `orden_paquete` (`id`, `id_beneficiarios_clientes_id`, `nro_orden`, `fecha`, `weight`, `id_bulto_id`) VALUES (213, 26, 'SEP000000213', '2021-10-23', '1.5', NULL);
INSERT INTO `orden_paquete` (`id`, `id_beneficiarios_clientes_id`, `nro_orden`, `fecha`, `weight`, `id_bulto_id`) VALUES (214, 26, 'SEP000000214', '2021-10-23', '1.5', NULL);
INSERT INTO `orden_paquete` (`id`, `id_beneficiarios_clientes_id`, `nro_orden`, `fecha`, `weight`, `id_bulto_id`) VALUES (215, 26, 'SEP000000215', '2021-10-23', '1.5', NULL);
INSERT INTO `orden_paquete` (`id`, `id_beneficiarios_clientes_id`, `nro_orden`, `fecha`, `weight`, `id_bulto_id`) VALUES (216, 26, 'SEP000000216', '2021-10-23', '1.5', NULL);
INSERT INTO `orden_paquete` (`id`, `id_beneficiarios_clientes_id`, `nro_orden`, `fecha`, `weight`, `id_bulto_id`) VALUES (217, 26, 'SEP000000217', '2021-10-23', '1.5', NULL);
INSERT INTO `orden_paquete` (`id`, `id_beneficiarios_clientes_id`, `nro_orden`, `fecha`, `weight`, `id_bulto_id`) VALUES (218, 26, 'SEP000000218', '2021-10-23', '1.5', NULL);
INSERT INTO `orden_paquete` (`id`, `id_beneficiarios_clientes_id`, `nro_orden`, `fecha`, `weight`, `id_bulto_id`) VALUES (219, 26, 'SEP000000219', '2021-10-23', '1.5', NULL);
INSERT INTO `orden_paquete` (`id`, `id_beneficiarios_clientes_id`, `nro_orden`, `fecha`, `weight`, `id_bulto_id`) VALUES (220, 26, 'SEP000000220', '2021-10-23', '1.5', NULL);
INSERT INTO `orden_paquete` (`id`, `id_beneficiarios_clientes_id`, `nro_orden`, `fecha`, `weight`, `id_bulto_id`) VALUES (221, 26, 'SEP000000221', '2021-10-23', '1.5', NULL);
INSERT INTO `orden_paquete` (`id`, `id_beneficiarios_clientes_id`, `nro_orden`, `fecha`, `weight`, `id_bulto_id`) VALUES (222, 26, 'SEP000000222', '2021-10-23', '1.5', NULL);
INSERT INTO `orden_paquete` (`id`, `id_beneficiarios_clientes_id`, `nro_orden`, `fecha`, `weight`, `id_bulto_id`) VALUES (223, 27, 'SEP000000223', '2021-10-23', '1.5', NULL);
INSERT INTO `orden_paquete` (`id`, `id_beneficiarios_clientes_id`, `nro_orden`, `fecha`, `weight`, `id_bulto_id`) VALUES (224, 28, 'SEP000000224', '2021-10-25', '1.5', NULL);
INSERT INTO `orden_paquete` (`id`, `id_beneficiarios_clientes_id`, `nro_orden`, `fecha`, `weight`, `id_bulto_id`) VALUES (225, 29, 'SEP000000225', '2021-10-25', '1.5', NULL);
INSERT INTO `orden_paquete` (`id`, `id_beneficiarios_clientes_id`, `nro_orden`, `fecha`, `weight`, `id_bulto_id`) VALUES (226, 29, 'SEP000000226', '2021-10-25', '1.5', NULL);
INSERT INTO `orden_paquete` (`id`, `id_beneficiarios_clientes_id`, `nro_orden`, `fecha`, `weight`, `id_bulto_id`) VALUES (227, 29, 'SEP000000227', '2021-10-25', '1.5', NULL);
INSERT INTO `orden_paquete` (`id`, `id_beneficiarios_clientes_id`, `nro_orden`, `fecha`, `weight`, `id_bulto_id`) VALUES (228, 30, 'SEP000000228', '2021-10-25', '1.5', NULL);
INSERT INTO `orden_paquete` (`id`, `id_beneficiarios_clientes_id`, `nro_orden`, `fecha`, `weight`, `id_bulto_id`) VALUES (229, 30, 'SEP000000229', '2021-10-25', '1.5', NULL);
INSERT INTO `orden_paquete` (`id`, `id_beneficiarios_clientes_id`, `nro_orden`, `fecha`, `weight`, `id_bulto_id`) VALUES (230, 31, 'SEP000000230', '2021-10-28', '1.5', NULL);
INSERT INTO `orden_paquete` (`id`, `id_beneficiarios_clientes_id`, `nro_orden`, `fecha`, `weight`, `id_bulto_id`) VALUES (231, 31, 'SEP000000231', '2021-10-28', '1.5', NULL);
INSERT INTO `orden_paquete` (`id`, `id_beneficiarios_clientes_id`, `nro_orden`, `fecha`, `weight`, `id_bulto_id`) VALUES (232, 32, 'SEP000000232', '2021-10-28', '1.5', NULL);
INSERT INTO `orden_paquete` (`id`, `id_beneficiarios_clientes_id`, `nro_orden`, `fecha`, `weight`, `id_bulto_id`) VALUES (233, 32, 'SEP000000233', '2021-10-28', '1.5', NULL);
INSERT INTO `orden_paquete` (`id`, `id_beneficiarios_clientes_id`, `nro_orden`, `fecha`, `weight`, `id_bulto_id`) VALUES (234, 32, 'SEP000000234', '2021-10-28', '1.5', NULL);
INSERT INTO `orden_paquete` (`id`, `id_beneficiarios_clientes_id`, `nro_orden`, `fecha`, `weight`, `id_bulto_id`) VALUES (235, 32, 'SEP000000235', '2021-10-28', '1.5', NULL);
INSERT INTO `orden_paquete` (`id`, `id_beneficiarios_clientes_id`, `nro_orden`, `fecha`, `weight`, `id_bulto_id`) VALUES (236, 32, 'SEP000000236', '2021-10-28', '1.5', NULL);
INSERT INTO `orden_paquete` (`id`, `id_beneficiarios_clientes_id`, `nro_orden`, `fecha`, `weight`, `id_bulto_id`) VALUES (237, 32, 'SEP000000237', '2021-10-28', '10', NULL);
INSERT INTO `orden_paquete` (`id`, `id_beneficiarios_clientes_id`, `nro_orden`, `fecha`, `weight`, `id_bulto_id`) VALUES (238, 32, 'SEP000000238', '2021-10-28', '1.5', NULL);
INSERT INTO `orden_paquete` (`id`, `id_beneficiarios_clientes_id`, `nro_orden`, `fecha`, `weight`, `id_bulto_id`) VALUES (239, 32, 'SEP000000239', '2021-10-28', '1.5', NULL);
INSERT INTO `orden_paquete` (`id`, `id_beneficiarios_clientes_id`, `nro_orden`, `fecha`, `weight`, `id_bulto_id`) VALUES (240, 32, 'SEP000000240', '2021-10-28', '1.5', NULL);
INSERT INTO `orden_paquete` (`id`, `id_beneficiarios_clientes_id`, `nro_orden`, `fecha`, `weight`, `id_bulto_id`) VALUES (241, 32, 'SEP000000241', '2021-10-28', '1.5', NULL);
INSERT INTO `orden_paquete` (`id`, `id_beneficiarios_clientes_id`, `nro_orden`, `fecha`, `weight`, `id_bulto_id`) VALUES (242, 32, 'SEP000000242', '2021-10-28', '1.5', NULL);
INSERT INTO `orden_paquete` (`id`, `id_beneficiarios_clientes_id`, `nro_orden`, `fecha`, `weight`, `id_bulto_id`) VALUES (243, 32, 'SEP000000243', '2021-10-28', '10', NULL);
INSERT INTO `orden_paquete` (`id`, `id_beneficiarios_clientes_id`, `nro_orden`, `fecha`, `weight`, `id_bulto_id`) VALUES (244, 28, 'SEP000000244', '2021-11-03', '1.5', NULL);
INSERT INTO `orden_paquete` (`id`, `id_beneficiarios_clientes_id`, `nro_orden`, `fecha`, `weight`, `id_bulto_id`) VALUES (245, 28, 'SEP000000245', '2021-11-03', '1.5', NULL);
INSERT INTO `orden_paquete` (`id`, `id_beneficiarios_clientes_id`, `nro_orden`, `fecha`, `weight`, `id_bulto_id`) VALUES (246, 33, 'SEP000000246', '2021-11-05', '1.5', NULL);
INSERT INTO `orden_paquete` (`id`, `id_beneficiarios_clientes_id`, `nro_orden`, `fecha`, `weight`, `id_bulto_id`) VALUES (247, 33, 'SEP000000247', '2021-11-05', '1.5', NULL);
INSERT INTO `orden_paquete` (`id`, `id_beneficiarios_clientes_id`, `nro_orden`, `fecha`, `weight`, `id_bulto_id`) VALUES (248, 34, 'SEP000000248', '2021-11-05', '1.5', NULL);
INSERT INTO `orden_paquete` (`id`, `id_beneficiarios_clientes_id`, `nro_orden`, `fecha`, `weight`, `id_bulto_id`) VALUES (249, 35, 'SEP000000249', '2021-11-05', '1.5', NULL);
INSERT INTO `orden_paquete` (`id`, `id_beneficiarios_clientes_id`, `nro_orden`, `fecha`, `weight`, `id_bulto_id`) VALUES (250, 30, 'SEP000000250', '2021-11-08', '1.5', NULL);
INSERT INTO `orden_paquete` (`id`, `id_beneficiarios_clientes_id`, `nro_orden`, `fecha`, `weight`, `id_bulto_id`) VALUES (251, 36, 'SEP000000251', '2021-11-08', '1.5', NULL);
INSERT INTO `orden_paquete` (`id`, `id_beneficiarios_clientes_id`, `nro_orden`, `fecha`, `weight`, `id_bulto_id`) VALUES (252, 37, 'SEP000000252', '2021-11-08', '1.5', NULL);
INSERT INTO `orden_paquete` (`id`, `id_beneficiarios_clientes_id`, `nro_orden`, `fecha`, `weight`, `id_bulto_id`) VALUES (253, 37, 'SEP000000253', '2021-11-08', '1.5', NULL);
INSERT INTO `orden_paquete` (`id`, `id_beneficiarios_clientes_id`, `nro_orden`, `fecha`, `weight`, `id_bulto_id`) VALUES (254, 37, 'SEP000000254', '2021-11-08', '1.5', NULL);
INSERT INTO `orden_paquete` (`id`, `id_beneficiarios_clientes_id`, `nro_orden`, `fecha`, `weight`, `id_bulto_id`) VALUES (255, 38, 'SEP000000255', '2021-12-09', '12', NULL);
INSERT INTO `orden_trabajo` (`id`, `id_unidad_id`, `id_almacen_id`, `codigo`, `descripcion`, `activo`, `anno`) VALUES (3, 1, 2, 'OT-01', 'Combo de Alimento', 1, 2022);
INSERT INTO `pais` (`id`, `nombre`, `activo`) VALUES (1, 'Cuba', 1);
INSERT INTO `pais` (`id`, `nombre`, `activo`) VALUES (2, 'Dominicana', 1);
INSERT INTO `periodo_sistema` (`id`, `id_unidad_id`, `id_almacen_id`, `id_usuario_id`, `mes`, `anno`, `tipo`, `fecha`, `cerrado`) VALUES (18, 1, 1, 1, 1, 2022, 1, '2022-01-08', 0);
INSERT INTO `periodo_sistema` (`id`, `id_unidad_id`, `id_almacen_id`, `id_usuario_id`, `mes`, `anno`, `tipo`, `fecha`, `cerrado`) VALUES (19, 1, 3, 1, 1, 2022, 1, '2022-01-08', 0);
INSERT INTO `periodo_sistema` (`id`, `id_unidad_id`, `id_almacen_id`, `id_usuario_id`, `mes`, `anno`, `tipo`, `fecha`, `cerrado`) VALUES (20, 1, 2, 1, 1, 2022, 1, '2022-01-08', 0);
INSERT INTO `periodo_sistema` (`id`, `id_unidad_id`, `id_almacen_id`, `id_usuario_id`, `mes`, `anno`, `tipo`, `fecha`, `cerrado`) VALUES (21, 1, 6, 1, 1, 2022, 1, '2022-01-08', 0);
INSERT INTO `plazos_pago_cotizacion` (`id`, `id_cotizacion_id`, `fecha`, `cuota`) VALUES (2, 24, '2022-01-16', 37.28);
INSERT INTO `plazos_pago_cotizacion` (`id`, `id_cotizacion_id`, `fecha`, `cuota`) VALUES (3, 24, '2022-01-23', 37.28);
INSERT INTO `plazos_pago_cotizacion` (`id`, `id_cotizacion_id`, `fecha`, `cuota`) VALUES (4, 24, '2022-01-30', 37.28);
INSERT INTO `plazos_pago_cotizacion` (`id`, `id_cotizacion_id`, `fecha`, `cuota`) VALUES (5, 24, '2022-02-04', 33.3);
INSERT INTO `plazos_pago_cotizacion` (`id`, `id_cotizacion_id`, `fecha`, `cuota`) VALUES (6, 25, '2022-01-15', 123);
INSERT INTO `por_ciento_nominas` (`id`, `por_ciento`, `criterio`, `denominacion`, `activo`) VALUES (1, 3.04, 'ARS', 1, 1);
INSERT INTO `por_ciento_nominas` (`id`, `por_ciento`, `criterio`, `denominacion`, `activo`) VALUES (2, 2.87, 'AFP', 1, 1);
INSERT INTO `por_ciento_nominas` (`id`, `por_ciento`, `criterio`, `denominacion`, `activo`) VALUES (3, 2.5, 'COOPERATIVA', 1, 1);
INSERT INTO `por_ciento_nominas` (`id`, `por_ciento`, `criterio`, `denominacion`, `activo`) VALUES (4, 7.1, 'AFP', 2, 1);
INSERT INTO `por_ciento_nominas` (`id`, `por_ciento`, `criterio`, `denominacion`, `activo`) VALUES (5, 7.09, 'SFS', 2, 1);
INSERT INTO `por_ciento_nominas` (`id`, `por_ciento`, `criterio`, `denominacion`, `activo`) VALUES (6, 1.1, 'SRL', 2, 1);
INSERT INTO `por_ciento_nominas` (`id`, `por_ciento`, `criterio`, `denominacion`, `activo`) VALUES (7, 1, 'Infotep', 2, 1);
INSERT INTO `proveedor` (`id`, `pais_id`, `nombre`, `codigo`, `activo`, `email`, `celular`, `telefono1`, `telefono2`) VALUES (1, 1, 'Combinado', '89102815009', 1, 'kahveahd@gmail.com', '55816826', '458152', '11111');
INSERT INTO `proveedor` (`id`, `pais_id`, `nombre`, `codigo`, `activo`, `email`, `celular`, `telefono1`, `telefono2`) VALUES (2, 1, 'Proveedor visado', '89563623', 1, 'kahveahd@gmail.com', '11111', '', '');
INSERT INTO `proveedor` (`id`, `pais_id`, `nombre`, `codigo`, `activo`, `email`, `celular`, `telefono1`, `telefono2`) VALUES (3, 1, 'proveedor de remesa', '896325', 1, 'kahveahd@gmail.com', '2222222', '', '');
INSERT INTO `proveedor` (`id`, `pais_id`, `nombre`, `codigo`, `activo`, `email`, `celular`, `telefono1`, `telefono2`) VALUES (4, 1, 'Proveedor de Telefonía', '111', 1, 'kahveahd@gmail.com', '22222', '', '');
INSERT INTO `proveedor` (`id`, `pais_id`, `nombre`, `codigo`, `activo`, `email`, `celular`, `telefono1`, `telefono2`) VALUES (9, NULL, 'Empresa Tecnologica de China, XiaomiCorp', '01.01.01', 1, NULL, NULL, NULL, NULL);
INSERT INTO `proveedor` (`id`, `pais_id`, `nombre`, `codigo`, `activo`, `email`, `celular`, `telefono1`, `telefono2`) VALUES (10, NULL, 'DELL Enterprise', '01.01.02', 1, NULL, NULL, NULL, NULL);
INSERT INTO `proveedor` (`id`, `pais_id`, `nombre`, `codigo`, `activo`, `email`, `celular`, `telefono1`, `telefono2`) VALUES (11, NULL, 'AppleInc', '01.01.04', 1, NULL, NULL, NULL, NULL);
INSERT INTO `proveedor` (`id`, `pais_id`, `nombre`, `codigo`, `activo`, `email`, `celular`, `telefono1`, `telefono2`) VALUES (12, NULL, 'MediCare HealtHelp', '01.02.03', 1, NULL, NULL, NULL, NULL);
INSERT INTO `proveedor` (`id`, `pais_id`, `nombre`, `codigo`, `activo`, `email`, `celular`, `telefono1`, `telefono2`) VALUES (13, 1, 'Nuevo Proveedor 111112', '123', 1, 'sss@ss.com', '123654789', '', '');
INSERT INTO `proveedor` (`id`, `pais_id`, `nombre`, `codigo`, `activo`, `email`, `celular`, `telefono1`, `telefono2`) VALUES (14, NULL, 'Empresa de Materiales de Oficina', '01.01.01.1', 1, NULL, NULL, NULL, NULL);
INSERT INTO `proveedor` (`id`, `pais_id`, `nombre`, `codigo`, `activo`, `email`, `celular`, `telefono1`, `telefono2`) VALUES (15, 1, 'Cubana de Aviacion', '1.1.1', 1, 'cubana@cuba.cu', '', '', '');
INSERT INTO `proveedor_unidad` (`id`, `proveedor_id`, `unidad_id`) VALUES (1, 1, 1);
INSERT INTO `proveedor_unidad` (`id`, `proveedor_id`, `unidad_id`) VALUES (2, 2, 1);
INSERT INTO `proveedor_unidad` (`id`, `proveedor_id`, `unidad_id`) VALUES (3, 3, 1);
INSERT INTO `proveedor_unidad` (`id`, `proveedor_id`, `unidad_id`) VALUES (4, 4, 1);
INSERT INTO `proveedor_unidad` (`id`, `proveedor_id`, `unidad_id`) VALUES (6, 11, 1);
INSERT INTO `proveedor_unidad` (`id`, `proveedor_id`, `unidad_id`) VALUES (7, 10, 1);
INSERT INTO `proveedor_unidad` (`id`, `proveedor_id`, `unidad_id`) VALUES (8, 13, 1);
INSERT INTO `proveedor_unidad` (`id`, `proveedor_id`, `unidad_id`) VALUES (9, 15, 1);
INSERT INTO `proveedor_unidad_servicios` (`id`, `servicio_id`, `proveedor_unidad_id`, `activo`, `id_subservicio_id`, `costo`, `precio`) VALUES (2, 11, 2, 1, NULL, NULL, 6);
INSERT INTO `proveedor_unidad_servicios` (`id`, `servicio_id`, `proveedor_unidad_id`, `activo`, `id_subservicio_id`, `costo`, `precio`) VALUES (3, 4, 3, 1, NULL, NULL, 7);
INSERT INTO `proveedor_unidad_servicios` (`id`, `servicio_id`, `proveedor_unidad_id`, `activo`, `id_subservicio_id`, `costo`, `precio`) VALUES (4, 4, 4, 1, NULL, NULL, 5);
INSERT INTO `proveedor_unidad_servicios` (`id`, `servicio_id`, `proveedor_unidad_id`, `activo`, `id_subservicio_id`, `costo`, `precio`) VALUES (8, 1, 1, 1, 4, 500, 8);
INSERT INTO `proveedor_unidad_servicios` (`id`, `servicio_id`, `proveedor_unidad_id`, `activo`, `id_subservicio_id`, `costo`, `precio`) VALUES (10, 1, 1, 1, 6, 1000, 10);
INSERT INTO `proveedor_unidad_servicios` (`id`, `servicio_id`, `proveedor_unidad_id`, `activo`, `id_subservicio_id`, `costo`, `precio`) VALUES (11, 1, 3, 1, 4, 11, 100);
INSERT INTO `proveedor_unidad_servicios` (`id`, `servicio_id`, `proveedor_unidad_id`, `activo`, `id_subservicio_id`, `costo`, `precio`) VALUES (15, 5, 9, 1, NULL, 0, 0);
INSERT INTO `proveedor_unidad_servicios` (`id`, `servicio_id`, `proveedor_unidad_id`, `activo`, `id_subservicio_id`, `costo`, `precio`) VALUES (16, 1, 6, 1, 4, 500, 550);
INSERT INTO `proveedor_unidad_servicios` (`id`, `servicio_id`, `proveedor_unidad_id`, `activo`, `id_subservicio_id`, `costo`, `precio`) VALUES (17, 2, 6, 1, NULL, 0, 0);
INSERT INTO `proveedor_unidad_servicios` (`id`, `servicio_id`, `proveedor_unidad_id`, `activo`, `id_subservicio_id`, `costo`, `precio`) VALUES (18, 3, 6, 1, 2, 10, 15);
INSERT INTO `provincias` (`id`, `pais_id`, `code`, `nombre`, `id_pais`, `activo`) VALUES (1, 1, 'Habana', 'Habana', 1, 0);
INSERT INTO `provincias` (`id`, `pais_id`, `code`, `nombre`, `id_pais`, `activo`) VALUES (2, 1, 'Pinar del Rio', 'Pinar del Rio', 1, 1);
INSERT INTO `provincias` (`id`, `pais_id`, `code`, `nombre`, `id_pais`, `activo`) VALUES (3, 1, 'Matanzas', 'Matanzas', 1, 1);
INSERT INTO `provincias` (`id`, `pais_id`, `code`, `nombre`, `id_pais`, `activo`) VALUES (4, 1, 'Santiago de Cuba', 'Santiago de Cuba', 1, 1);
INSERT INTO `provincias` (`id`, `pais_id`, `code`, `nombre`, `id_pais`, `activo`) VALUES (5, 1, 'Cienfuegos', 'Cienfuegos', 1, 1);
INSERT INTO `provincias` (`id`, `pais_id`, `code`, `nombre`, `id_pais`, `activo`) VALUES (6, 1, 'Artemisa', 'Artemisa', 1, 1);
INSERT INTO `provincias` (`id`, `pais_id`, `code`, `nombre`, `id_pais`, `activo`) VALUES (7, 1, 'La Habana', 'La Habana', 1, 1);
INSERT INTO `provincias` (`id`, `pais_id`, `code`, `nombre`, `id_pais`, `activo`) VALUES (8, 1, 'Mayabeque', 'Mayabeque', 1, 1);
INSERT INTO `provincias` (`id`, `pais_id`, `code`, `nombre`, `id_pais`, `activo`) VALUES (9, 1, 'Villa Clara', 'Villa Clara', 1, 1);
INSERT INTO `provincias` (`id`, `pais_id`, `code`, `nombre`, `id_pais`, `activo`) VALUES (10, 1, 'Sancti Spíritus', 'Sancti Spíritus', 1, 1);
INSERT INTO `provincias` (`id`, `pais_id`, `code`, `nombre`, `id_pais`, `activo`) VALUES (11, 1, 'Ciego de Ávila', 'Ciego de Ávila', 1, 1);
INSERT INTO `provincias` (`id`, `pais_id`, `code`, `nombre`, `id_pais`, `activo`) VALUES (12, 1, 'Camagüey', 'Camagüey', 1, 1);
INSERT INTO `provincias` (`id`, `pais_id`, `code`, `nombre`, `id_pais`, `activo`) VALUES (13, 1, 'Las Tunas', 'Las Tunas', 1, 1);
INSERT INTO `provincias` (`id`, `pais_id`, `code`, `nombre`, `id_pais`, `activo`) VALUES (14, 1, 'Holguín', 'Holguín', 1, 1);
INSERT INTO `provincias` (`id`, `pais_id`, `code`, `nombre`, `id_pais`, `activo`) VALUES (15, 1, 'Granma', 'Granma', 1, 1);
INSERT INTO `provincias` (`id`, `pais_id`, `code`, `nombre`, `id_pais`, `activo`) VALUES (16, 1, 'Guantánamo', 'Guantánamo', 1, 1);
INSERT INTO `provincias` (`id`, `pais_id`, `code`, `nombre`, `id_pais`, `activo`) VALUES (17, 1, 'Isla de la Juventud', 'Isla de la Juventud', 1, 1);
INSERT INTO `puesto_trabajo` (`id`, `id_almacen_id`, `id_unidad_id`, `nombre_impresora`, `puesto_trabajo`, `activo`, `caja_registradora`) VALUES (4, 4, 1, 'P80', 'P-08', 1, 'C!');
INSERT INTO `puesto_trabajo` (`id`, `id_almacen_id`, `id_unidad_id`, `nombre_impresora`, `puesto_trabajo`, `activo`, `caja_registradora`) VALUES (5, NULL, 1, '', '', 0, '');
INSERT INTO `puesto_trabajo` (`id`, `id_almacen_id`, `id_unidad_id`, `nombre_impresora`, `puesto_trabajo`, `activo`, `caja_registradora`) VALUES (6, NULL, 1, '', 'sdjksahdjksahd', 0, '');
INSERT INTO `puesto_trabajo` (`id`, `id_almacen_id`, `id_unidad_id`, `nombre_impresora`, `puesto_trabajo`, `activo`, `caja_registradora`) VALUES (7, NULL, 1, 'PS-80', 'Puesto 1', 1, '');
INSERT INTO `registro_comprobantes` (`id`, `id_unidad_id`, `id_tipo_comprobante_id`, `id_usuario_id`, `id_almacen_id`, `id_instrumento_cobro_id`, `nro_consecutivo`, `fecha`, `descripcion`, `debito`, `credito`, `anno`, `tipo`, `documento`) VALUES (63, 1, 2, 1, 2, NULL, 1, '2022-01-09', 'Contabilizando las operaciones del almacen de mercancias del dia 8-1-2022', 212833.34, 212833.34, 2022, 1, NULL);
INSERT INTO `registro_comprobantes` (`id`, `id_unidad_id`, `id_tipo_comprobante_id`, `id_usuario_id`, `id_almacen_id`, `id_instrumento_cobro_id`, `nro_consecutivo`, `fecha`, `descripcion`, `debito`, `credito`, `anno`, `tipo`, `documento`) VALUES (64, 1, 2, 1, 1, NULL, 2, '2022-01-09', 'Contabilizando las operaciones de inventario del almacen de materias primas del dia 8-1-2022', 49085, 49085, 2022, 1, NULL);
INSERT INTO `registro_comprobantes` (`id`, `id_unidad_id`, `id_tipo_comprobante_id`, `id_usuario_id`, `id_almacen_id`, `id_instrumento_cobro_id`, `nro_consecutivo`, `fecha`, `descripcion`, `debito`, `credito`, `anno`, `tipo`, `documento`) VALUES (65, 1, 2, 1, 3, NULL, 3, '2022-01-09', 'Contabilizando las operaciones de inventario del almacen de produccion del dia 8-1-2022', 72833.34, 72833.34, 2022, 1, NULL);
INSERT INTO `registro_comprobantes` (`id`, `id_unidad_id`, `id_tipo_comprobante_id`, `id_usuario_id`, `id_almacen_id`, `id_instrumento_cobro_id`, `nro_consecutivo`, `fecha`, `descripcion`, `debito`, `credito`, `anno`, `tipo`, `documento`) VALUES (66, 1, 1, 1, NULL, 3, 4, '2022-01-09', 'Craendo saldo de apertura de la Empresa', 1250000, 1250000, 2022, 3, 'CH-0001');
INSERT INTO `registro_comprobantes` (`id`, `id_unidad_id`, `id_tipo_comprobante_id`, `id_usuario_id`, `id_almacen_id`, `id_instrumento_cobro_id`, `nro_consecutivo`, `fecha`, `descripcion`, `debito`, `credito`, `anno`, `tipo`, `documento`) VALUES (67, 1, 2, 1, NULL, NULL, 5, '2022-01-09', 'Pagando Factura FI-0001', 200, 200, 2022, 3, '');
INSERT INTO `registro_comprobantes` (`id`, `id_unidad_id`, `id_tipo_comprobante_id`, `id_usuario_id`, `id_almacen_id`, `id_instrumento_cobro_id`, `nro_consecutivo`, `fecha`, `descripcion`, `debito`, `credito`, `anno`, `tipo`, `documento`) VALUES (68, 1, 2, 1, 3, NULL, 6, '2022-01-10', 'Contabilizando el movimiento de inventario del dia 9-1-2022, con las ventas del dia', 1400, 1400, 2022, 1, NULL);
INSERT INTO `registro_comprobantes` (`id`, `id_unidad_id`, `id_tipo_comprobante_id`, `id_usuario_id`, `id_almacen_id`, `id_instrumento_cobro_id`, `nro_consecutivo`, `fecha`, `descripcion`, `debito`, `credito`, `anno`, `tipo`, `documento`) VALUES (69, 1, 2, 1, 2, NULL, 7, '2022-01-10', 'Contabilizando inventario del dia 9-1-2022 del almacen de productos', 2546.67, 2546.67, 2022, 1, NULL);
INSERT INTO `registro_comprobantes` (`id`, `id_unidad_id`, `id_tipo_comprobante_id`, `id_usuario_id`, `id_almacen_id`, `id_instrumento_cobro_id`, `nro_consecutivo`, `fecha`, `descripcion`, `debito`, `credito`, `anno`, `tipo`, `documento`) VALUES (70, 1, 2, 1, NULL, NULL, 8, '2022-01-10', 'contabilizando las ventas del dia 9-1-2022', 5, 5, 2022, 2, NULL);
INSERT INTO `registro_comprobantes` (`id`, `id_unidad_id`, `id_tipo_comprobante_id`, `id_usuario_id`, `id_almacen_id`, `id_instrumento_cobro_id`, `nro_consecutivo`, `fecha`, `descripcion`, `debito`, `credito`, `anno`, `tipo`, `documento`) VALUES (71, 1, 2, 1, NULL, NULL, 9, '2022-01-10', 'Contabilizando la ventsa de servicios', 1, 1, 2022, 2, NULL);
INSERT INTO `registro_comprobantes` (`id`, `id_unidad_id`, `id_tipo_comprobante_id`, `id_usuario_id`, `id_almacen_id`, `id_instrumento_cobro_id`, `nro_consecutivo`, `fecha`, `descripcion`, `debito`, `credito`, `anno`, `tipo`, `documento`) VALUES (72, 1, 2, 1, NULL, NULL, 10, '2022-01-10', 'contabilizando la venta de servicios', 1, 1, 2022, 2, NULL);
INSERT INTO `registro_comprobantes` (`id`, `id_unidad_id`, `id_tipo_comprobante_id`, `id_usuario_id`, `id_almacen_id`, `id_instrumento_cobro_id`, `nro_consecutivo`, `fecha`, `descripcion`, `debito`, `credito`, `anno`, `tipo`, `documento`) VALUES (73, 1, 2, 1, NULL, NULL, 11, '2022-01-10', 'contabilizando la venta de servicios', 1, 1, 2022, 2, NULL);
INSERT INTO `registro_comprobantes` (`id`, `id_unidad_id`, `id_tipo_comprobante_id`, `id_usuario_id`, `id_almacen_id`, `id_instrumento_cobro_id`, `nro_consecutivo`, `fecha`, `descripcion`, `debito`, `credito`, `anno`, `tipo`, `documento`) VALUES (74, 1, 2, 1, NULL, NULL, 11, '2022-01-10', 'pagando primera quincena', 82653, 82653, 2022, 6, NULL);
INSERT INTO `registro_comprobantes` (`id`, `id_unidad_id`, `id_tipo_comprobante_id`, `id_usuario_id`, `id_almacen_id`, `id_instrumento_cobro_id`, `nro_consecutivo`, `fecha`, `descripcion`, `debito`, `credito`, `anno`, `tipo`, `documento`) VALUES (75, 1, 2, 1, NULL, NULL, 12, '2022-01-10', 'para pagar a otro', 82653, 82653, 2022, 6, NULL);
INSERT INTO `registro_comprobantes` (`id`, `id_unidad_id`, `id_tipo_comprobante_id`, `id_usuario_id`, `id_almacen_id`, `id_instrumento_cobro_id`, `nro_consecutivo`, `fecha`, `descripcion`, `debito`, `credito`, `anno`, `tipo`, `documento`) VALUES (76, 1, 2, 1, NULL, NULL, 13, '2022-01-10', 'pagando primera quincena del enero 2022', 125069.66, 125069.66, 2022, 6, NULL);
INSERT INTO `registro_comprobantes` (`id`, `id_unidad_id`, `id_tipo_comprobante_id`, `id_usuario_id`, `id_almacen_id`, `id_instrumento_cobro_id`, `nro_consecutivo`, `fecha`, `descripcion`, `debito`, `credito`, `anno`, `tipo`, `documento`) VALUES (77, 1, 2, 1, NULL, NULL, 14, '2022-01-08', 'pagando mes 13', 158768545.09, 158768545.09, 2022, 6, NULL);
INSERT INTO `registro_comprobantes` (`id`, `id_unidad_id`, `id_tipo_comprobante_id`, `id_usuario_id`, `id_almacen_id`, `id_instrumento_cobro_id`, `nro_consecutivo`, `fecha`, `descripcion`, `debito`, `credito`, `anno`, `tipo`, `documento`) VALUES (78, 1, 2, 1, NULL, NULL, 16, '2022-01-10', 'Pagando Factura FACT-5', 1, 1, 2022, 3, '');
INSERT INTO `registro_comprobantes` (`id`, `id_unidad_id`, `id_tipo_comprobante_id`, `id_usuario_id`, `id_almacen_id`, `id_instrumento_cobro_id`, `nro_consecutivo`, `fecha`, `descripcion`, `debito`, `credito`, `anno`, `tipo`, `documento`) VALUES (79, 1, 2, 1, NULL, NULL, 17, '2022-01-10', 'Pagando Factura FI-0001', 50, 50, 2022, 3, '');
INSERT INTO `registro_comprobantes` (`id`, `id_unidad_id`, `id_tipo_comprobante_id`, `id_usuario_id`, `id_almacen_id`, `id_instrumento_cobro_id`, `nro_consecutivo`, `fecha`, `descripcion`, `debito`, `credito`, `anno`, `tipo`, `documento`) VALUES (80, 1, 2, 1, NULL, NULL, 18, '2022-01-10', 'Pagando Factura F-2', 2, 2, 2022, 3, '');
INSERT INTO `registro_comprobantes` (`id`, `id_unidad_id`, `id_tipo_comprobante_id`, `id_usuario_id`, `id_almacen_id`, `id_instrumento_cobro_id`, `nro_consecutivo`, `fecha`, `descripcion`, `debito`, `credito`, `anno`, `tipo`, `documento`) VALUES (81, 1, 2, 1, NULL, NULL, 19, '2022-01-10', 'Pagando Factura FACT-9', 5, 5, 2022, 3, '');
INSERT INTO `registro_comprobantes` (`id`, `id_unidad_id`, `id_tipo_comprobante_id`, `id_usuario_id`, `id_almacen_id`, `id_instrumento_cobro_id`, `nro_consecutivo`, `fecha`, `descripcion`, `debito`, `credito`, `anno`, `tipo`, `documento`) VALUES (82, 1, 1, 1, NULL, 2, 20, '2022-01-10', 'pagando gastos', 100, 100, 2022, 3, 'CH-000132');
INSERT INTO `registro_comprobantes` (`id`, `id_unidad_id`, `id_tipo_comprobante_id`, `id_usuario_id`, `id_almacen_id`, `id_instrumento_cobro_id`, `nro_consecutivo`, `fecha`, `descripcion`, `debito`, `credito`, `anno`, `tipo`, `documento`) VALUES (83, 1, 2, 1, NULL, 2, 21, '2022-01-10', 'sdsdsdsdsds', 110, 110, 2022, 3, '2222');
INSERT INTO `registro_comprobantes` (`id`, `id_unidad_id`, `id_tipo_comprobante_id`, `id_usuario_id`, `id_almacen_id`, `id_instrumento_cobro_id`, `nro_consecutivo`, `fecha`, `descripcion`, `debito`, `credito`, `anno`, `tipo`, `documento`) VALUES (84, 1, 2, 1, NULL, NULL, 22, '2022-01-15', 'Pagando Factura F-1', 3, 3, 2022, 3, '');
INSERT INTO `registro_comprobantes` (`id`, `id_unidad_id`, `id_tipo_comprobante_id`, `id_usuario_id`, `id_almacen_id`, `id_instrumento_cobro_id`, `nro_consecutivo`, `fecha`, `descripcion`, `debito`, `credito`, `anno`, `tipo`, `documento`) VALUES (85, 1, 2, 1, NULL, NULL, 23, '2022-01-15', 'Pagando Factura F-1', 3, 3, 2022, 3, '');
INSERT INTO `registro_comprobantes` (`id`, `id_unidad_id`, `id_tipo_comprobante_id`, `id_usuario_id`, `id_almacen_id`, `id_instrumento_cobro_id`, `nro_consecutivo`, `fecha`, `descripcion`, `debito`, `credito`, `anno`, `tipo`, `documento`) VALUES (86, 1, 2, 1, NULL, NULL, 24, '2022-01-15', 'Pagando Factura F-1', 3, 3, 2022, 3, '');
INSERT INTO `registro_comprobantes` (`id`, `id_unidad_id`, `id_tipo_comprobante_id`, `id_usuario_id`, `id_almacen_id`, `id_instrumento_cobro_id`, `nro_consecutivo`, `fecha`, `descripcion`, `debito`, `credito`, `anno`, `tipo`, `documento`) VALUES (87, 1, 2, 1, NULL, NULL, 25, '2022-01-15', 'Pagando Factura F-1', 3335, 3335, 2022, 3, '');
INSERT INTO `registro_comprobantes` (`id`, `id_unidad_id`, `id_tipo_comprobante_id`, `id_usuario_id`, `id_almacen_id`, `id_instrumento_cobro_id`, `nro_consecutivo`, `fecha`, `descripcion`, `debito`, `credito`, `anno`, `tipo`, `documento`) VALUES (88, 1, 2, 1, NULL, NULL, 26, '2022-01-15', 'Pagando Factura F-2', 1000, 1000, 2022, 3, '');
INSERT INTO `registro_comprobantes` (`id`, `id_unidad_id`, `id_tipo_comprobante_id`, `id_usuario_id`, `id_almacen_id`, `id_instrumento_cobro_id`, `nro_consecutivo`, `fecha`, `descripcion`, `debito`, `credito`, `anno`, `tipo`, `documento`) VALUES (89, 1, 2, 1, NULL, NULL, 27, '2022-01-15', 'Pagando Factura F-2', 500, 500, 2022, 3, '');
INSERT INTO `registro_comprobantes` (`id`, `id_unidad_id`, `id_tipo_comprobante_id`, `id_usuario_id`, `id_almacen_id`, `id_instrumento_cobro_id`, `nro_consecutivo`, `fecha`, `descripcion`, `debito`, `credito`, `anno`, `tipo`, `documento`) VALUES (90, 1, 2, 1, NULL, NULL, 28, '2022-01-15', 'Pagando Factura FI-0001', 50, 50, 2022, 3, '');
INSERT INTO `registro_comprobantes` (`id`, `id_unidad_id`, `id_tipo_comprobante_id`, `id_usuario_id`, `id_almacen_id`, `id_instrumento_cobro_id`, `nro_consecutivo`, `fecha`, `descripcion`, `debito`, `credito`, `anno`, `tipo`, `documento`) VALUES (91, 1, 2, 1, NULL, NULL, 29, '2022-01-15', 'Pagando Factura FI-0001', 50, 50, 2022, 3, '');
INSERT INTO `subcuenta_proveedor` (`id`, `id_subcuenta_id`, `id_proveedor_id`) VALUES (4, 63, 9);
INSERT INTO `subcuenta_proveedor` (`id`, `id_subcuenta_id`, `id_proveedor_id`) VALUES (5, 63, 10);
INSERT INTO `subcuenta_proveedor` (`id`, `id_subcuenta_id`, `id_proveedor_id`) VALUES (6, 63, 11);
INSERT INTO `subcuenta_proveedor` (`id`, `id_subcuenta_id`, `id_proveedor_id`) VALUES (7, 63, 12);
INSERT INTO `subcuenta_proveedor` (`id`, `id_subcuenta_id`, `id_proveedor_id`) VALUES (8, 63, 14);
INSERT INTO `subservicio` (`id`, `id_servicio_id`, `descripcion`, `activo`) VALUES (2, 3, 'Sub servicio 1', 1);
INSERT INTO `subservicio` (`id`, `id_servicio_id`, `descripcion`, `activo`) VALUES (3, 3, 'Sub servicio 2', 1);
INSERT INTO `subservicio` (`id`, `id_servicio_id`, `descripcion`, `activo`) VALUES (4, 1, 'Recarga de 500 cup', 1);
INSERT INTO `subservicio` (`id`, `id_servicio_id`, `descripcion`, `activo`) VALUES (5, 1, 'Recarga de 750 cup', 1);
INSERT INTO `subservicio` (`id`, `id_servicio_id`, `descripcion`, `activo`) VALUES (6, 1, 'Recarga de 1000 cup', 1);
INSERT INTO `termino_pago` (`id`, `nombre`) VALUES (1, 'De contado');
INSERT INTO `termino_pago` (`id`, `nombre`) VALUES (2, 'A 7 días');
INSERT INTO `termino_pago` (`id`, `nombre`) VALUES (3, 'A 15 días');
INSERT INTO `termino_pago` (`id`, `nombre`) VALUES (4, 'A 30 días');
INSERT INTO `termino_pago` (`id`, `nombre`) VALUES (5, 'A 45 días');
INSERT INTO `termino_pago` (`id`, `nombre`) VALUES (6, 'A 60 días');
INSERT INTO `termino_pago` (`id`, `nombre`) VALUES (7, 'A 90 días');
INSERT INTO `termino_pago` (`id`, `nombre`) VALUES (8, 'Personalizado');
INSERT INTO `transferencia` (`id`, `id_documento_id`, `id_unidad_id`, `id_almacen_id`, `nro_cuenta_inventario`, `nro_subcuenta_inventario`, `nro_cuenta_acreedora`, `nro_subcuenta_acreedora`, `nro_concecutivo`, `anno`, `activo`, `entrada`) VALUES (10, 131, NULL, 2, '183', '0999', '', '', '1', 2022, 1, 0);
INSERT INTO `turno_trabajo` (`id`, `id_puesto_trabajo_id`, `id_usuario_id`, `fecha`, `cerrado`, `id_unidad_id`) VALUES (8, 4, 1, '2022-01-09', 0, 1);
INSERT INTO `turno_trabajo` (`id`, `id_puesto_trabajo_id`, `id_usuario_id`, `fecha`, `cerrado`, `id_unidad_id`) VALUES (10, 7, 7, '2022-01-15', 0, 1);
INSERT INTO `unidad` (`id`, `id_padre_id`, `id_moneda_id`, `nombre`, `activo`, `codigo`, `direccion`, `telefono`, `correo`, `rnc`, `url`) VALUES (1, NULL, 3, 'Solyag Express', 1, '122-02152-3', 'Calle Juan Sanchez Ramirez esq Wenceslao Alvarez  #52 local B1 Zona Universitaria, Santo  Domingo , República Dominicana', '(809) 683-4343', 'aaaa@aa.aa', '122-02152-3', 'www.aaa.com');
INSERT INTO `unidad` (`id`, `id_padre_id`, `id_moneda_id`, `nombre`, `activo`, `codigo`, `direccion`, `telefono`, `correo`, `rnc`, `url`) VALUES (4, 1, NULL, 'Solyag Travel', 1, '02', 'Calle A', '592362', 'solyagtravel@solgag.online', NULL, NULL);
INSERT INTO `unidad` (`id`, `id_padre_id`, `id_moneda_id`, `nombre`, `activo`, `codigo`, `direccion`, `telefono`, `correo`, `rnc`, `url`) VALUES (5, NULL, 3, 'Solyag Message', 1, '122-02152-003', 'kjkljljljljlj', '51371193', 'message@solyag.com', '122-02152-003', NULL);
INSERT INTO `user` (`id`, `username`, `roles`, `status`, `id_moneda`, `name`, `password`, `id_agencia_id`) VALUES (1, 'root@solyag.com', '[\"ROLE_ADMIN\"]', 1, '3', NULL, '$argon2id$v=19$m=65536,t=4,p=1$b0tTTFd2OTEwZ1pMZXpoYw$4vh7/DGIgA6QKXFZiapxgmhv/OeSfs6ki30/FTLSOx4', 1);
INSERT INTO `user` (`id`, `username`, `roles`, `status`, `id_moneda`, `name`, `password`, `id_agencia_id`) VALUES (2, 'ea@gmail.com', '[\"ROLE_USER\"]', 1, NULL, NULL, '$argon2id$v=19$m=65536,t=4,p=1$OFB5RWlybzJPc255NkxqMQ$4Pv5mkGPpCO1JVswWr8zeNpdwpi05g7oCU/4flPEtfU', 1);
INSERT INTO `user` (`id`, `username`, `roles`, `status`, `id_moneda`, `name`, `password`, `id_agencia_id`) VALUES (6, 'aaa@aaa.aa.com', '[\"ROLE_ADMIN\"]', 1, NULL, NULL, '$argon2id$v=19$m=65536,t=4,p=1$RnRPQzVQV0NyL0NORGs2Yg$J9yXlwhmIiUL104aqj2KPhhUhjY2N5lI9/di2u1BdWE', 1);
INSERT INTO `user` (`id`, `username`, `roles`, `status`, `id_moneda`, `name`, `password`, `id_agencia_id`) VALUES (7, 'leandrojc88@gmail.com', '[\"ROLE_ADMIN\"]', 1, NULL, NULL, '$argon2id$v=19$m=65536,t=4,p=1$Vzd1MEN1YjhVUWUyOUlKMg$1JGj3teDVLlbMC8zjBUVtCSE72lOJuRZ/gz1rR9HbyU', 1);
INSERT INTO `user` (`id`, `username`, `roles`, `status`, `id_moneda`, `name`, `password`, `id_agencia_id`) VALUES (12, 'kahveahd@gmail.com', '[\"ROLE_USER\"]', 1, NULL, NULL, '$argon2id$v=19$m=65536,t=4,p=1$Zko5VjFFVTlYMFZrNDVnaw$4YXWJ9juyHS3yEBbnOucS9sxFOPAJXuDMuyCEuxxLks', 1);
INSERT INTO `user` (`id`, `username`, `roles`, `status`, `id_moneda`, `name`, `password`, `id_agencia_id`) VALUES (13, 'adrian@solyag.com', '[\"ROLE_5918\"]', 1, NULL, NULL, '$argon2id$v=19$m=65536,t=4,p=1$Yy9ZczFvY0p1LmQvVUpleA$jincE5yhPpmSIObBiin6Lih8o+IpWRYI8x/kcxij0Yk', 1);
INSERT INTO `user` (`id`, `username`, `roles`, `status`, `id_moneda`, `name`, `password`, `id_agencia_id`) VALUES (14, 'marypao@nauta.cu', '[\"ROLE_ADMIN\"]', 1, NULL, NULL, '$argon2id$v=19$m=65536,t=4,p=1$ZVMsOj7D1IYJxILElIG1Yg$PYPHEsRt8iHMfXyOxw4eVSu/iRlCmQtPPT3StAgWEGk', 1);
INSERT INTO `user_client_tmp` (`id`, `id_usuario_id`, `id_cliente_id`) VALUES (2, 1, 8);
INSERT INTO `vale_salida` (`id`, `id_documento_id`, `activo`, `producto`, `nro_consecutivo`, `anno`, `fecha_solicitud`, `nro_solicitud`, `nro_cuenta_deudora`, `nro_subcuenta_deudora`) VALUES (6, 130, 1, 0, '1', 2022, '2022-01-08', 'SM-1', '823', '0010');
INSERT INTO `vale_salida` (`id`, `id_documento_id`, `activo`, `producto`, `nro_consecutivo`, `anno`, `fecha_solicitud`, `nro_solicitud`, `nro_cuenta_deudora`, `nro_subcuenta_deudora`) VALUES (7, 134, 1, 0, '1', 2022, '2022-01-08', 'SOL-001', '700', '0020');
INSERT INTO `zona` (`id`, `nombre`, `activo`) VALUES (1, 'Santo domingo', 1);
INSERT INTO `zona` (`id`, `nombre`, `activo`) VALUES (2, 'Punta Cana', 1);
INSERT INTO `zona` (`id`, `nombre`, `activo`) VALUES (3, 'Punta Cana', 1);