/*
 Navicat Premium Data Transfer

 Source Server         : localhost
 Source Server Type    : MySQL
 Source Server Version : 100411
 Source Host           : localhost:3306
 Source Schema         : pruebas_solyag

 Target Server Type    : MySQL
 Target Server Version : 100411
 File Encoding         : 65001

 Date: 10/10/2021 00:16:11
*/

-- ----------------------------
-- Table structure for activo_fijo
-- ----------------------------
-- DROP TABLE IF EXISTS `activo_fijo`;
CREATE TABLE `activo_fijo`  (
  `id` int NOT NULL AUTO_INCREMENT,
  `id_tipo_movimiento_id` int NULL DEFAULT NULL,
  `id_tipo_movimiento_baja_id` int NULL DEFAULT NULL,
  `id_area_responsabilidad_id` int NOT NULL,
  `id_grupo_activo_id` int NOT NULL,
  `id_unidad_id` int NOT NULL,
  `nro_inventario` varchar(255) CHARACTER SET utf8mb4 COLLATE utf8mb4_unicode_ci NOT NULL,
  `nro_consecutivo` int NOT NULL,
  `fecha_alta` date NOT NULL,
  `nro_documento_baja` int NULL DEFAULT NULL,
  `fecha_baja` date NULL DEFAULT NULL,
  `descripcion` varchar(255) CHARACTER SET utf8mb4 COLLATE utf8mb4_unicode_ci NOT NULL,
  `valor_inicial` double NOT NULL,
  `depreciacion_acumulada` double NULL DEFAULT NULL,
  `valor_real` double NULL DEFAULT NULL,
  `annos_vida_util` double NOT NULL,
  `pais` varchar(255) CHARACTER SET utf8mb4 COLLATE utf8mb4_unicode_ci NULL DEFAULT NULL,
  `modelo` varchar(255) CHARACTER SET utf8mb4 COLLATE utf8mb4_unicode_ci NULL DEFAULT NULL,
  `tipo` varchar(255) CHARACTER SET utf8mb4 COLLATE utf8mb4_unicode_ci NULL DEFAULT NULL,
  `marca` varchar(255) CHARACTER SET utf8mb4 COLLATE utf8mb4_unicode_ci NULL DEFAULT NULL,
  `nro_motor` varchar(255) CHARACTER SET utf8mb4 COLLATE utf8mb4_unicode_ci NULL DEFAULT NULL,
  `nro_serie` varchar(255) CHARACTER SET utf8mb4 COLLATE utf8mb4_unicode_ci NULL DEFAULT NULL,
  `nro_chapa` varchar(255) CHARACTER SET utf8mb4 COLLATE utf8mb4_unicode_ci NULL DEFAULT NULL,
  `nro_chasis` varchar(255) CHARACTER SET utf8mb4 COLLATE utf8mb4_unicode_ci NULL DEFAULT NULL,
  `combustible` varchar(255) CHARACTER SET utf8mb4 COLLATE utf8mb4_unicode_ci NULL DEFAULT NULL,
  `activo` tinyint(1) NOT NULL,
  `fecha_ultima_depreciacion` date NULL DEFAULT NULL,
  PRIMARY KEY (`id`) USING BTREE,
  INDEX `IDX_75EBC93EDB763453`(`id_tipo_movimiento_id`) USING BTREE,
  INDEX `IDX_75EBC93E6FBA0327`(`id_tipo_movimiento_baja_id`) USING BTREE,
  INDEX `IDX_75EBC93ED410562`(`id_area_responsabilidad_id`) USING BTREE,
  INDEX `IDX_75EBC93E4A667A2B`(`id_grupo_activo_id`) USING BTREE,
  INDEX `IDX_75EBC93E1D34FA6B`(`id_unidad_id`) USING BTREE,
  CONSTRAINT `FK_75EBC93E1D34FA6B` FOREIGN KEY (`id_unidad_id`) REFERENCES `unidad` (`id`) ON DELETE RESTRICT ON UPDATE RESTRICT,
  CONSTRAINT `FK_75EBC93E4A667A2B` FOREIGN KEY (`id_grupo_activo_id`) REFERENCES `grupo_activos` (`id`) ON DELETE RESTRICT ON UPDATE RESTRICT,
  CONSTRAINT `FK_75EBC93E6FBA0327` FOREIGN KEY (`id_tipo_movimiento_baja_id`) REFERENCES `tipo_movimiento` (`id`) ON DELETE RESTRICT ON UPDATE RESTRICT,
  CONSTRAINT `FK_75EBC93ED410562` FOREIGN KEY (`id_area_responsabilidad_id`) REFERENCES `area_responsabilidad` (`id`) ON DELETE RESTRICT ON UPDATE RESTRICT,
  CONSTRAINT `FK_75EBC93EDB763453` FOREIGN KEY (`id_tipo_movimiento_id`) REFERENCES `tipo_movimiento` (`id`) ON DELETE RESTRICT ON UPDATE RESTRICT
) ENGINE = InnoDB AUTO_INCREMENT = 1 CHARACTER SET = utf8mb4 COLLATE = utf8mb4_unicode_ci ROW_FORMAT = DYNAMIC;

-- ----------------------------
-- Table structure for activo_fijo_cuentas
-- ----------------------------
-- DROP TABLE IF EXISTS `activo_fijo_cuentas`;
CREATE TABLE `activo_fijo_cuentas`  (
  `id` int NOT NULL AUTO_INCREMENT,
  `id_activo_id` int NOT NULL,
  `id_cuenta_activo_id` int NOT NULL,
  `id_subcuenta_activo_id` int NOT NULL,
  `id_centro_costo_activo_id` int NOT NULL,
  `id_area_responsabilidad_activo_id` int NOT NULL,
  `id_cuenta_depreciacion_id` int NOT NULL,
  `id_subcuenta_depreciacion_id` int NOT NULL,
  `id_cuenta_gasto_id` int NOT NULL,
  `id_subcuenta_gasto_id` int NOT NULL,
  `id_centro_costo_gasto_id` int NOT NULL,
  `id_elemento_gasto_gasto_id` int NOT NULL,
  `id_cuenta_acreedora_id` int NULL DEFAULT NULL,
  `id_subcuenta_acreedora_id` int NULL DEFAULT NULL,
  PRIMARY KEY (`id`) USING BTREE,
  INDEX `IDX_E0DF2901C84BDE84`(`id_activo_id`) USING BTREE,
  INDEX `IDX_E0DF290186762CC7`(`id_cuenta_activo_id`) USING BTREE,
  INDEX `IDX_E0DF29014476721E`(`id_subcuenta_activo_id`) USING BTREE,
  INDEX `IDX_E0DF29012955A16D`(`id_centro_costo_activo_id`) USING BTREE,
  INDEX `IDX_E0DF29014C675596`(`id_area_responsabilidad_activo_id`) USING BTREE,
  INDEX `IDX_E0DF290174A5FFBA`(`id_cuenta_depreciacion_id`) USING BTREE,
  INDEX `IDX_E0DF2901549C81D9`(`id_subcuenta_depreciacion_id`) USING BTREE,
  INDEX `IDX_E0DF290180C608FA`(`id_cuenta_gasto_id`) USING BTREE,
  INDEX `IDX_E0DF290157677646`(`id_subcuenta_gasto_id`) USING BTREE,
  INDEX `IDX_E0DF2901A950EE53`(`id_centro_costo_gasto_id`) USING BTREE,
  INDEX `IDX_E0DF2901A752F04B`(`id_elemento_gasto_gasto_id`) USING BTREE,
  INDEX `IDX_E0DF29014D7B4AB9`(`id_cuenta_acreedora_id`) USING BTREE,
  INDEX `IDX_E0DF2901EB1B341E`(`id_subcuenta_acreedora_id`) USING BTREE,
  CONSTRAINT `FK_E0DF29012955A16D` FOREIGN KEY (`id_centro_costo_activo_id`) REFERENCES `centro_costo` (`id`) ON DELETE RESTRICT ON UPDATE RESTRICT,
  CONSTRAINT `FK_E0DF29014476721E` FOREIGN KEY (`id_subcuenta_activo_id`) REFERENCES `subcuenta` (`id`) ON DELETE RESTRICT ON UPDATE RESTRICT,
  CONSTRAINT `FK_E0DF29014C675596` FOREIGN KEY (`id_area_responsabilidad_activo_id`) REFERENCES `area_responsabilidad` (`id`) ON DELETE RESTRICT ON UPDATE RESTRICT,
  CONSTRAINT `FK_E0DF29014D7B4AB9` FOREIGN KEY (`id_cuenta_acreedora_id`) REFERENCES `cuenta` (`id`) ON DELETE RESTRICT ON UPDATE RESTRICT,
  CONSTRAINT `FK_E0DF2901549C81D9` FOREIGN KEY (`id_subcuenta_depreciacion_id`) REFERENCES `subcuenta` (`id`) ON DELETE RESTRICT ON UPDATE RESTRICT,
  CONSTRAINT `FK_E0DF290157677646` FOREIGN KEY (`id_subcuenta_gasto_id`) REFERENCES `subcuenta` (`id`) ON DELETE RESTRICT ON UPDATE RESTRICT,
  CONSTRAINT `FK_E0DF290174A5FFBA` FOREIGN KEY (`id_cuenta_depreciacion_id`) REFERENCES `cuenta` (`id`) ON DELETE RESTRICT ON UPDATE RESTRICT,
  CONSTRAINT `FK_E0DF290180C608FA` FOREIGN KEY (`id_cuenta_gasto_id`) REFERENCES `cuenta` (`id`) ON DELETE RESTRICT ON UPDATE RESTRICT,
  CONSTRAINT `FK_E0DF290186762CC7` FOREIGN KEY (`id_cuenta_activo_id`) REFERENCES `cuenta` (`id`) ON DELETE RESTRICT ON UPDATE RESTRICT,
  CONSTRAINT `FK_E0DF2901A752F04B` FOREIGN KEY (`id_elemento_gasto_gasto_id`) REFERENCES `elemento_gasto` (`id`) ON DELETE RESTRICT ON UPDATE RESTRICT,
  CONSTRAINT `FK_E0DF2901A950EE53` FOREIGN KEY (`id_centro_costo_gasto_id`) REFERENCES `centro_costo` (`id`) ON DELETE RESTRICT ON UPDATE RESTRICT,
  CONSTRAINT `FK_E0DF2901C84BDE84` FOREIGN KEY (`id_activo_id`) REFERENCES `activo_fijo` (`id`) ON DELETE RESTRICT ON UPDATE RESTRICT,
  CONSTRAINT `FK_E0DF2901EB1B341E` FOREIGN KEY (`id_subcuenta_acreedora_id`) REFERENCES `subcuenta` (`id`) ON DELETE RESTRICT ON UPDATE RESTRICT
) ENGINE = InnoDB AUTO_INCREMENT = 1 CHARACTER SET = utf8mb4 COLLATE = utf8mb4_unicode_ci ROW_FORMAT = DYNAMIC;

-- ----------------------------
-- Table structure for activo_fijo_movimiento_activo_fijo
-- ----------------------------
-- DROP TABLE IF EXISTS `activo_fijo_movimiento_activo_fijo`;
CREATE TABLE `activo_fijo_movimiento_activo_fijo`  (
  `id` int NOT NULL AUTO_INCREMENT,
  `id_activo_fijo_id` int NOT NULL,
  `id_movimiento_activo_fijo_id` int NOT NULL,
  PRIMARY KEY (`id`) USING BTREE,
  INDEX `IDX_2FA61FF25832E72E`(`id_activo_fijo_id`) USING BTREE,
  INDEX `IDX_2FA61FF27786CA71`(`id_movimiento_activo_fijo_id`) USING BTREE,
  CONSTRAINT `FK_2FA61FF25832E72E` FOREIGN KEY (`id_activo_fijo_id`) REFERENCES `activo_fijo` (`id`) ON DELETE RESTRICT ON UPDATE RESTRICT,
  CONSTRAINT `FK_2FA61FF27786CA71` FOREIGN KEY (`id_movimiento_activo_fijo_id`) REFERENCES `movimiento` (`id`) ON DELETE RESTRICT ON UPDATE RESTRICT
) ENGINE = InnoDB AUTO_INCREMENT = 1 CHARACTER SET = utf8mb4 COLLATE = utf8mb4_unicode_ci ROW_FORMAT = DYNAMIC;

-- ----------------------------
-- Table structure for acumulado_vacaciones
-- ----------------------------
-- DROP TABLE IF EXISTS `acumulado_vacaciones`;
CREATE TABLE `acumulado_vacaciones`  (
  `id` int NOT NULL AUTO_INCREMENT,
  `id_empleado_id` int NOT NULL,
  `dias` double NOT NULL,
  `dinero` double NOT NULL,
  PRIMARY KEY (`id`) USING BTREE,
  INDEX `IDX_246B9D168D392AC7`(`id_empleado_id`) USING BTREE,
  CONSTRAINT `FK_246B9D168D392AC7` FOREIGN KEY (`id_empleado_id`) REFERENCES `empleado` (`id`) ON DELETE RESTRICT ON UPDATE RESTRICT
) ENGINE = InnoDB AUTO_INCREMENT = 1 CHARACTER SET = utf8mb4 COLLATE = utf8mb4_unicode_ci ROW_FORMAT = DYNAMIC;

-- ----------------------------
-- Table structure for aeropuerto
-- ----------------------------
-- DROP TABLE IF EXISTS `aeropuerto`;
CREATE TABLE `aeropuerto`  (
  `id` int NOT NULL AUTO_INCREMENT,
  `nombre` varchar(255) CHARACTER SET utf8mb4 COLLATE utf8mb4_unicode_ci NOT NULL,
  `activo` tinyint(1) NOT NULL,
  PRIMARY KEY (`id`) USING BTREE
) ENGINE = InnoDB AUTO_INCREMENT = 1 CHARACTER SET = utf8mb4 COLLATE = utf8mb4_unicode_ci ROW_FORMAT = DYNAMIC;

-- ----------------------------
-- Table structure for agencias
-- ----------------------------
-- DROP TABLE IF EXISTS `agencias`;
CREATE TABLE `agencias`  (
  `id` int NOT NULL AUTO_INCREMENT,
  `nombre` varchar(255) CHARACTER SET utf8mb4 COLLATE utf8mb4_unicode_ci NOT NULL,
  PRIMARY KEY (`id`) USING BTREE
) ENGINE = InnoDB AUTO_INCREMENT = 1 CHARACTER SET = utf8mb4 COLLATE = utf8mb4_unicode_ci ROW_FORMAT = DYNAMIC;

-- ----------------------------
-- Table structure for agencias_img
-- ----------------------------
-- DROP TABLE IF EXISTS `agencias_img`;
CREATE TABLE `agencias_img`  (
  `id` int NOT NULL AUTO_INCREMENT,
  `id_unidad` varchar(255) CHARACTER SET utf8mb4 COLLATE utf8mb4_unicode_ci NOT NULL,
  `url` varchar(255) CHARACTER SET utf8mb4 COLLATE utf8mb4_unicode_ci NOT NULL,
  PRIMARY KEY (`id`) USING BTREE
) ENGINE = InnoDB AUTO_INCREMENT = 1 CHARACTER SET = utf8mb4 COLLATE = utf8mb4_unicode_ci ROW_FORMAT = DYNAMIC;

-- ----------------------------
-- Table structure for agencias_tv
-- ----------------------------
-- DROP TABLE IF EXISTS `agencias_tv`;
CREATE TABLE `agencias_tv`  (
  `id` int NOT NULL AUTO_INCREMENT,
  `url` varchar(1000) CHARACTER SET utf8mb4 COLLATE utf8mb4_unicode_ci NOT NULL,
  `nombre_tv` varchar(255) CHARACTER SET utf8mb4 COLLATE utf8mb4_unicode_ci NOT NULL,
  `id_unidad` varchar(255) CHARACTER SET utf8mb4 COLLATE utf8mb4_unicode_ci NOT NULL,
  PRIMARY KEY (`id`) USING BTREE
) ENGINE = InnoDB AUTO_INCREMENT = 1 CHARACTER SET = utf8mb4 COLLATE = utf8mb4_unicode_ci ROW_FORMAT = DYNAMIC;

-- ----------------------------
-- Table structure for ajuste
-- ----------------------------
-- DROP TABLE IF EXISTS `ajuste`;
CREATE TABLE `ajuste`  (
  `id` int NOT NULL AUTO_INCREMENT,
  `id_documento_id` int NOT NULL,
  `nro_cuenta_inventario` varchar(255) CHARACTER SET utf8mb4 COLLATE utf8mb4_unicode_ci NOT NULL,
  `observacion` varchar(255) CHARACTER SET utf8mb4 COLLATE utf8mb4_unicode_ci NOT NULL,
  `nro_subcuenta_inventario` varchar(255) CHARACTER SET utf8mb4 COLLATE utf8mb4_unicode_ci NOT NULL,
  `nro_cuenta_acreedora` varchar(255) CHARACTER SET utf8mb4 COLLATE utf8mb4_unicode_ci NOT NULL,
  `nro_subcuenta_acreedora` varchar(255) CHARACTER SET utf8mb4 COLLATE utf8mb4_unicode_ci NOT NULL,
  `nro_concecutivo` varchar(255) CHARACTER SET utf8mb4 COLLATE utf8mb4_unicode_ci NOT NULL,
  `anno` int NOT NULL,
  `activo` tinyint(1) NOT NULL,
  `entrada` tinyint(1) NOT NULL,
  PRIMARY KEY (`id`) USING BTREE,
  INDEX `IDX_DD35BD326601BA07`(`id_documento_id`) USING BTREE,
  CONSTRAINT `FK_DD35BD326601BA07` FOREIGN KEY (`id_documento_id`) REFERENCES `documento` (`id`) ON DELETE RESTRICT ON UPDATE RESTRICT
) ENGINE = InnoDB AUTO_INCREMENT = 1 CHARACTER SET = utf8mb4 COLLATE = utf8mb4_unicode_ci ROW_FORMAT = DYNAMIC;

-- ----------------------------
-- Table structure for almacen
-- ----------------------------
-- DROP TABLE IF EXISTS `almacen`;
CREATE TABLE `almacen`  (
  `id` int NOT NULL AUTO_INCREMENT,
  `id_unidad_id` int NOT NULL,
  `descripcion` varchar(255) CHARACTER SET utf8mb4 COLLATE utf8mb4_unicode_ci NOT NULL,
  `activo` tinyint(1) NOT NULL,
  `codigo` varchar(255) CHARACTER SET utf8mb4 COLLATE utf8mb4_unicode_ci NULL DEFAULT NULL,
  `punto_venta` tinyint(1) NULL DEFAULT NULL,
  `id_cuenta_inventario_id` int NULL DEFAULT NULL,
  `direccion` varchar(255) CHARACTER SET utf8mb4 COLLATE utf8mb4_unicode_ci NULL DEFAULT NULL,
  PRIMARY KEY (`id`) USING BTREE,
  UNIQUE INDEX `UNIQ_D5B2D25020332D99`(`codigo`) USING BTREE,
  INDEX `IDX_D5B2D2501D34FA6B`(`id_unidad_id`) USING BTREE,
  INDEX `IDX_D5B2D250A59A1B0B`(`id_cuenta_inventario_id`) USING BTREE,
  CONSTRAINT `FK_D5B2D2501D34FA6B` FOREIGN KEY (`id_unidad_id`) REFERENCES `unidad` (`id`) ON DELETE RESTRICT ON UPDATE RESTRICT,
  CONSTRAINT `FK_D5B2D250A59A1B0B` FOREIGN KEY (`id_cuenta_inventario_id`) REFERENCES `cuenta` (`id`) ON DELETE RESTRICT ON UPDATE RESTRICT
) ENGINE = InnoDB AUTO_INCREMENT = 7 CHARACTER SET = utf8mb4 COLLATE = utf8mb4_unicode_ci ROW_FORMAT = DYNAMIC;

-- ----------------------------
-- Table structure for almacen_ocupado
-- ----------------------------
-- DROP TABLE IF EXISTS `almacen_ocupado`;
CREATE TABLE `almacen_ocupado`  (
  `id` int NOT NULL AUTO_INCREMENT,
  `id_almacen_id` int NOT NULL,
  `id_usuario_id` int NOT NULL,
  PRIMARY KEY (`id`) USING BTREE,
  INDEX `IDX_AA53605839161EBF`(`id_almacen_id`) USING BTREE,
  INDEX `IDX_AA5360587EB2C349`(`id_usuario_id`) USING BTREE,
  CONSTRAINT `FK_AA53605839161EBF` FOREIGN KEY (`id_almacen_id`) REFERENCES `almacen` (`id`) ON DELETE RESTRICT ON UPDATE RESTRICT,
  CONSTRAINT `FK_AA5360587EB2C349` FOREIGN KEY (`id_usuario_id`) REFERENCES `user` (`id`) ON DELETE RESTRICT ON UPDATE RESTRICT
) ENGINE = InnoDB AUTO_INCREMENT = 31 CHARACTER SET = utf8mb4 COLLATE = utf8mb4_unicode_ci ROW_FORMAT = DYNAMIC;

-- ----------------------------
-- Table structure for amenidades
-- ----------------------------
-- DROP TABLE IF EXISTS `amenidades`;
CREATE TABLE `amenidades`  (
  `id` int NOT NULL AUTO_INCREMENT,
  `id_unidad_id` int NOT NULL,
  `nombre` varchar(255) CHARACTER SET utf8mb4 COLLATE utf8mb4_unicode_ci NOT NULL,
  `icono` varchar(255) CHARACTER SET utf8mb4 COLLATE utf8mb4_unicode_ci NOT NULL,
  `activo` tinyint(1) NOT NULL,
  PRIMARY KEY (`id`) USING BTREE,
  INDEX `IDX_6D8A3B4D1D34FA6B`(`id_unidad_id`) USING BTREE,
  CONSTRAINT `FK_6D8A3B4D1D34FA6B` FOREIGN KEY (`id_unidad_id`) REFERENCES `unidad` (`id`) ON DELETE RESTRICT ON UPDATE RESTRICT
) ENGINE = InnoDB AUTO_INCREMENT = 2 CHARACTER SET = utf8mb4 COLLATE = utf8mb4_unicode_ci ROW_FORMAT = DYNAMIC;

-- ----------------------------
-- Table structure for amenidades_hotel
-- ----------------------------
-- DROP TABLE IF EXISTS `amenidades_hotel`;
CREATE TABLE `amenidades_hotel`  (
  `id` int NOT NULL AUTO_INCREMENT,
  `id_hotel_id` int NOT NULL,
  `id_amenidades_id` int NOT NULL,
  PRIMARY KEY (`id`) USING BTREE,
  INDEX `IDX_2EB72C4C6298578D`(`id_hotel_id`) USING BTREE,
  INDEX `IDX_2EB72C4C91F48FAD`(`id_amenidades_id`) USING BTREE,
  CONSTRAINT `FK_2EB72C4C6298578D` FOREIGN KEY (`id_hotel_id`) REFERENCES `hotel` (`id`) ON DELETE RESTRICT ON UPDATE RESTRICT,
  CONSTRAINT `FK_2EB72C4C91F48FAD` FOREIGN KEY (`id_amenidades_id`) REFERENCES `amenidades` (`id`) ON DELETE RESTRICT ON UPDATE RESTRICT
) ENGINE = InnoDB AUTO_INCREMENT = 1 CHARACTER SET = utf8mb4 COLLATE = utf8mb4_unicode_ci ROW_FORMAT = DYNAMIC;

-- ----------------------------
-- Table structure for apertura
-- ----------------------------
-- DROP TABLE IF EXISTS `apertura`;
CREATE TABLE `apertura`  (
  `id` int NOT NULL AUTO_INCREMENT,
  `id_documento_id` int NOT NULL,
  `nro_cuenta_inventario` varchar(255) CHARACTER SET utf8mb4 COLLATE utf8mb4_unicode_ci NOT NULL,
  `observacion` varchar(255) CHARACTER SET utf8mb4 COLLATE utf8mb4_unicode_ci NOT NULL,
  `nro_subcuenta_inventario` varchar(255) CHARACTER SET utf8mb4 COLLATE utf8mb4_unicode_ci NOT NULL,
  `nro_cuenta_acreedora` varchar(255) CHARACTER SET utf8mb4 COLLATE utf8mb4_unicode_ci NOT NULL,
  `nro_subcuenta_acreedora` varchar(255) CHARACTER SET utf8mb4 COLLATE utf8mb4_unicode_ci NOT NULL,
  `nro_concecutivo` varchar(255) CHARACTER SET utf8mb4 COLLATE utf8mb4_unicode_ci NOT NULL,
  `anno` int NOT NULL,
  `activo` tinyint(1) NOT NULL,
  `entrada` tinyint(1) NOT NULL,
  PRIMARY KEY (`id`) USING BTREE,
  INDEX `IDX_DFFB55EB6601BA07`(`id_documento_id`) USING BTREE,
  CONSTRAINT `FK_DFFB55EB6601BA07` FOREIGN KEY (`id_documento_id`) REFERENCES `documento` (`id`) ON DELETE RESTRICT ON UPDATE RESTRICT
) ENGINE = InnoDB AUTO_INCREMENT = 5 CHARACTER SET = utf8mb4 COLLATE = utf8mb4_unicode_ci ROW_FORMAT = DYNAMIC;

-- ----------------------------
-- Table structure for area_responsabilidad
-- ----------------------------
-- DROP TABLE IF EXISTS `area_responsabilidad`;
CREATE TABLE `area_responsabilidad`  (
  `id` int NOT NULL AUTO_INCREMENT,
  `id_unidad_id` int NOT NULL,
  `codigo` varchar(255) CHARACTER SET utf8mb4 COLLATE utf8mb4_unicode_ci NOT NULL,
  `nombre` varchar(255) CHARACTER SET utf8mb4 COLLATE utf8mb4_unicode_ci NOT NULL,
  `activo` tinyint(1) NOT NULL,
  PRIMARY KEY (`id`) USING BTREE,
  INDEX `IDX_F469C2BA1D34FA6B`(`id_unidad_id`) USING BTREE,
  CONSTRAINT `FK_F469C2BA1D34FA6B` FOREIGN KEY (`id_unidad_id`) REFERENCES `unidad` (`id`) ON DELETE RESTRICT ON UPDATE RESTRICT
) ENGINE = InnoDB AUTO_INCREMENT = 1 CHARACTER SET = utf8mb4 COLLATE = utf8mb4_unicode_ci ROW_FORMAT = DYNAMIC;

-- ----------------------------
-- Table structure for asiento
-- ----------------------------
-- DROP TABLE IF EXISTS `asiento`;
CREATE TABLE `asiento`  (
  `id` int NOT NULL AUTO_INCREMENT,
  `id_cuenta_id` int NOT NULL,
  `id_subcuenta_id` int NOT NULL,
  `id_documento_id` int NULL DEFAULT NULL,
  `id_almacen_id` int NULL DEFAULT NULL,
  `id_centro_costo_id` int NULL DEFAULT NULL,
  `id_elemento_gasto_id` int NULL DEFAULT NULL,
  `id_orden_trabajo_id` int NULL DEFAULT NULL,
  `id_expediente_id` int NULL DEFAULT NULL,
  `id_proveedor_id` int NULL DEFAULT NULL,
  `id_unidad_id` int NOT NULL,
  `id_tipo_comprobante_id` int NULL DEFAULT NULL,
  `id_comprobante_id` int NULL DEFAULT NULL,
  `id_factura_id` int NULL DEFAULT NULL,
  `id_activo_fijo_id` int NULL DEFAULT NULL,
  `id_area_responsabilidad_id` int NULL DEFAULT NULL,
  `id_cotizacion_id` int NULL DEFAULT NULL,
  `id_elemento_visa_id` int NULL DEFAULT NULL,
  `tipo_cliente` int NULL DEFAULT NULL,
  `id_cliente` int NULL DEFAULT NULL,
  `fecha` date NOT NULL,
  `anno` int NOT NULL,
  `credito` double NULL DEFAULT NULL,
  `debito` double NULL DEFAULT NULL,
  `nro_documento` varchar(255) CHARACTER SET utf8mb4 COLLATE utf8mb4_unicode_ci NOT NULL,
  `orden_operacion` int NULL DEFAULT NULL,
  `banco` varchar(255) CHARACTER SET utf8mb4 COLLATE utf8mb4_unicode_ci NULL DEFAULT NULL,
  PRIMARY KEY (`id`) USING BTREE,
  INDEX `IDX_71D6D35C1ADA4D3F`(`id_cuenta_id`) USING BTREE,
  INDEX `IDX_71D6D35C2D412F53`(`id_subcuenta_id`) USING BTREE,
  INDEX `IDX_71D6D35C6601BA07`(`id_documento_id`) USING BTREE,
  INDEX `IDX_71D6D35C39161EBF`(`id_almacen_id`) USING BTREE,
  INDEX `IDX_71D6D35CC59B01FF`(`id_centro_costo_id`) USING BTREE,
  INDEX `IDX_71D6D35CF66372E9`(`id_elemento_gasto_id`) USING BTREE,
  INDEX `IDX_71D6D35C71381BB3`(`id_orden_trabajo_id`) USING BTREE,
  INDEX `IDX_71D6D35CF5DBAF2B`(`id_expediente_id`) USING BTREE,
  INDEX `IDX_71D6D35CE8F12801`(`id_proveedor_id`) USING BTREE,
  INDEX `IDX_71D6D35C1D34FA6B`(`id_unidad_id`) USING BTREE,
  INDEX `IDX_71D6D35CEF5F7851`(`id_tipo_comprobante_id`) USING BTREE,
  INDEX `IDX_71D6D35C1800963C`(`id_comprobante_id`) USING BTREE,
  INDEX `IDX_71D6D35C55C5F988`(`id_factura_id`) USING BTREE,
  INDEX `IDX_71D6D35C5832E72E`(`id_activo_fijo_id`) USING BTREE,
  INDEX `IDX_71D6D35CD410562`(`id_area_responsabilidad_id`) USING BTREE,
  INDEX `IDX_71D6D35C8E5841CF`(`id_cotizacion_id`) USING BTREE,
  INDEX `IDX_71D6D35C4CC57875`(`id_elemento_visa_id`) USING BTREE,
  CONSTRAINT `FK_71D6D35C1800963C` FOREIGN KEY (`id_comprobante_id`) REFERENCES `registro_comprobantes` (`id`) ON DELETE RESTRICT ON UPDATE RESTRICT,
  CONSTRAINT `FK_71D6D35C1ADA4D3F` FOREIGN KEY (`id_cuenta_id`) REFERENCES `cuenta` (`id`) ON DELETE RESTRICT ON UPDATE RESTRICT,
  CONSTRAINT `FK_71D6D35C1D34FA6B` FOREIGN KEY (`id_unidad_id`) REFERENCES `unidad` (`id`) ON DELETE RESTRICT ON UPDATE RESTRICT,
  CONSTRAINT `FK_71D6D35C2D412F53` FOREIGN KEY (`id_subcuenta_id`) REFERENCES `subcuenta` (`id`) ON DELETE RESTRICT ON UPDATE RESTRICT,
  CONSTRAINT `FK_71D6D35C39161EBF` FOREIGN KEY (`id_almacen_id`) REFERENCES `almacen` (`id`) ON DELETE RESTRICT ON UPDATE RESTRICT,
  CONSTRAINT `FK_71D6D35C4CC57875` FOREIGN KEY (`id_elemento_visa_id`) REFERENCES `elementos_visa` (`id`) ON DELETE RESTRICT ON UPDATE RESTRICT,
  CONSTRAINT `FK_71D6D35C55C5F988` FOREIGN KEY (`id_factura_id`) REFERENCES `factura` (`id`) ON DELETE RESTRICT ON UPDATE RESTRICT,
  CONSTRAINT `FK_71D6D35C5832E72E` FOREIGN KEY (`id_activo_fijo_id`) REFERENCES `activo_fijo` (`id`) ON DELETE RESTRICT ON UPDATE RESTRICT,
  CONSTRAINT `FK_71D6D35C6601BA07` FOREIGN KEY (`id_documento_id`) REFERENCES `documento` (`id`) ON DELETE RESTRICT ON UPDATE RESTRICT,
  CONSTRAINT `FK_71D6D35C71381BB3` FOREIGN KEY (`id_orden_trabajo_id`) REFERENCES `orden_trabajo` (`id`) ON DELETE RESTRICT ON UPDATE RESTRICT,
  CONSTRAINT `FK_71D6D35C8E5841CF` FOREIGN KEY (`id_cotizacion_id`) REFERENCES `cotizacion` (`id`) ON DELETE RESTRICT ON UPDATE RESTRICT,
  CONSTRAINT `FK_71D6D35CC59B01FF` FOREIGN KEY (`id_centro_costo_id`) REFERENCES `centro_costo` (`id`) ON DELETE RESTRICT ON UPDATE RESTRICT,
  CONSTRAINT `FK_71D6D35CD410562` FOREIGN KEY (`id_area_responsabilidad_id`) REFERENCES `area_responsabilidad` (`id`) ON DELETE RESTRICT ON UPDATE RESTRICT,
  CONSTRAINT `FK_71D6D35CE8F12801` FOREIGN KEY (`id_proveedor_id`) REFERENCES `proveedor` (`id`) ON DELETE RESTRICT ON UPDATE RESTRICT,
  CONSTRAINT `FK_71D6D35CEF5F7851` FOREIGN KEY (`id_tipo_comprobante_id`) REFERENCES `tipo_comprobante` (`id`) ON DELETE RESTRICT ON UPDATE RESTRICT,
  CONSTRAINT `FK_71D6D35CF5DBAF2B` FOREIGN KEY (`id_expediente_id`) REFERENCES `expediente` (`id`) ON DELETE RESTRICT ON UPDATE RESTRICT,
  CONSTRAINT `FK_71D6D35CF66372E9` FOREIGN KEY (`id_elemento_gasto_id`) REFERENCES `elemento_gasto` (`id`) ON DELETE RESTRICT ON UPDATE RESTRICT
) ENGINE = InnoDB AUTO_INCREMENT = 513 CHARACTER SET = utf8mb4 COLLATE = utf8mb4_unicode_ci ROW_FORMAT = DYNAMIC;

-- ----------------------------
-- Table structure for avisos_pagos
-- ----------------------------
-- DROP TABLE IF EXISTS `avisos_pagos`;
CREATE TABLE `avisos_pagos`  (
  `id` int NOT NULL AUTO_INCREMENT,
  `id_plazo_pago_id` int NOT NULL,
  `id_cotizacion_id` int NOT NULL,
  `fecha` date NOT NULL,
  PRIMARY KEY (`id`) USING BTREE,
  INDEX `IDX_F439673A78A65A2`(`id_plazo_pago_id`) USING BTREE,
  INDEX `IDX_F4396738E5841CF`(`id_cotizacion_id`) USING BTREE,
  CONSTRAINT `FK_F4396738E5841CF` FOREIGN KEY (`id_cotizacion_id`) REFERENCES `cotizacion` (`id`) ON DELETE RESTRICT ON UPDATE RESTRICT,
  CONSTRAINT `FK_F439673A78A65A2` FOREIGN KEY (`id_plazo_pago_id`) REFERENCES `plazos_pago_cotizacion` (`id`) ON DELETE RESTRICT ON UPDATE RESTRICT
) ENGINE = InnoDB AUTO_INCREMENT = 1 CHARACTER SET = utf8mb4 COLLATE = utf8mb4_unicode_ci ROW_FORMAT = DYNAMIC;

-- ----------------------------
-- Table structure for banco
-- ----------------------------
-- DROP TABLE IF EXISTS `banco`;
CREATE TABLE `banco`  (
  `id` int NOT NULL AUTO_INCREMENT,
  `nombre` varchar(255) CHARACTER SET utf8mb4 COLLATE utf8mb4_unicode_ci NOT NULL,
  `activo` tinyint(1) NOT NULL,
  PRIMARY KEY (`id`) USING BTREE
) ENGINE = InnoDB AUTO_INCREMENT = 6 CHARACTER SET = utf8mb4 COLLATE = utf8mb4_unicode_ci ROW_FORMAT = DYNAMIC;

-- ----------------------------
-- Table structure for beneficiarios_clientes
-- ----------------------------
-- DROP TABLE IF EXISTS `beneficiarios_clientes`;
CREATE TABLE `beneficiarios_clientes`  (
  `id` int NOT NULL AUTO_INCREMENT,
  `id_cliente_id` int NOT NULL,
  `id_pais_id` int NOT NULL,
  `id_provincia_id` int NOT NULL,
  `id_municipio_id` int NOT NULL,
  `primer_nombre` varchar(255) CHARACTER SET utf8mb4 COLLATE utf8mb4_unicode_ci NOT NULL,
  `primer_apellido` varchar(255) CHARACTER SET utf8mb4 COLLATE utf8mb4_unicode_ci NOT NULL,
  `segundo_apellido` varchar(255) CHARACTER SET utf8mb4 COLLATE utf8mb4_unicode_ci NOT NULL,
  `nombre_alternativo` varchar(255) CHARACTER SET utf8mb4 COLLATE utf8mb4_unicode_ci NULL DEFAULT NULL,
  `primer_apellido_alternativo` varchar(255) CHARACTER SET utf8mb4 COLLATE utf8mb4_unicode_ci NULL DEFAULT NULL,
  `segundo_apellido_alternativo` varchar(255) CHARACTER SET utf8mb4 COLLATE utf8mb4_unicode_ci NULL DEFAULT NULL,
  `primer_telefono` varchar(255) CHARACTER SET utf8mb4 COLLATE utf8mb4_unicode_ci NULL DEFAULT NULL,
  `segundo_telefono` varchar(255) CHARACTER SET utf8mb4 COLLATE utf8mb4_unicode_ci NULL DEFAULT NULL,
  `identificacion` varchar(255) CHARACTER SET utf8mb4 COLLATE utf8mb4_unicode_ci NULL DEFAULT NULL,
  `calle` varchar(255) CHARACTER SET utf8mb4 COLLATE utf8mb4_unicode_ci NOT NULL,
  `entre` varchar(255) CHARACTER SET utf8mb4 COLLATE utf8mb4_unicode_ci NULL DEFAULT NULL,
  `y` varchar(255) CHARACTER SET utf8mb4 COLLATE utf8mb4_unicode_ci NULL DEFAULT NULL,
  `nro_casa` varchar(255) CHARACTER SET utf8mb4 COLLATE utf8mb4_unicode_ci NULL DEFAULT NULL,
  `edificio` varchar(255) CHARACTER SET utf8mb4 COLLATE utf8mb4_unicode_ci NULL DEFAULT NULL,
  `apto` varchar(255) CHARACTER SET utf8mb4 COLLATE utf8mb4_unicode_ci NULL DEFAULT NULL,
  `reparto` varchar(255) CHARACTER SET utf8mb4 COLLATE utf8mb4_unicode_ci NULL DEFAULT NULL,
  `activo` tinyint(1) NOT NULL,
  PRIMARY KEY (`id`) USING BTREE,
  INDEX `IDX_AE9DBD1E7BF9CE86`(`id_cliente_id`) USING BTREE,
  INDEX `IDX_AE9DBD1E18997CB6`(`id_pais_id`) USING BTREE,
  INDEX `IDX_AE9DBD1E6DB054DD`(`id_provincia_id`) USING BTREE,
  INDEX `IDX_AE9DBD1E7B7D6E92`(`id_municipio_id`) USING BTREE,
  CONSTRAINT `FK_AE9DBD1E18997CB6` FOREIGN KEY (`id_pais_id`) REFERENCES `pais` (`id`) ON DELETE RESTRICT ON UPDATE RESTRICT,
  CONSTRAINT `FK_AE9DBD1E6DB054DD` FOREIGN KEY (`id_provincia_id`) REFERENCES `provincias` (`id`) ON DELETE RESTRICT ON UPDATE RESTRICT,
  CONSTRAINT `FK_AE9DBD1E7B7D6E92` FOREIGN KEY (`id_municipio_id`) REFERENCES `municipios` (`id`) ON DELETE RESTRICT ON UPDATE RESTRICT,
  CONSTRAINT `FK_AE9DBD1E7BF9CE86` FOREIGN KEY (`id_cliente_id`) REFERENCES `cliente` (`id`) ON DELETE RESTRICT ON UPDATE RESTRICT
) ENGINE = InnoDB AUTO_INCREMENT = 20 CHARACTER SET = utf8mb4 COLLATE = utf8mb4_unicode_ci ROW_FORMAT = DYNAMIC;

-- ----------------------------
-- Table structure for cargo
-- ----------------------------
-- DROP TABLE IF EXISTS `cargo`;
CREATE TABLE `cargo`  (
  `id` int NOT NULL AUTO_INCREMENT,
  `nombre` varchar(255) CHARACTER SET utf8mb4 COLLATE utf8mb4_unicode_ci NOT NULL,
  `activo` tinyint(1) NOT NULL,
  PRIMARY KEY (`id`) USING BTREE
) ENGINE = InnoDB AUTO_INCREMENT = 4 CHARACTER SET = utf8mb4 COLLATE = utf8mb4_unicode_ci ROW_FORMAT = DYNAMIC;

-- ----------------------------
-- Table structure for carrito
-- ----------------------------
-- DROP TABLE IF EXISTS `carrito`;
CREATE TABLE `carrito`  (
  `id` int NOT NULL AUTO_INCREMENT,
  `json` longtext CHARACTER SET utf8mb4 COLLATE utf8mb4_unicode_ci NOT NULL COMMENT '(DC2Type:json)',
  `empleado` varchar(255) CHARACTER SET utf8mb4 COLLATE utf8mb4_unicode_ci NOT NULL,
  PRIMARY KEY (`id`) USING BTREE
) ENGINE = InnoDB AUTO_INCREMENT = 5 CHARACTER SET = utf8mb4 COLLATE = utf8mb4_unicode_ci ROW_FORMAT = DYNAMIC;

-- ----------------------------
-- Table structure for categoria_cliente
-- ----------------------------
-- DROP TABLE IF EXISTS `categoria_cliente`;
CREATE TABLE `categoria_cliente`  (
  `id` int NOT NULL,
  `nombre` varchar(255) CHARACTER SET utf8mb4 COLLATE utf8mb4_unicode_ci NOT NULL,
  `prefijo` varchar(255) CHARACTER SET utf8mb4 COLLATE utf8mb4_unicode_ci NOT NULL,
  PRIMARY KEY (`id`) USING BTREE
) ENGINE = InnoDB CHARACTER SET = utf8mb4 COLLATE = utf8mb4_unicode_ci ROW_FORMAT = DYNAMIC;

-- ----------------------------
-- Table structure for categoria_producto
-- ----------------------------
-- DROP TABLE IF EXISTS `categoria_producto`;
CREATE TABLE `categoria_producto`  (
  `id` int NOT NULL AUTO_INCREMENT,
  `nombre` varchar(255) CHARACTER SET utf8mb4 COLLATE utf8mb4_unicode_ci NOT NULL,
  `activo` tinyint(1) NOT NULL,
  PRIMARY KEY (`id`) USING BTREE
) ENGINE = InnoDB AUTO_INCREMENT = 1 CHARACTER SET = utf8mb4 COLLATE = utf8mb4_unicode_ci ROW_FORMAT = DYNAMIC;

-- ----------------------------
-- Table structure for centro_costo
-- ----------------------------
-- DROP TABLE IF EXISTS `centro_costo`;
CREATE TABLE `centro_costo`  (
  `id` int NOT NULL AUTO_INCREMENT,
  `id_unidad_id` int NOT NULL,
  `activo` tinyint(1) NOT NULL,
  `codigo` varchar(255) CHARACTER SET utf8mb4 COLLATE utf8mb4_unicode_ci NOT NULL,
  `nombre` varchar(255) CHARACTER SET utf8mb4 COLLATE utf8mb4_unicode_ci NOT NULL,
  PRIMARY KEY (`id`) USING BTREE,
  INDEX `IDX_749608CE1D34FA6B`(`id_unidad_id`) USING BTREE,
  CONSTRAINT `FK_749608CE1D34FA6B` FOREIGN KEY (`id_unidad_id`) REFERENCES `unidad` (`id`) ON DELETE RESTRICT ON UPDATE RESTRICT
) ENGINE = InnoDB AUTO_INCREMENT = 26 CHARACTER SET = utf8mb4 COLLATE = utf8mb4_unicode_ci ROW_FORMAT = DYNAMIC;

-- ----------------------------
-- Table structure for cierre
-- ----------------------------
-- DROP TABLE IF EXISTS `cierre`;
CREATE TABLE `cierre`  (
  `id` int NOT NULL AUTO_INCREMENT,
  `id_almacen_id` int NOT NULL,
  `id_usuario_id` int NULL DEFAULT NULL,
  `diario` tinyint(1) NOT NULL,
  `mes` int NULL DEFAULT NULL,
  `anno` int NOT NULL,
  `fecha` date NOT NULL,
  `saldo` double NOT NULL,
  `abierto` tinyint(1) NULL DEFAULT NULL,
  `debito` double NOT NULL,
  `credito` double NOT NULL,
  PRIMARY KEY (`id`) USING BTREE,
  INDEX `IDX_D0DCFCC739161EBF`(`id_almacen_id`) USING BTREE,
  INDEX `IDX_D0DCFCC77EB2C349`(`id_usuario_id`) USING BTREE,
  CONSTRAINT `FK_D0DCFCC739161EBF` FOREIGN KEY (`id_almacen_id`) REFERENCES `almacen` (`id`) ON DELETE RESTRICT ON UPDATE RESTRICT,
  CONSTRAINT `FK_D0DCFCC77EB2C349` FOREIGN KEY (`id_usuario_id`) REFERENCES `user` (`id`) ON DELETE RESTRICT ON UPDATE RESTRICT
) ENGINE = InnoDB AUTO_INCREMENT = 5 CHARACTER SET = utf8mb4 COLLATE = utf8mb4_unicode_ci ROW_FORMAT = DYNAMIC;

-- ----------------------------
-- Table structure for cierre_diario
-- ----------------------------
-- DROP TABLE IF EXISTS `cierre_diario`;
CREATE TABLE `cierre_diario`  (
  `id` int NOT NULL AUTO_INCREMENT,
  `id_almacen_id` int NOT NULL,
  `id_usuario_id` int NOT NULL,
  `fecha_cerrado` date NOT NULL,
  `fecha_cerrado_real` datetime NOT NULL,
  PRIMARY KEY (`id`) USING BTREE,
  INDEX `IDX_F3D0CD8939161EBF`(`id_almacen_id`) USING BTREE,
  INDEX `IDX_F3D0CD897EB2C349`(`id_usuario_id`) USING BTREE,
  CONSTRAINT `FK_F3D0CD8939161EBF` FOREIGN KEY (`id_almacen_id`) REFERENCES `almacen` (`id`) ON DELETE RESTRICT ON UPDATE RESTRICT,
  CONSTRAINT `FK_F3D0CD897EB2C349` FOREIGN KEY (`id_usuario_id`) REFERENCES `user` (`id`) ON DELETE RESTRICT ON UPDATE RESTRICT
) ENGINE = InnoDB AUTO_INCREMENT = 1 CHARACTER SET = utf8mb4 COLLATE = utf8mb4_unicode_ci ROW_FORMAT = DYNAMIC;

-- ----------------------------
-- Table structure for cliente
-- ----------------------------
-- DROP TABLE IF EXISTS `cliente`;
CREATE TABLE `cliente`  (
  `id` int NOT NULL AUTO_INCREMENT,
  `nombre` varchar(255) CHARACTER SET utf8mb4 COLLATE utf8mb4_unicode_ci NOT NULL,
  `apellidos` varchar(255) CHARACTER SET utf8mb4 COLLATE utf8mb4_unicode_ci NULL DEFAULT NULL,
  `correo` varchar(255) CHARACTER SET utf8mb4 COLLATE utf8mb4_unicode_ci NULL DEFAULT NULL,
  `direccion` varchar(255) CHARACTER SET utf8mb4 COLLATE utf8mb4_unicode_ci NULL DEFAULT NULL,
  `token` varchar(255) CHARACTER SET utf8mb4 COLLATE utf8mb4_unicode_ci NULL DEFAULT NULL,
  `fecha` date NULL DEFAULT NULL,
  `usuario` int NULL DEFAULT NULL,
  `comentario` varchar(255) CHARACTER SET utf8mb4 COLLATE utf8mb4_unicode_ci NULL DEFAULT NULL,
  `telefono` varchar(255) CHARACTER SET utf8mb4 COLLATE utf8mb4_unicode_ci NOT NULL,
  `identificacion_empresa` varchar(255) CHARACTER SET utf8mb4 COLLATE utf8mb4_unicode_ci NULL DEFAULT NULL,
  PRIMARY KEY (`id`) USING BTREE
) ENGINE = InnoDB AUTO_INCREMENT = 7 CHARACTER SET = utf8mb4 COLLATE = utf8mb4_unicode_ci ROW_FORMAT = DYNAMIC;

-- ----------------------------
-- Table structure for cliente_beneficiario
-- ----------------------------
-- DROP TABLE IF EXISTS `cliente_beneficiario`;
CREATE TABLE `cliente_beneficiario`  (
  `id` int NOT NULL AUTO_INCREMENT,
  `id_cliente` varchar(255) CHARACTER SET utf8mb4 COLLATE utf8mb4_unicode_ci NOT NULL,
  `primer_nombre` varchar(255) CHARACTER SET utf8mb4 COLLATE utf8mb4_unicode_ci NOT NULL,
  `telefono_casa` varchar(255) CHARACTER SET utf8mb4 COLLATE utf8mb4_unicode_ci NULL DEFAULT NULL,
  `primer_apellido` varchar(255) CHARACTER SET utf8mb4 COLLATE utf8mb4_unicode_ci NOT NULL,
  `segundo_apellido` varchar(255) CHARACTER SET utf8mb4 COLLATE utf8mb4_unicode_ci NULL DEFAULT NULL,
  `alternativo_nombre` varchar(255) CHARACTER SET utf8mb4 COLLATE utf8mb4_unicode_ci NULL DEFAULT NULL,
  `alternativo_apellido` varchar(255) CHARACTER SET utf8mb4 COLLATE utf8mb4_unicode_ci NULL DEFAULT NULL,
  `alternativo_segundo_apellido` varchar(255) CHARACTER SET utf8mb4 COLLATE utf8mb4_unicode_ci NULL DEFAULT NULL,
  `telefono` varchar(255) CHARACTER SET utf8mb4 COLLATE utf8mb4_unicode_ci NOT NULL,
  `identificacion` varchar(255) CHARACTER SET utf8mb4 COLLATE utf8mb4_unicode_ci NULL DEFAULT NULL,
  `calle` varchar(255) CHARACTER SET utf8mb4 COLLATE utf8mb4_unicode_ci NOT NULL,
  `no` varchar(255) CHARACTER SET utf8mb4 COLLATE utf8mb4_unicode_ci NOT NULL,
  `entre` varchar(255) CHARACTER SET utf8mb4 COLLATE utf8mb4_unicode_ci NULL DEFAULT NULL,
  `y` varchar(255) CHARACTER SET utf8mb4 COLLATE utf8mb4_unicode_ci NULL DEFAULT NULL,
  `apto` varchar(255) CHARACTER SET utf8mb4 COLLATE utf8mb4_unicode_ci NULL DEFAULT NULL,
  `edificio` varchar(255) CHARACTER SET utf8mb4 COLLATE utf8mb4_unicode_ci NULL DEFAULT NULL,
  `reparto` varchar(255) CHARACTER SET utf8mb4 COLLATE utf8mb4_unicode_ci NULL DEFAULT NULL,
  `provincia` varchar(255) CHARACTER SET utf8mb4 COLLATE utf8mb4_unicode_ci NULL DEFAULT NULL,
  `municipio` varchar(255) CHARACTER SET utf8mb4 COLLATE utf8mb4_unicode_ci NULL DEFAULT NULL,
  `id_pais` int NOT NULL,
  PRIMARY KEY (`id`) USING BTREE
) ENGINE = InnoDB AUTO_INCREMENT = 1 CHARACTER SET = utf8mb4 COLLATE = utf8mb4_unicode_ci ROW_FORMAT = DYNAMIC;

-- ----------------------------
-- Table structure for cliente_contabilidad
-- ----------------------------
-- DROP TABLE IF EXISTS `cliente_contabilidad`;
CREATE TABLE `cliente_contabilidad`  (
  `id` int NOT NULL AUTO_INCREMENT,
  `codigo` varchar(255) CHARACTER SET utf8mb4 COLLATE utf8mb4_unicode_ci NOT NULL,
  `nombre` varchar(255) CHARACTER SET utf8mb4 COLLATE utf8mb4_unicode_ci NOT NULL,
  `direccion` varchar(255) CHARACTER SET utf8mb4 COLLATE utf8mb4_unicode_ci NOT NULL,
  `telefonos` varchar(255) CHARACTER SET utf8mb4 COLLATE utf8mb4_unicode_ci NOT NULL,
  `fax` varchar(255) CHARACTER SET utf8mb4 COLLATE utf8mb4_unicode_ci NULL DEFAULT NULL,
  `correos` varchar(255) CHARACTER SET utf8mb4 COLLATE utf8mb4_unicode_ci NOT NULL,
  `activo` tinyint(1) NOT NULL,
  PRIMARY KEY (`id`) USING BTREE
) ENGINE = InnoDB AUTO_INCREMENT = 2 CHARACTER SET = utf8mb4 COLLATE = utf8mb4_unicode_ci ROW_FORMAT = DYNAMIC;

-- ----------------------------
-- Table structure for cliente_solicitudes
-- ----------------------------
-- DROP TABLE IF EXISTS `cliente_solicitudes`;
CREATE TABLE `cliente_solicitudes`  (
  `id` int NOT NULL AUTO_INCREMENT,
  `id_cliente_id` int NOT NULL,
  `id_solicitud_id` int NOT NULL,
  `id_unidad_id` int NULL DEFAULT NULL,
  PRIMARY KEY (`id`) USING BTREE,
  INDEX `IDX_D0874AE67BF9CE86`(`id_cliente_id`) USING BTREE,
  INDEX `IDX_D0874AE63F78A396`(`id_solicitud_id`) USING BTREE,
  INDEX `IDX_D0874AE61D34FA6B`(`id_unidad_id`) USING BTREE,
  CONSTRAINT `FK_D0874AE61D34FA6B` FOREIGN KEY (`id_unidad_id`) REFERENCES `unidad` (`id`) ON DELETE RESTRICT ON UPDATE RESTRICT,
  CONSTRAINT `FK_D0874AE63F78A396` FOREIGN KEY (`id_solicitud_id`) REFERENCES `solicitud` (`id`) ON DELETE RESTRICT ON UPDATE RESTRICT,
  CONSTRAINT `FK_D0874AE67BF9CE86` FOREIGN KEY (`id_cliente_id`) REFERENCES `cliente` (`id`) ON DELETE RESTRICT ON UPDATE RESTRICT
) ENGINE = InnoDB AUTO_INCREMENT = 1 CHARACTER SET = utf8mb4 COLLATE = utf8mb4_unicode_ci ROW_FORMAT = DYNAMIC;

-- ----------------------------
-- Table structure for cobros_pagos
-- ----------------------------
-- DROP TABLE IF EXISTS `cobros_pagos`;
CREATE TABLE `cobros_pagos`  (
  `id` int NOT NULL AUTO_INCREMENT,
  `id_factura_id` int NULL DEFAULT NULL,
  `id_informe_id` int NULL DEFAULT NULL,
  `id_proveedor_id` int NULL DEFAULT NULL,
  `id_movimiento_activo_fijo_id` int NULL DEFAULT NULL,
  `debito` double NULL DEFAULT NULL,
  `credito` double NULL DEFAULT NULL,
  `id_tipo_cliente` int NULL DEFAULT NULL,
  `id_cliente_venta` int NULL DEFAULT NULL,
  PRIMARY KEY (`id`) USING BTREE,
  INDEX `IDX_D9581D1655C5F988`(`id_factura_id`) USING BTREE,
  INDEX `IDX_D9581D1626990C38`(`id_informe_id`) USING BTREE,
  INDEX `IDX_D9581D16E8F12801`(`id_proveedor_id`) USING BTREE,
  INDEX `IDX_D9581D167786CA71`(`id_movimiento_activo_fijo_id`) USING BTREE,
  CONSTRAINT `FK_D9581D1626990C38` FOREIGN KEY (`id_informe_id`) REFERENCES `informe_recepcion` (`id`) ON DELETE RESTRICT ON UPDATE RESTRICT,
  CONSTRAINT `FK_D9581D1655C5F988` FOREIGN KEY (`id_factura_id`) REFERENCES `factura` (`id`) ON DELETE RESTRICT ON UPDATE RESTRICT,
  CONSTRAINT `FK_D9581D167786CA71` FOREIGN KEY (`id_movimiento_activo_fijo_id`) REFERENCES `movimiento_activo_fijo` (`id`) ON DELETE RESTRICT ON UPDATE RESTRICT,
  CONSTRAINT `FK_D9581D16E8F12801` FOREIGN KEY (`id_proveedor_id`) REFERENCES `proveedor` (`id`) ON DELETE RESTRICT ON UPDATE RESTRICT
) ENGINE = InnoDB AUTO_INCREMENT = 1 CHARACTER SET = utf8mb4 COLLATE = utf8mb4_unicode_ci ROW_FORMAT = DYNAMIC;

-- ----------------------------
-- Table structure for comprobante_cierre
-- ----------------------------
-- DROP TABLE IF EXISTS `comprobante_cierre`;
CREATE TABLE `comprobante_cierre`  (
  `id` int NOT NULL AUTO_INCREMENT,
  `id_comprobante_id` int NOT NULL,
  `id_cierre_id` int NOT NULL,
  PRIMARY KEY (`id`) USING BTREE,
  INDEX `IDX_D03EA4C51800963C`(`id_comprobante_id`) USING BTREE,
  INDEX `IDX_D03EA4C545F8C94C`(`id_cierre_id`) USING BTREE,
  CONSTRAINT `FK_D03EA4C51800963C` FOREIGN KEY (`id_comprobante_id`) REFERENCES `registro_comprobantes` (`id`) ON DELETE RESTRICT ON UPDATE RESTRICT,
  CONSTRAINT `FK_D03EA4C545F8C94C` FOREIGN KEY (`id_cierre_id`) REFERENCES `cierre` (`id`) ON DELETE RESTRICT ON UPDATE RESTRICT
) ENGINE = InnoDB AUTO_INCREMENT = 2 CHARACTER SET = utf8mb4 COLLATE = utf8mb4_unicode_ci ROW_FORMAT = DYNAMIC;

-- ----------------------------
-- Table structure for comprobante_movimiento_activo_fijo
-- ----------------------------
-- DROP TABLE IF EXISTS `comprobante_movimiento_activo_fijo`;
CREATE TABLE `comprobante_movimiento_activo_fijo`  (
  `id` int NOT NULL AUTO_INCREMENT,
  `id_registro_comprobante_id` int NOT NULL,
  `id_movimiento_activo_id` int NOT NULL,
  `id_unidad_id` int NOT NULL,
  `anno` int NOT NULL,
  PRIMARY KEY (`id`) USING BTREE,
  INDEX `IDX_81F5096A1399A3CF`(`id_registro_comprobante_id`) USING BTREE,
  INDEX `IDX_81F5096A9D00B230`(`id_movimiento_activo_id`) USING BTREE,
  INDEX `IDX_81F5096A1D34FA6B`(`id_unidad_id`) USING BTREE,
  CONSTRAINT `FK_81F5096A1399A3CF` FOREIGN KEY (`id_registro_comprobante_id`) REFERENCES `registro_comprobantes` (`id`) ON DELETE RESTRICT ON UPDATE RESTRICT,
  CONSTRAINT `FK_81F5096A1D34FA6B` FOREIGN KEY (`id_unidad_id`) REFERENCES `unidad` (`id`) ON DELETE RESTRICT ON UPDATE RESTRICT,
  CONSTRAINT `FK_81F5096A9D00B230` FOREIGN KEY (`id_movimiento_activo_id`) REFERENCES `movimiento_activo_fijo` (`id`) ON DELETE RESTRICT ON UPDATE RESTRICT
) ENGINE = InnoDB AUTO_INCREMENT = 1 CHARACTER SET = utf8mb4 COLLATE = utf8mb4_unicode_ci ROW_FORMAT = DYNAMIC;

-- ----------------------------
-- Table structure for comprobante_salario
-- ----------------------------
-- DROP TABLE IF EXISTS `comprobante_salario`;
CREATE TABLE `comprobante_salario`  (
  `id` int NOT NULL AUTO_INCREMENT,
  `id_registro_comprobante_id` int NOT NULL,
  `id_unidad_id` int NOT NULL,
  `mes` int NOT NULL,
  `anno` int NOT NULL,
  `quincena` int NOT NULL,
  PRIMARY KEY (`id`) USING BTREE,
  INDEX `IDX_8C5550701399A3CF`(`id_registro_comprobante_id`) USING BTREE,
  INDEX `IDX_8C5550701D34FA6B`(`id_unidad_id`) USING BTREE,
  CONSTRAINT `FK_8C5550701399A3CF` FOREIGN KEY (`id_registro_comprobante_id`) REFERENCES `registro_comprobantes` (`id`) ON DELETE RESTRICT ON UPDATE RESTRICT,
  CONSTRAINT `FK_8C5550701D34FA6B` FOREIGN KEY (`id_unidad_id`) REFERENCES `unidad` (`id`) ON DELETE RESTRICT ON UPDATE RESTRICT
) ENGINE = InnoDB AUTO_INCREMENT = 3 CHARACTER SET = utf8mb4 COLLATE = utf8mb4_unicode_ci ROW_FORMAT = DYNAMIC;

-- ----------------------------
-- Table structure for config_precio_venta_servicio
-- ----------------------------
-- DROP TABLE IF EXISTS `config_precio_venta_servicio`;
CREATE TABLE `config_precio_venta_servicio`  (
  `id` int NOT NULL AUTO_INCREMENT,
  `id_unidad_id` int NOT NULL,
  `identificador_servicio` int NOT NULL,
  `prociento` double NULL DEFAULT NULL,
  `valor_fijo` double NULL DEFAULT NULL,
  `precio_venta_total` double NOT NULL,
  PRIMARY KEY (`id`) USING BTREE,
  INDEX `IDX_6A244E601D34FA6B`(`id_unidad_id`) USING BTREE,
  CONSTRAINT `FK_6A244E601D34FA6B` FOREIGN KEY (`id_unidad_id`) REFERENCES `unidad` (`id`) ON DELETE RESTRICT ON UPDATE RESTRICT
) ENGINE = InnoDB AUTO_INCREMENT = 2 CHARACTER SET = utf8mb4 COLLATE = utf8mb4_unicode_ci ROW_FORMAT = DYNAMIC;

-- ----------------------------
-- Table structure for config_servicios
-- ----------------------------
-- DROP TABLE IF EXISTS `config_servicios`;
CREATE TABLE `config_servicios`  (
  `id` int NOT NULL AUTO_INCREMENT,
  `id_servicio_id` int NOT NULL,
  `id_unidad_id` int NOT NULL,
  `minimo` double NOT NULL,
  `porciento` tinyint(1) NOT NULL,
  PRIMARY KEY (`id`) USING BTREE,
  INDEX `IDX_A1A8B71269D86E10`(`id_servicio_id`) USING BTREE,
  INDEX `IDX_A1A8B7121D34FA6B`(`id_unidad_id`) USING BTREE,
  CONSTRAINT `FK_A1A8B7121D34FA6B` FOREIGN KEY (`id_unidad_id`) REFERENCES `unidad` (`id`) ON DELETE RESTRICT ON UPDATE RESTRICT,
  CONSTRAINT `FK_A1A8B71269D86E10` FOREIGN KEY (`id_servicio_id`) REFERENCES `servicios` (`id`) ON DELETE RESTRICT ON UPDATE RESTRICT
) ENGINE = InnoDB AUTO_INCREMENT = 1 CHARACTER SET = utf8mb4 COLLATE = utf8mb4_unicode_ci ROW_FORMAT = DYNAMIC;

-- ----------------------------
-- Table structure for configuracion_inicial
-- ----------------------------
-- DROP TABLE IF EXISTS `configuracion_inicial`;
CREATE TABLE `configuracion_inicial`  (
  `id` int NOT NULL AUTO_INCREMENT,
  `id_modulo_id` int NOT NULL,
  `id_tipo_documento_id` int NOT NULL,
  `deudora` tinyint(1) NOT NULL,
  `activo` tinyint(1) NOT NULL,
  `str_cuentas` varchar(255) CHARACTER SET utf8mb4 COLLATE utf8mb4_unicode_ci NOT NULL,
  `str_subcuentas` varchar(255) CHARACTER SET utf8mb4 COLLATE utf8mb4_unicode_ci NOT NULL,
  `str_elemento_gasto` varchar(255) CHARACTER SET utf8mb4 COLLATE utf8mb4_unicode_ci NOT NULL,
  `str_cuentas_contrapartida` varchar(255) CHARACTER SET utf8mb4 COLLATE utf8mb4_unicode_ci NOT NULL,
  `str_subcuentas_contrapartida` varchar(255) CHARACTER SET utf8mb4 COLLATE utf8mb4_unicode_ci NULL DEFAULT NULL,
  PRIMARY KEY (`id`) USING BTREE,
  INDEX `IDX_8521BE24404AE9D2`(`id_modulo_id`) USING BTREE,
  INDEX `IDX_8521BE247A4F962`(`id_tipo_documento_id`) USING BTREE,
  CONSTRAINT `FK_8521BE24404AE9D2` FOREIGN KEY (`id_modulo_id`) REFERENCES `modulo` (`id`) ON DELETE RESTRICT ON UPDATE RESTRICT,
  CONSTRAINT `FK_8521BE247A4F962` FOREIGN KEY (`id_tipo_documento_id`) REFERENCES `tipo_documento` (`id`) ON DELETE RESTRICT ON UPDATE RESTRICT
) ENGINE = InnoDB AUTO_INCREMENT = 1 CHARACTER SET = utf8mb4 COLLATE = utf8mb4_unicode_ci ROW_FORMAT = DYNAMIC;

-- ----------------------------
-- Table structure for configuracion_reglas_remesas
-- ----------------------------
-- DROP TABLE IF EXISTS `configuracion_reglas_remesas`;
CREATE TABLE `configuracion_reglas_remesas`  (
  `id` int NOT NULL AUTO_INCREMENT,
  `id_pais_id` int NOT NULL,
  `id_proveedor_id` int NOT NULL,
  `id_unidad_id` int NULL DEFAULT NULL,
  `minimo` double NOT NULL,
  `maximo` double NOT NULL,
  `valor_fijo_costo` double NULL DEFAULT NULL,
  `porciento_costo` double NULL DEFAULT NULL,
  `valor_fijo_venta` double NULL DEFAULT NULL,
  `porciento_venta` double NULL DEFAULT NULL,
  PRIMARY KEY (`id`) USING BTREE,
  INDEX `IDX_2398566118997CB6`(`id_pais_id`) USING BTREE,
  INDEX `IDX_23985661E8F12801`(`id_proveedor_id`) USING BTREE,
  INDEX `IDX_239856611D34FA6B`(`id_unidad_id`) USING BTREE,
  CONSTRAINT `FK_2398566118997CB6` FOREIGN KEY (`id_pais_id`) REFERENCES `pais` (`id`) ON DELETE RESTRICT ON UPDATE RESTRICT,
  CONSTRAINT `FK_239856611D34FA6B` FOREIGN KEY (`id_unidad_id`) REFERENCES `unidad` (`id`) ON DELETE RESTRICT ON UPDATE RESTRICT,
  CONSTRAINT `FK_23985661E8F12801` FOREIGN KEY (`id_proveedor_id`) REFERENCES `proveedor` (`id`) ON DELETE RESTRICT ON UPDATE RESTRICT
) ENGINE = InnoDB AUTO_INCREMENT = 5 CHARACTER SET = utf8mb4 COLLATE = utf8mb4_unicode_ci ROW_FORMAT = DYNAMIC;

-- ----------------------------
-- Table structure for consecutivo_servicio
-- ----------------------------
-- DROP TABLE IF EXISTS `consecutivo_servicio`;
CREATE TABLE `consecutivo_servicio`  (
  `id` int NOT NULL AUTO_INCREMENT,
  `id_unidad_id` int NOT NULL,
  `id_servicio_id` int NOT NULL,
  `id_cotizacion_id` int NOT NULL,
  `anno` int NOT NULL,
  `consecutivo` int NOT NULL,
  PRIMARY KEY (`id`) USING BTREE,
  INDEX `IDX_EAB6E3871D34FA6B`(`id_unidad_id`) USING BTREE,
  INDEX `IDX_EAB6E38769D86E10`(`id_servicio_id`) USING BTREE,
  INDEX `IDX_EAB6E3878E5841CF`(`id_cotizacion_id`) USING BTREE,
  CONSTRAINT `FK_EAB6E3871D34FA6B` FOREIGN KEY (`id_unidad_id`) REFERENCES `unidad` (`id`) ON DELETE RESTRICT ON UPDATE RESTRICT,
  CONSTRAINT `FK_EAB6E38769D86E10` FOREIGN KEY (`id_servicio_id`) REFERENCES `servicios` (`id`) ON DELETE RESTRICT ON UPDATE RESTRICT,
  CONSTRAINT `FK_EAB6E3878E5841CF` FOREIGN KEY (`id_cotizacion_id`) REFERENCES `cotizacion` (`id`) ON DELETE RESTRICT ON UPDATE RESTRICT
) ENGINE = InnoDB AUTO_INCREMENT = 1 CHARACTER SET = utf8mb4 COLLATE = utf8mb4_unicode_ci ROW_FORMAT = DYNAMIC;

-- ----------------------------
-- Table structure for contratos_cliente
-- ----------------------------
-- DROP TABLE IF EXISTS `contratos_cliente`;
CREATE TABLE `contratos_cliente`  (
  `id` int NOT NULL AUTO_INCREMENT,
  `id_cliente_id` int NOT NULL,
  `id_moneda_id` int NOT NULL,
  `nro_contrato` varchar(255) CHARACTER SET utf8mb4 COLLATE utf8mb4_unicode_ci NOT NULL,
  `anno` int NOT NULL,
  `fecha_aprobado` date NOT NULL,
  `fecha_vencimiento` date NULL DEFAULT NULL,
  `activo` tinyint(1) NOT NULL,
  `importe` double NOT NULL,
  `resto` double NULL DEFAULT NULL,
  `id_padre` int NULL DEFAULT NULL,
  PRIMARY KEY (`id`) USING BTREE,
  INDEX `IDX_29A5BB477BF9CE86`(`id_cliente_id`) USING BTREE,
  INDEX `IDX_29A5BB47374388F5`(`id_moneda_id`) USING BTREE,
  CONSTRAINT `FK_29A5BB47374388F5` FOREIGN KEY (`id_moneda_id`) REFERENCES `moneda` (`id`) ON DELETE RESTRICT ON UPDATE RESTRICT,
  CONSTRAINT `FK_29A5BB477BF9CE86` FOREIGN KEY (`id_cliente_id`) REFERENCES `cliente_contabilidad` (`id`) ON DELETE RESTRICT ON UPDATE RESTRICT
) ENGINE = InnoDB AUTO_INCREMENT = 1 CHARACTER SET = utf8mb4 COLLATE = utf8mb4_unicode_ci ROW_FORMAT = DYNAMIC;

-- ----------------------------
-- Table structure for cotizacion
-- ----------------------------
-- DROP TABLE IF EXISTS `cotizacion`;
CREATE TABLE `cotizacion`  (
  `id` int NOT NULL AUTO_INCREMENT,
  `id_unidad_id` int NULL DEFAULT NULL,
  `edit` varchar(255) CHARACTER SET utf8mb4 COLLATE utf8mb4_unicode_ci NOT NULL,
  `json` longtext CHARACTER SET utf8mb4 COLLATE utf8mb4_unicode_ci NOT NULL COMMENT '(DC2Type:json)',
  `empleado` varchar(255) CHARACTER SET utf8mb4 COLLATE utf8mb4_unicode_ci NOT NULL,
  `datetime` datetime NOT NULL,
  `total` varchar(255) CHARACTER SET utf8mb4 COLLATE utf8mb4_unicode_ci NOT NULL,
  `id_cliente` varchar(255) CHARACTER SET utf8mb4 COLLATE utf8mb4_unicode_ci NOT NULL,
  `nombre_cliente` varchar(255) CHARACTER SET utf8mb4 COLLATE utf8mb4_unicode_ci NOT NULL,
  `id_moneda` varchar(255) CHARACTER SET utf8mb4 COLLATE utf8mb4_unicode_ci NOT NULL,
  `pagado` tinyint(1) NULL DEFAULT NULL,
  `id_factura` int NULL DEFAULT NULL,
  `fecha_factura` datetime NULL DEFAULT NULL,
  `activo` tinyint(1) NULL DEFAULT NULL,
  `anno` int NULL DEFAULT NULL,
  `nro_consecutivo` int NOT NULL,
  `tipo_plazo_pago` int NULL DEFAULT NULL,
  `fecha_maxima_pago` date NULL DEFAULT NULL,
  `token` varchar(255) CHARACTER SET utf8mb4 COLLATE utf8mb4_unicode_ci NULL DEFAULT NULL,
  PRIMARY KEY (`id`) USING BTREE,
  INDEX `IDX_44A5EC031D34FA6B`(`id_unidad_id`) USING BTREE,
  CONSTRAINT `FK_44A5EC031D34FA6B` FOREIGN KEY (`id_unidad_id`) REFERENCES `unidad` (`id`) ON DELETE RESTRICT ON UPDATE RESTRICT
) ENGINE = InnoDB AUTO_INCREMENT = 2 CHARACTER SET = utf8mb4 COLLATE = utf8mb4_unicode_ci ROW_FORMAT = DYNAMIC;

-- ----------------------------
-- Table structure for creditos_precio_venta
-- ----------------------------
-- DROP TABLE IF EXISTS `creditos_precio_venta`;
CREATE TABLE `creditos_precio_venta`  (
  `id` int NOT NULL AUTO_INCREMENT,
  `id_config_precio_venta_id` int NOT NULL,
  `id_unidad_id` int NULL DEFAULT NULL,
  `identificador_servicio` int NOT NULL,
  `credito` tinyint(1) NULL DEFAULT NULL,
  `importe` double NOT NULL,
  PRIMARY KEY (`id`) USING BTREE,
  INDEX `IDX_847FE8A94699DFE5`(`id_config_precio_venta_id`) USING BTREE,
  INDEX `IDX_847FE8A91D34FA6B`(`id_unidad_id`) USING BTREE,
  CONSTRAINT `FK_847FE8A91D34FA6B` FOREIGN KEY (`id_unidad_id`) REFERENCES `unidad` (`id`) ON DELETE RESTRICT ON UPDATE RESTRICT,
  CONSTRAINT `FK_847FE8A94699DFE5` FOREIGN KEY (`id_config_precio_venta_id`) REFERENCES `config_precio_venta_servicio` (`id`) ON DELETE RESTRICT ON UPDATE RESTRICT
) ENGINE = InnoDB AUTO_INCREMENT = 2 CHARACTER SET = utf8mb4 COLLATE = utf8mb4_unicode_ci ROW_FORMAT = DYNAMIC;

-- ----------------------------
-- Table structure for criterio_analisis
-- ----------------------------
-- DROP TABLE IF EXISTS `criterio_analisis`;
CREATE TABLE `criterio_analisis`  (
  `id` int NOT NULL AUTO_INCREMENT,
  `nombre` varchar(255) CHARACTER SET utf8mb4 COLLATE utf8mb4_unicode_ci NOT NULL,
  `abreviatura` varchar(255) CHARACTER SET utf8mb4 COLLATE utf8mb4_unicode_ci NOT NULL,
  `activo` tinyint(1) NOT NULL,
  PRIMARY KEY (`id`) USING BTREE
) ENGINE = InnoDB AUTO_INCREMENT = 18 CHARACTER SET = utf8mb4 COLLATE = utf8mb4_unicode_ci ROW_FORMAT = DYNAMIC;

-- ----------------------------
-- Table structure for cuadre_diario
-- ----------------------------
-- DROP TABLE IF EXISTS `cuadre_diario`;
CREATE TABLE `cuadre_diario`  (
  `id` int NOT NULL AUTO_INCREMENT,
  `id_cuenta_id` int NOT NULL,
  `id_subcuenta_id` int NOT NULL,
  `id_cierre_id` int NOT NULL,
  `id_almacen_id` int NOT NULL,
  `str_analisis` varchar(255) CHARACTER SET utf8mb4 COLLATE utf8mb4_unicode_ci NULL DEFAULT NULL,
  `fecha` date NOT NULL,
  `saldo` decimal(10, 2) NOT NULL,
  `debito` double NOT NULL,
  `credito` double NOT NULL,
  PRIMARY KEY (`id`) USING BTREE,
  INDEX `IDX_60ABEFD91ADA4D3F`(`id_cuenta_id`) USING BTREE,
  INDEX `IDX_60ABEFD92D412F53`(`id_subcuenta_id`) USING BTREE,
  INDEX `IDX_60ABEFD945F8C94C`(`id_cierre_id`) USING BTREE,
  INDEX `IDX_60ABEFD939161EBF`(`id_almacen_id`) USING BTREE,
  CONSTRAINT `FK_60ABEFD91ADA4D3F` FOREIGN KEY (`id_cuenta_id`) REFERENCES `cuenta` (`id`) ON DELETE RESTRICT ON UPDATE RESTRICT,
  CONSTRAINT `FK_60ABEFD92D412F53` FOREIGN KEY (`id_subcuenta_id`) REFERENCES `subcuenta` (`id`) ON DELETE RESTRICT ON UPDATE RESTRICT,
  CONSTRAINT `FK_60ABEFD939161EBF` FOREIGN KEY (`id_almacen_id`) REFERENCES `almacen` (`id`) ON DELETE RESTRICT ON UPDATE RESTRICT,
  CONSTRAINT `FK_60ABEFD945F8C94C` FOREIGN KEY (`id_cierre_id`) REFERENCES `cierre` (`id`) ON DELETE RESTRICT ON UPDATE RESTRICT
) ENGINE = InnoDB AUTO_INCREMENT = 4 CHARACTER SET = utf8mb4 COLLATE = utf8mb4_unicode_ci ROW_FORMAT = DYNAMIC;

-- ----------------------------
-- Table structure for cuenta
-- ----------------------------
-- DROP TABLE IF EXISTS `cuenta`;
CREATE TABLE `cuenta`  (
  `id` int NOT NULL AUTO_INCREMENT,
  `id_tipo_cuenta_id` int NOT NULL,
  `nro_cuenta` int NOT NULL,
  `nombre` varchar(255) CHARACTER SET utf8mb4 COLLATE utf8mb4_unicode_ci NOT NULL,
  `deudora` tinyint(1) NOT NULL,
  `mixta` tinyint(1) NOT NULL,
  `obligacion_deudora` tinyint(1) NOT NULL,
  `obligacion_acreedora` tinyint(1) NOT NULL,
  `activo` tinyint(1) NOT NULL,
  `produccion` tinyint(1) NOT NULL,
  PRIMARY KEY (`id`) USING BTREE,
  INDEX `IDX_31C7BFCF45E7F350`(`id_tipo_cuenta_id`) USING BTREE,
  CONSTRAINT `FK_31C7BFCF45E7F350` FOREIGN KEY (`id_tipo_cuenta_id`) REFERENCES `tipo_cuenta` (`id`) ON DELETE RESTRICT ON UPDATE RESTRICT
) ENGINE = InnoDB AUTO_INCREMENT = 87 CHARACTER SET = utf8mb4 COLLATE = utf8mb4_unicode_ci ROW_FORMAT = DYNAMIC;

-- ----------------------------
-- Table structure for cuenta_criterio_analisis
-- ----------------------------
-- DROP TABLE IF EXISTS `cuenta_criterio_analisis`;
CREATE TABLE `cuenta_criterio_analisis`  (
  `id` int NOT NULL AUTO_INCREMENT,
  `id_cuenta_id` int NOT NULL,
  `id_criterio_analisis_id` int NOT NULL,
  `orden` int NULL DEFAULT NULL,
  PRIMARY KEY (`id`) USING BTREE,
  INDEX `IDX_AF040B091ADA4D3F`(`id_cuenta_id`) USING BTREE,
  INDEX `IDX_AF040B095ABBE5F6`(`id_criterio_analisis_id`) USING BTREE,
  CONSTRAINT `FK_AF040B091ADA4D3F` FOREIGN KEY (`id_cuenta_id`) REFERENCES `cuenta` (`id`) ON DELETE RESTRICT ON UPDATE RESTRICT,
  CONSTRAINT `FK_AF040B095ABBE5F6` FOREIGN KEY (`id_criterio_analisis_id`) REFERENCES `criterio_analisis` (`id`) ON DELETE RESTRICT ON UPDATE RESTRICT
) ENGINE = InnoDB AUTO_INCREMENT = 165 CHARACTER SET = utf8mb4 COLLATE = utf8mb4_unicode_ci ROW_FORMAT = DYNAMIC;

-- ----------------------------
-- Table structure for cuentas_cliente
-- ----------------------------
-- DROP TABLE IF EXISTS `cuentas_cliente`;
CREATE TABLE `cuentas_cliente`  (
  `id` int NOT NULL AUTO_INCREMENT,
  `id_moneda_id` int NOT NULL,
  `id_cliente_id` int NOT NULL,
  `id_banco_id` int NULL DEFAULT NULL,
  `nro_cuenta` varchar(255) CHARACTER SET utf8mb4 COLLATE utf8mb4_unicode_ci NOT NULL,
  `activo` tinyint(1) NOT NULL,
  PRIMARY KEY (`id`) USING BTREE,
  INDEX `IDX_64653310374388F5`(`id_moneda_id`) USING BTREE,
  INDEX `IDX_646533107BF9CE86`(`id_cliente_id`) USING BTREE,
  INDEX `IDX_646533109CDF4BAB`(`id_banco_id`) USING BTREE,
  CONSTRAINT `FK_64653310374388F5` FOREIGN KEY (`id_moneda_id`) REFERENCES `moneda` (`id`) ON DELETE RESTRICT ON UPDATE RESTRICT,
  CONSTRAINT `FK_646533107BF9CE86` FOREIGN KEY (`id_cliente_id`) REFERENCES `cliente_contabilidad` (`id`) ON DELETE RESTRICT ON UPDATE RESTRICT,
  CONSTRAINT `FK_646533109CDF4BAB` FOREIGN KEY (`id_banco_id`) REFERENCES `banco` (`id`) ON DELETE RESTRICT ON UPDATE RESTRICT
) ENGINE = InnoDB AUTO_INCREMENT = 1 CHARACTER SET = utf8mb4 COLLATE = utf8mb4_unicode_ci ROW_FORMAT = DYNAMIC;

-- ----------------------------
-- Table structure for cuentas_unidad
-- ----------------------------
-- DROP TABLE IF EXISTS `cuentas_unidad`;
CREATE TABLE `cuentas_unidad`  (
  `id` int NOT NULL AUTO_INCREMENT,
  `id_banco_id` int NOT NULL,
  `id_unidad_id` int NOT NULL,
  `id_moneda_id` int NOT NULL,
  `nro_cuenta` varchar(255) CHARACTER SET utf8mb4 COLLATE utf8mb4_unicode_ci NOT NULL,
  `activo` tinyint(1) NOT NULL,
  PRIMARY KEY (`id`) USING BTREE,
  INDEX `IDX_355374209CDF4BAB`(`id_banco_id`) USING BTREE,
  INDEX `IDX_355374201D34FA6B`(`id_unidad_id`) USING BTREE,
  INDEX `IDX_35537420374388F5`(`id_moneda_id`) USING BTREE,
  CONSTRAINT `FK_355374201D34FA6B` FOREIGN KEY (`id_unidad_id`) REFERENCES `unidad` (`id`) ON DELETE RESTRICT ON UPDATE RESTRICT,
  CONSTRAINT `FK_35537420374388F5` FOREIGN KEY (`id_moneda_id`) REFERENCES `moneda` (`id`) ON DELETE RESTRICT ON UPDATE RESTRICT,
  CONSTRAINT `FK_355374209CDF4BAB` FOREIGN KEY (`id_banco_id`) REFERENCES `banco` (`id`) ON DELETE RESTRICT ON UPDATE RESTRICT
) ENGINE = InnoDB AUTO_INCREMENT = 1 CHARACTER SET = utf8mb4 COLLATE = utf8mb4_unicode_ci ROW_FORMAT = DYNAMIC;

-- ----------------------------
-- Table structure for custom_user
-- ----------------------------
-- DROP TABLE IF EXISTS `custom_user`;
CREATE TABLE `custom_user`  (
  `id` int NOT NULL AUTO_INCREMENT,
  `id_user_id` int NOT NULL,
  `nombre_completo` varchar(255) CHARACTER SET utf8mb4 COLLATE utf8mb4_unicode_ci NOT NULL,
  `correo` varchar(255) CHARACTER SET utf8mb4 COLLATE utf8mb4_unicode_ci NULL DEFAULT NULL,
  PRIMARY KEY (`id`) USING BTREE,
  UNIQUE INDEX `UNIQ_8CE51EB479F37AE5`(`id_user_id`) USING BTREE,
  CONSTRAINT `FK_8CE51EB479F37AE5` FOREIGN KEY (`id_user_id`) REFERENCES `user` (`id`) ON DELETE RESTRICT ON UPDATE RESTRICT
) ENGINE = InnoDB AUTO_INCREMENT = 1 CHARACTER SET = utf8mb4 COLLATE = utf8mb4_unicode_ci ROW_FORMAT = DYNAMIC;

-- ----------------------------
-- Table structure for depreciacion
-- ----------------------------
-- DROP TABLE IF EXISTS `depreciacion`;
CREATE TABLE `depreciacion`  (
  `id` int NOT NULL AUTO_INCREMENT,
  `unidad_id` int NOT NULL,
  `fecha` date NOT NULL,
  `anno` int NOT NULL,
  `fundamentacion` varchar(255) CHARACTER SET utf8mb4 COLLATE utf8mb4_unicode_ci NOT NULL,
  `total` double NOT NULL,
  PRIMARY KEY (`id`) USING BTREE,
  INDEX `IDX_D618AE149D01464C`(`unidad_id`) USING BTREE,
  CONSTRAINT `FK_D618AE149D01464C` FOREIGN KEY (`unidad_id`) REFERENCES `unidad` (`id`) ON DELETE RESTRICT ON UPDATE RESTRICT
) ENGINE = InnoDB AUTO_INCREMENT = 1 CHARACTER SET = utf8mb4 COLLATE = utf8mb4_unicode_ci ROW_FORMAT = DYNAMIC;

-- ----------------------------
-- Table structure for descuestos_servicios_cotizacion
-- ----------------------------
-- DROP TABLE IF EXISTS `descuestos_servicios_cotizacion`;
CREATE TABLE `descuestos_servicios_cotizacion`  (
  `id` int NOT NULL AUTO_INCREMENT,
  `id_cotizacion_id` int NOT NULL,
  `id_servicio_id` int NOT NULL,
  `descuento` double NOT NULL,
  `fijo` tinyint(1) NOT NULL,
  PRIMARY KEY (`id`) USING BTREE,
  INDEX `IDX_1C606F008E5841CF`(`id_cotizacion_id`) USING BTREE,
  INDEX `IDX_1C606F0069D86E10`(`id_servicio_id`) USING BTREE,
  CONSTRAINT `FK_1C606F0069D86E10` FOREIGN KEY (`id_servicio_id`) REFERENCES `servicios` (`id`) ON DELETE RESTRICT ON UPDATE RESTRICT,
  CONSTRAINT `FK_1C606F008E5841CF` FOREIGN KEY (`id_cotizacion_id`) REFERENCES `cotizacion` (`id`) ON DELETE RESTRICT ON UPDATE RESTRICT
) ENGINE = InnoDB AUTO_INCREMENT = 1 CHARACTER SET = utf8mb4 COLLATE = utf8mb4_unicode_ci ROW_FORMAT = DYNAMIC;

-- ----------------------------
-- Table structure for detalles_facturas
-- ----------------------------
-- DROP TABLE IF EXISTS `detalles_facturas`;
CREATE TABLE `detalles_facturas`  (
  `id` int NOT NULL AUTO_INCREMENT,
  `id_factura_id` int NOT NULL,
  `cancepto` varchar(255) CHARACTER SET utf8mb4 COLLATE utf8mb4_unicode_ci NOT NULL,
  `importe` varchar(255) CHARACTER SET utf8mb4 COLLATE utf8mb4_unicode_ci NOT NULL,
  PRIMARY KEY (`id`) USING BTREE,
  INDEX `IDX_38E68B7155C5F988`(`id_factura_id`) USING BTREE,
  CONSTRAINT `FK_38E68B7155C5F988` FOREIGN KEY (`id_factura_id`) REFERENCES `factura` (`id`) ON DELETE RESTRICT ON UPDATE RESTRICT
) ENGINE = InnoDB AUTO_INCREMENT = 7 CHARACTER SET = utf8mb4 COLLATE = utf8mb4_unicode_ci ROW_FORMAT = DYNAMIC;

-- ----------------------------
-- Table structure for devolucion
-- ----------------------------
-- DROP TABLE IF EXISTS `devolucion`;
CREATE TABLE `devolucion`  (
  `id` int NOT NULL AUTO_INCREMENT,
  `id_documento_id` int NULL DEFAULT NULL,
  `id_unidad_id` int NOT NULL,
  `id_almacen_id` int NOT NULL,
  `id_centro_costo_id` int NULL DEFAULT NULL,
  `id_elemento_gasto_id` int NULL DEFAULT NULL,
  `id_orden_tabajo_id` int NULL DEFAULT NULL,
  `nro_cuenta` varchar(255) CHARACTER SET utf8mb4 COLLATE utf8mb4_unicode_ci NOT NULL,
  `nro_subcuenta` varchar(255) CHARACTER SET utf8mb4 COLLATE utf8mb4_unicode_ci NOT NULL,
  `anno` int NOT NULL,
  `activo` tinyint(1) NOT NULL,
  `nro_concecutivo` varchar(255) CHARACTER SET utf8mb4 COLLATE utf8mb4_unicode_ci NOT NULL,
  PRIMARY KEY (`id`) USING BTREE,
  INDEX `IDX_524D9F676601BA07`(`id_documento_id`) USING BTREE,
  INDEX `IDX_524D9F671D34FA6B`(`id_unidad_id`) USING BTREE,
  INDEX `IDX_524D9F6739161EBF`(`id_almacen_id`) USING BTREE,
  INDEX `IDX_524D9F67C59B01FF`(`id_centro_costo_id`) USING BTREE,
  INDEX `IDX_524D9F67F66372E9`(`id_elemento_gasto_id`) USING BTREE,
  INDEX `IDX_524D9F675074DD86`(`id_orden_tabajo_id`) USING BTREE,
  CONSTRAINT `FK_524D9F671D34FA6B` FOREIGN KEY (`id_unidad_id`) REFERENCES `unidad` (`id`) ON DELETE RESTRICT ON UPDATE RESTRICT,
  CONSTRAINT `FK_524D9F6739161EBF` FOREIGN KEY (`id_almacen_id`) REFERENCES `almacen` (`id`) ON DELETE RESTRICT ON UPDATE RESTRICT,
  CONSTRAINT `FK_524D9F675074DD86` FOREIGN KEY (`id_orden_tabajo_id`) REFERENCES `orden_trabajo` (`id`) ON DELETE RESTRICT ON UPDATE RESTRICT,
  CONSTRAINT `FK_524D9F676601BA07` FOREIGN KEY (`id_documento_id`) REFERENCES `documento` (`id`) ON DELETE RESTRICT ON UPDATE RESTRICT,
  CONSTRAINT `FK_524D9F67C59B01FF` FOREIGN KEY (`id_centro_costo_id`) REFERENCES `centro_costo` (`id`) ON DELETE RESTRICT ON UPDATE RESTRICT,
  CONSTRAINT `FK_524D9F67F66372E9` FOREIGN KEY (`id_elemento_gasto_id`) REFERENCES `elemento_gasto` (`id`) ON DELETE RESTRICT ON UPDATE RESTRICT
) ENGINE = InnoDB AUTO_INCREMENT = 1 CHARACTER SET = utf8mb4 COLLATE = utf8mb4_unicode_ci ROW_FORMAT = DYNAMIC;

-- ----------------------------
-- Table structure for distribuidor
-- ----------------------------
-- DROP TABLE IF EXISTS `distribuidor`;
CREATE TABLE `distribuidor`  (
  `id` int NOT NULL AUTO_INCREMENT,
  `pais_id` int NULL DEFAULT NULL,
  `moneda_id` int NULL DEFAULT NULL,
  `nombre` varchar(255) CHARACTER SET utf8mb4 COLLATE utf8mb4_unicode_ci NOT NULL,
  `telefono` varchar(20) CHARACTER SET utf8mb4 COLLATE utf8mb4_unicode_ci NULL DEFAULT NULL,
  `email` varchar(100) CHARACTER SET utf8mb4 COLLATE utf8mb4_unicode_ci NULL DEFAULT NULL,
  `identificacion` varchar(100) CHARACTER SET utf8mb4 COLLATE utf8mb4_unicode_ci NULL DEFAULT NULL,
  `activo` tinyint(1) NOT NULL,
  PRIMARY KEY (`id`) USING BTREE,
  INDEX `IDX_1AE277DFC604D5C6`(`pais_id`) USING BTREE,
  INDEX `IDX_1AE277DFB77634D2`(`moneda_id`) USING BTREE,
  CONSTRAINT `FK_1AE277DFB77634D2` FOREIGN KEY (`moneda_id`) REFERENCES `moneda` (`id`) ON DELETE RESTRICT ON UPDATE RESTRICT,
  CONSTRAINT `FK_1AE277DFC604D5C6` FOREIGN KEY (`pais_id`) REFERENCES `pais` (`id`) ON DELETE RESTRICT ON UPDATE RESTRICT
) ENGINE = InnoDB AUTO_INCREMENT = 36 CHARACTER SET = utf8mb4 COLLATE = utf8mb4_unicode_ci ROW_FORMAT = DYNAMIC;

-- ----------------------------
-- Table structure for distribuidor_provincias
-- ----------------------------
-- DROP TABLE IF EXISTS `distribuidor_provincias`;
CREATE TABLE `distribuidor_provincias`  (
  `id` int NOT NULL AUTO_INCREMENT,
  `distribuidor_id` int NOT NULL,
  `provincias_id` int NOT NULL,
  `activo` tinyint(1) NOT NULL,
  PRIMARY KEY (`id`) USING BTREE,
  INDEX `IDX_8DA1E24DCEEEDB42`(`distribuidor_id`) USING BTREE,
  INDEX `IDX_8DA1E24DA156727D`(`provincias_id`) USING BTREE,
  CONSTRAINT `FK_8DA1E24DA156727D` FOREIGN KEY (`provincias_id`) REFERENCES `provincias` (`id`) ON DELETE RESTRICT ON UPDATE RESTRICT,
  CONSTRAINT `FK_8DA1E24DCEEEDB42` FOREIGN KEY (`distribuidor_id`) REFERENCES `distribuidor` (`id`) ON DELETE RESTRICT ON UPDATE RESTRICT
) ENGINE = InnoDB AUTO_INCREMENT = 39 CHARACTER SET = utf8mb4 COLLATE = utf8mb4_unicode_ci ROW_FORMAT = DYNAMIC;

-- ----------------------------
-- Table structure for distribuidor_saldo
-- ----------------------------
-- DROP TABLE IF EXISTS `distribuidor_saldo`;
CREATE TABLE `distribuidor_saldo`  (
  `id` int NOT NULL AUTO_INCREMENT,
  `distribuidor_id` int NULL DEFAULT NULL,
  `moneda_id` int NULL DEFAULT NULL,
  `saldo` double NOT NULL,
  PRIMARY KEY (`id`) USING BTREE,
  INDEX `IDX_29FECCE6CEEEDB42`(`distribuidor_id`) USING BTREE,
  INDEX `IDX_29FECCE6B77634D2`(`moneda_id`) USING BTREE,
  CONSTRAINT `FK_29FECCE6B77634D2` FOREIGN KEY (`moneda_id`) REFERENCES `moneda` (`id`) ON DELETE RESTRICT ON UPDATE RESTRICT,
  CONSTRAINT `FK_29FECCE6CEEEDB42` FOREIGN KEY (`distribuidor_id`) REFERENCES `distribuidor` (`id`) ON DELETE RESTRICT ON UPDATE RESTRICT
) ENGINE = InnoDB AUTO_INCREMENT = 38 CHARACTER SET = utf8mb4 COLLATE = utf8mb4_unicode_ci ROW_FORMAT = DYNAMIC;

-- ----------------------------
-- Table structure for distribuidor_zona
-- ----------------------------
-- DROP TABLE IF EXISTS `distribuidor_zona`;
CREATE TABLE `distribuidor_zona`  (
  `id` int NOT NULL AUTO_INCREMENT,
  `zona_id` int NOT NULL,
  `distribuidor_id` int NOT NULL,
  `comision` double NOT NULL,
  `activo` tinyint(1) NOT NULL,
  PRIMARY KEY (`id`) USING BTREE,
  INDEX `IDX_1DA5FABD104EA8FC`(`zona_id`) USING BTREE,
  INDEX `IDX_1DA5FABDCEEEDB42`(`distribuidor_id`) USING BTREE,
  CONSTRAINT `FK_1DA5FABD104EA8FC` FOREIGN KEY (`zona_id`) REFERENCES `zona_remesas` (`id`) ON DELETE RESTRICT ON UPDATE RESTRICT,
  CONSTRAINT `FK_1DA5FABDCEEEDB42` FOREIGN KEY (`distribuidor_id`) REFERENCES `distribuidor` (`id`) ON DELETE RESTRICT ON UPDATE RESTRICT
) ENGINE = InnoDB AUTO_INCREMENT = 10 CHARACTER SET = utf8mb4 COLLATE = utf8mb4_unicode_ci ROW_FORMAT = DYNAMIC;

-- ----------------------------
-- Table structure for doctrine_migration_versions
-- ----------------------------
-- DROP TABLE IF EXISTS `doctrine_migration_versions`;
CREATE TABLE `doctrine_migration_versions`  (
  `version` varchar(191) CHARACTER SET utf8 COLLATE utf8_unicode_ci NOT NULL,
  `executed_at` datetime NULL DEFAULT NULL,
  `execution_time` int NULL DEFAULT NULL,
  PRIMARY KEY (`version`) USING BTREE
) ENGINE = InnoDB CHARACTER SET = utf8 COLLATE = utf8_unicode_ci ROW_FORMAT = DYNAMIC;

-- ----------------------------
-- Table structure for documento
-- ----------------------------
-- DROP TABLE IF EXISTS `documento`;
CREATE TABLE `documento`  (
  `id` int NOT NULL AUTO_INCREMENT,
  `id_almacen_id` int NOT NULL,
  `id_unidad_id` int NOT NULL,
  `id_moneda_id` int NOT NULL,
  `id_tipo_documento_id` int NULL DEFAULT NULL,
  `id_documento_cancelado_id` int NULL DEFAULT NULL,
  `importe_total` double NOT NULL,
  `fecha` date NOT NULL,
  `activo` tinyint(1) NOT NULL,
  `anno` int NULL DEFAULT NULL,
  PRIMARY KEY (`id`) USING BTREE,
  INDEX `IDX_B6B12EC739161EBF`(`id_almacen_id`) USING BTREE,
  INDEX `IDX_B6B12EC71D34FA6B`(`id_unidad_id`) USING BTREE,
  INDEX `IDX_B6B12EC7374388F5`(`id_moneda_id`) USING BTREE,
  INDEX `IDX_B6B12EC77A4F962`(`id_tipo_documento_id`) USING BTREE,
  INDEX `IDX_B6B12EC74832F387`(`id_documento_cancelado_id`) USING BTREE,
  CONSTRAINT `FK_B6B12EC71D34FA6B` FOREIGN KEY (`id_unidad_id`) REFERENCES `unidad` (`id`) ON DELETE RESTRICT ON UPDATE RESTRICT,
  CONSTRAINT `FK_B6B12EC7374388F5` FOREIGN KEY (`id_moneda_id`) REFERENCES `moneda` (`id`) ON DELETE RESTRICT ON UPDATE RESTRICT,
  CONSTRAINT `FK_B6B12EC739161EBF` FOREIGN KEY (`id_almacen_id`) REFERENCES `almacen` (`id`) ON DELETE RESTRICT ON UPDATE RESTRICT,
  CONSTRAINT `FK_B6B12EC74832F387` FOREIGN KEY (`id_documento_cancelado_id`) REFERENCES `documento` (`id`) ON DELETE RESTRICT ON UPDATE RESTRICT,
  CONSTRAINT `FK_B6B12EC77A4F962` FOREIGN KEY (`id_tipo_documento_id`) REFERENCES `tipo_documento` (`id`) ON DELETE RESTRICT ON UPDATE RESTRICT
) ENGINE = InnoDB AUTO_INCREMENT = 33 CHARACTER SET = utf8mb4 COLLATE = utf8mb4_unicode_ci ROW_FORMAT = DYNAMIC;

-- ----------------------------
-- Table structure for elemento_gasto
-- ----------------------------
-- DROP TABLE IF EXISTS `elemento_gasto`;
CREATE TABLE `elemento_gasto`  (
  `id` int NOT NULL AUTO_INCREMENT,
  `codigo` varchar(255) CHARACTER SET utf8mb4 COLLATE utf8mb4_unicode_ci NOT NULL,
  `descripcion` varchar(255) CHARACTER SET utf8mb4 COLLATE utf8mb4_unicode_ci NOT NULL,
  `activo` tinyint(1) NOT NULL,
  PRIMARY KEY (`id`) USING BTREE
) ENGINE = InnoDB AUTO_INCREMENT = 25 CHARACTER SET = utf8mb4 COLLATE = utf8mb4_unicode_ci ROW_FORMAT = DYNAMIC;

-- ----------------------------
-- Table structure for elementos_visa
-- ----------------------------
-- DROP TABLE IF EXISTS `elementos_visa`;
CREATE TABLE `elementos_visa`  (
  `id` int NOT NULL AUTO_INCREMENT,
  `id_proveedor_id` int NOT NULL,
  `id_servicio_id` int NULL DEFAULT NULL,
  `id_unidad_id` int NULL DEFAULT NULL,
  `descripcion` varchar(255) CHARACTER SET utf8mb4 COLLATE utf8mb4_unicode_ci NOT NULL,
  `costo` double NOT NULL,
  `activo` tinyint(1) NOT NULL,
  `codigo` varchar(255) CHARACTER SET utf8mb4 COLLATE utf8mb4_unicode_ci NULL DEFAULT NULL,
  PRIMARY KEY (`id`) USING BTREE,
  INDEX `IDX_90B65E04E8F12801`(`id_proveedor_id`) USING BTREE,
  INDEX `IDX_90B65E0469D86E10`(`id_servicio_id`) USING BTREE,
  INDEX `IDX_90B65E041D34FA6B`(`id_unidad_id`) USING BTREE,
  CONSTRAINT `FK_90B65E041D34FA6B` FOREIGN KEY (`id_unidad_id`) REFERENCES `unidad` (`id`) ON DELETE RESTRICT ON UPDATE RESTRICT,
  CONSTRAINT `FK_90B65E0469D86E10` FOREIGN KEY (`id_servicio_id`) REFERENCES `servicios` (`id`) ON DELETE RESTRICT ON UPDATE RESTRICT,
  CONSTRAINT `FK_90B65E04E8F12801` FOREIGN KEY (`id_proveedor_id`) REFERENCES `proveedor` (`id`) ON DELETE RESTRICT ON UPDATE RESTRICT
) ENGINE = InnoDB AUTO_INCREMENT = 2 CHARACTER SET = utf8mb4 COLLATE = utf8mb4_unicode_ci ROW_FORMAT = DYNAMIC;

-- ----------------------------
-- Table structure for empleado
-- ----------------------------
-- DROP TABLE IF EXISTS `empleado`;
CREATE TABLE `empleado`  (
  `id` int NOT NULL AUTO_INCREMENT,
  `id_unidad_id` int NOT NULL,
  `id_cargo_id` int NULL DEFAULT NULL,
  `id_usuario_id` int NULL DEFAULT NULL,
  `nombre` varchar(255) CHARACTER SET utf8mb4 COLLATE utf8mb4_unicode_ci NOT NULL,
  `correo` varchar(255) CHARACTER SET utf8mb4 COLLATE utf8mb4_unicode_ci NULL DEFAULT NULL,
  `fecha_alta` date NULL DEFAULT NULL,
  `baja` tinyint(1) NOT NULL,
  `fecha_baja` date NULL DEFAULT NULL,
  `direccion_particular` varchar(255) CHARACTER SET utf8mb4 COLLATE utf8mb4_unicode_ci NULL DEFAULT NULL,
  `telefono` varchar(255) CHARACTER SET utf8mb4 COLLATE utf8mb4_unicode_ci NULL DEFAULT NULL,
  `rol` varchar(255) CHARACTER SET utf8mb4 COLLATE utf8mb4_unicode_ci NULL DEFAULT NULL,
  `activo` tinyint(1) NOT NULL,
  `identificacion` varchar(255) CHARACTER SET utf8mb4 COLLATE utf8mb4_unicode_ci NOT NULL,
  `sueldo_bruto_mensual` double NULL DEFAULT NULL,
  `salario_x_hora` double NULL DEFAULT NULL,
  `cuenta` varchar(255) CHARACTER SET utf8mb4 COLLATE utf8mb4_unicode_ci NULL DEFAULT NULL,
  `banco` varchar(255) CHARACTER SET utf8mb4 COLLATE utf8mb4_unicode_ci NULL DEFAULT NULL,
  `cajero` tinyint(1) NULL DEFAULT NULL,
  PRIMARY KEY (`id`) USING BTREE,
  UNIQUE INDEX `UNIQ_D9D9BF527EB2C349`(`id_usuario_id`) USING BTREE,
  INDEX `IDX_D9D9BF521D34FA6B`(`id_unidad_id`) USING BTREE,
  INDEX `IDX_D9D9BF52D1E12F15`(`id_cargo_id`) USING BTREE,
  CONSTRAINT `FK_D9D9BF521D34FA6B` FOREIGN KEY (`id_unidad_id`) REFERENCES `unidad` (`id`) ON DELETE RESTRICT ON UPDATE RESTRICT,
  CONSTRAINT `FK_D9D9BF527EB2C349` FOREIGN KEY (`id_usuario_id`) REFERENCES `user` (`id`) ON DELETE RESTRICT ON UPDATE RESTRICT,
  CONSTRAINT `FK_D9D9BF52D1E12F15` FOREIGN KEY (`id_cargo_id`) REFERENCES `cargo` (`id`) ON DELETE RESTRICT ON UPDATE RESTRICT
) ENGINE = InnoDB AUTO_INCREMENT = 26 CHARACTER SET = utf8mb4 COLLATE = utf8mb4_unicode_ci ROW_FORMAT = DYNAMIC;

-- ----------------------------
-- Table structure for estado
-- ----------------------------
-- DROP TABLE IF EXISTS `estado`;
CREATE TABLE `estado`  (
  `id` int NOT NULL AUTO_INCREMENT,
  `nombre` varchar(255) CHARACTER SET utf8mb4 COLLATE utf8mb4_unicode_ci NOT NULL,
  `orden` int NOT NULL,
  `activo` tinyint(1) NOT NULL,
  `color` varchar(30) CHARACTER SET utf8mb4 COLLATE utf8mb4_unicode_ci NULL DEFAULT NULL,
  PRIMARY KEY (`id`) USING BTREE
) ENGINE = InnoDB AUTO_INCREMENT = 7 CHARACTER SET = utf8mb4 COLLATE = utf8mb4_unicode_ci ROW_FORMAT = DYNAMIC;

-- ----------------------------
-- Table structure for estado_solicitudes
-- ----------------------------
-- DROP TABLE IF EXISTS `estado_solicitudes`;
CREATE TABLE `estado_solicitudes`  (
  `id` int NOT NULL,
  `nombre` varchar(255) CHARACTER SET utf8mb4 COLLATE utf8mb4_unicode_ci NOT NULL,
  `activo` tinyint(1) NOT NULL,
  PRIMARY KEY (`id`) USING BTREE
) ENGINE = InnoDB CHARACTER SET = utf8mb4 COLLATE = utf8mb4_unicode_ci ROW_FORMAT = DYNAMIC;

-- ----------------------------
-- Table structure for expediente
-- ----------------------------
-- DROP TABLE IF EXISTS `expediente`;
CREATE TABLE `expediente`  (
  `id` int NOT NULL AUTO_INCREMENT,
  `id_unidad_id` int NULL DEFAULT NULL,
  `codigo` varchar(255) CHARACTER SET utf8mb4 COLLATE utf8mb4_unicode_ci NOT NULL,
  `descripcion` varchar(255) CHARACTER SET utf8mb4 COLLATE utf8mb4_unicode_ci NOT NULL,
  `activo` tinyint(1) NOT NULL,
  `anno` int NOT NULL,
  PRIMARY KEY (`id`) USING BTREE,
  INDEX `IDX_D59CA4131D34FA6B`(`id_unidad_id`) USING BTREE,
  CONSTRAINT `FK_D59CA4131D34FA6B` FOREIGN KEY (`id_unidad_id`) REFERENCES `unidad` (`id`) ON DELETE RESTRICT ON UPDATE RESTRICT
) ENGINE = InnoDB AUTO_INCREMENT = 1 CHARACTER SET = utf8mb4 COLLATE = utf8mb4_unicode_ci ROW_FORMAT = DYNAMIC;

-- ----------------------------
-- Table structure for facilidades
-- ----------------------------
-- DROP TABLE IF EXISTS `facilidades`;
CREATE TABLE `facilidades`  (
  `id` int NOT NULL AUTO_INCREMENT,
  `id_unidad_id` int NOT NULL,
  `nombre` varchar(255) CHARACTER SET utf8mb4 COLLATE utf8mb4_unicode_ci NOT NULL,
  `icono` varchar(255) CHARACTER SET utf8mb4 COLLATE utf8mb4_unicode_ci NOT NULL,
  `activo` tinyint(1) NOT NULL,
  PRIMARY KEY (`id`) USING BTREE,
  INDEX `IDX_551461581D34FA6B`(`id_unidad_id`) USING BTREE,
  CONSTRAINT `FK_551461581D34FA6B` FOREIGN KEY (`id_unidad_id`) REFERENCES `unidad` (`id`) ON DELETE RESTRICT ON UPDATE RESTRICT
) ENGINE = InnoDB AUTO_INCREMENT = 2 CHARACTER SET = utf8mb4 COLLATE = utf8mb4_unicode_ci ROW_FORMAT = DYNAMIC;

-- ----------------------------
-- Table structure for facilidades_hotel
-- ----------------------------
-- DROP TABLE IF EXISTS `facilidades_hotel`;
CREATE TABLE `facilidades_hotel`  (
  `id` int NOT NULL AUTO_INCREMENT,
  `id_hotel_id` int NOT NULL,
  `id_facilidades_id` int NOT NULL,
  PRIMARY KEY (`id`) USING BTREE,
  INDEX `IDX_78E84AB16298578D`(`id_hotel_id`) USING BTREE,
  INDEX `IDX_78E84AB15FB489F0`(`id_facilidades_id`) USING BTREE,
  CONSTRAINT `FK_78E84AB15FB489F0` FOREIGN KEY (`id_facilidades_id`) REFERENCES `facilidades` (`id`) ON DELETE RESTRICT ON UPDATE RESTRICT,
  CONSTRAINT `FK_78E84AB16298578D` FOREIGN KEY (`id_hotel_id`) REFERENCES `hotel` (`id`) ON DELETE RESTRICT ON UPDATE RESTRICT
) ENGINE = InnoDB AUTO_INCREMENT = 1 CHARACTER SET = utf8mb4 COLLATE = utf8mb4_unicode_ci ROW_FORMAT = DYNAMIC;

-- ----------------------------
-- Table structure for factura
-- ----------------------------
-- DROP TABLE IF EXISTS `factura`;
CREATE TABLE `factura`  (
  `id` int NOT NULL AUTO_INCREMENT,
  `id_contrato_id` int NULL DEFAULT NULL,
  `id_unidad_id` int NOT NULL,
  `id_usuario_id` int NOT NULL,
  `id_centro_costo_id` int NULL DEFAULT NULL,
  `id_orden_trabajo_id` int NULL DEFAULT NULL,
  `id_elemento_gasto_id` int NULL DEFAULT NULL,
  `id_expediente_id` int NULL DEFAULT NULL,
  `id_categoria_cliente_id` int NULL DEFAULT NULL,
  `id_termino_pago_id` int NULL DEFAULT NULL,
  `id_moneda_id` int NULL DEFAULT NULL,
  `id_factura_cancela_id` int NULL DEFAULT NULL,
  `fecha_factura` date NOT NULL,
  `tipo_cliente` int NULL DEFAULT NULL,
  `id_cliente` int NULL DEFAULT NULL,
  `nro_factura` int NOT NULL,
  `anno` int NOT NULL,
  `cuenta_obligacion` varchar(255) CHARACTER SET utf8mb4 COLLATE utf8mb4_unicode_ci NULL DEFAULT NULL,
  `subcuenta_obligacion` varchar(255) CHARACTER SET utf8mb4 COLLATE utf8mb4_unicode_ci NULL DEFAULT NULL,
  `activo` tinyint(1) NOT NULL,
  `importe` double NOT NULL,
  `contabilizada` tinyint(1) NULL DEFAULT NULL,
  `ncf` varchar(255) CHARACTER SET utf8mb4 COLLATE utf8mb4_unicode_ci NULL DEFAULT NULL,
  `cancelada` tinyint(1) NULL DEFAULT NULL,
  `motivo_cancelacion` varchar(255) CHARACTER SET utf8mb4 COLLATE utf8mb4_unicode_ci NULL DEFAULT NULL,
  `servicio` tinyint(1) NULL DEFAULT NULL,
  `observacion_general` varchar(255) CHARACTER SET utf8mb4 COLLATE utf8mb4_unicode_ci NULL DEFAULT NULL,
  PRIMARY KEY (`id`) USING BTREE,
  INDEX `IDX_F9EBA00968BCB606`(`id_contrato_id`) USING BTREE,
  INDEX `IDX_F9EBA0091D34FA6B`(`id_unidad_id`) USING BTREE,
  INDEX `IDX_F9EBA0097EB2C349`(`id_usuario_id`) USING BTREE,
  INDEX `IDX_F9EBA009C59B01FF`(`id_centro_costo_id`) USING BTREE,
  INDEX `IDX_F9EBA00971381BB3`(`id_orden_trabajo_id`) USING BTREE,
  INDEX `IDX_F9EBA009F66372E9`(`id_elemento_gasto_id`) USING BTREE,
  INDEX `IDX_F9EBA009F5DBAF2B`(`id_expediente_id`) USING BTREE,
  INDEX `IDX_F9EBA0094F4C4E26`(`id_categoria_cliente_id`) USING BTREE,
  INDEX `IDX_F9EBA009C37A5552`(`id_termino_pago_id`) USING BTREE,
  INDEX `IDX_F9EBA009374388F5`(`id_moneda_id`) USING BTREE,
  INDEX `IDX_F9EBA00999274826`(`id_factura_cancela_id`) USING BTREE,
  CONSTRAINT `FK_F9EBA0091D34FA6B` FOREIGN KEY (`id_unidad_id`) REFERENCES `unidad` (`id`) ON DELETE RESTRICT ON UPDATE RESTRICT,
  CONSTRAINT `FK_F9EBA009374388F5` FOREIGN KEY (`id_moneda_id`) REFERENCES `moneda` (`id`) ON DELETE RESTRICT ON UPDATE RESTRICT,
  CONSTRAINT `FK_F9EBA0094F4C4E26` FOREIGN KEY (`id_categoria_cliente_id`) REFERENCES `categoria_cliente` (`id`) ON DELETE RESTRICT ON UPDATE RESTRICT,
  CONSTRAINT `FK_F9EBA00968BCB606` FOREIGN KEY (`id_contrato_id`) REFERENCES `contratos_cliente` (`id`) ON DELETE RESTRICT ON UPDATE RESTRICT,
  CONSTRAINT `FK_F9EBA00971381BB3` FOREIGN KEY (`id_orden_trabajo_id`) REFERENCES `orden_trabajo` (`id`) ON DELETE RESTRICT ON UPDATE RESTRICT,
  CONSTRAINT `FK_F9EBA0097EB2C349` FOREIGN KEY (`id_usuario_id`) REFERENCES `user` (`id`) ON DELETE RESTRICT ON UPDATE RESTRICT,
  CONSTRAINT `FK_F9EBA00999274826` FOREIGN KEY (`id_factura_cancela_id`) REFERENCES `factura` (`id`) ON DELETE RESTRICT ON UPDATE RESTRICT,
  CONSTRAINT `FK_F9EBA009C37A5552` FOREIGN KEY (`id_termino_pago_id`) REFERENCES `termino_pago` (`id`) ON DELETE RESTRICT ON UPDATE RESTRICT,
  CONSTRAINT `FK_F9EBA009C59B01FF` FOREIGN KEY (`id_centro_costo_id`) REFERENCES `centro_costo` (`id`) ON DELETE RESTRICT ON UPDATE RESTRICT,
  CONSTRAINT `FK_F9EBA009F5DBAF2B` FOREIGN KEY (`id_expediente_id`) REFERENCES `expediente` (`id`) ON DELETE RESTRICT ON UPDATE RESTRICT,
  CONSTRAINT `FK_F9EBA009F66372E9` FOREIGN KEY (`id_elemento_gasto_id`) REFERENCES `elemento_gasto` (`id`) ON DELETE RESTRICT ON UPDATE RESTRICT
) ENGINE = InnoDB AUTO_INCREMENT = 15 CHARACTER SET = utf8mb4 COLLATE = utf8mb4_unicode_ci ROW_FORMAT = DYNAMIC;

-- ----------------------------
-- Table structure for factura_cotizacion
-- ----------------------------
-- DROP TABLE IF EXISTS `factura_cotizacion`;
CREATE TABLE `factura_cotizacion`  (
  `id` int NOT NULL AUTO_INCREMENT,
  `id_cotizacion_id` int NOT NULL,
  `id_usuario_id` int NOT NULL,
  `id_unidad_id` int NOT NULL,
  `id_categoria_cliente_id` int NULL DEFAULT NULL,
  `fecha` date NOT NULL,
  `nro_factura` int NOT NULL,
  `anno` int NOT NULL,
  `ncf` varchar(255) CHARACTER SET utf8mb4 COLLATE utf8mb4_unicode_ci NULL DEFAULT NULL,
  PRIMARY KEY (`id`) USING BTREE,
  INDEX `IDX_ADBC38788E5841CF`(`id_cotizacion_id`) USING BTREE,
  INDEX `IDX_ADBC38787EB2C349`(`id_usuario_id`) USING BTREE,
  INDEX `IDX_ADBC38781D34FA6B`(`id_unidad_id`) USING BTREE,
  INDEX `IDX_ADBC38784F4C4E26`(`id_categoria_cliente_id`) USING BTREE,
  CONSTRAINT `FK_ADBC38781D34FA6B` FOREIGN KEY (`id_unidad_id`) REFERENCES `unidad` (`id`) ON DELETE RESTRICT ON UPDATE RESTRICT,
  CONSTRAINT `FK_ADBC38784F4C4E26` FOREIGN KEY (`id_categoria_cliente_id`) REFERENCES `categoria_cliente` (`id`) ON DELETE RESTRICT ON UPDATE RESTRICT,
  CONSTRAINT `FK_ADBC38787EB2C349` FOREIGN KEY (`id_usuario_id`) REFERENCES `user` (`id`) ON DELETE RESTRICT ON UPDATE RESTRICT,
  CONSTRAINT `FK_ADBC38788E5841CF` FOREIGN KEY (`id_cotizacion_id`) REFERENCES `cotizacion` (`id`) ON DELETE RESTRICT ON UPDATE RESTRICT
) ENGINE = InnoDB AUTO_INCREMENT = 1 CHARACTER SET = utf8mb4 COLLATE = utf8mb4_unicode_ci ROW_FORMAT = DYNAMIC;

-- ----------------------------
-- Table structure for factura_documento
-- ----------------------------
-- DROP TABLE IF EXISTS `factura_documento`;
CREATE TABLE `factura_documento`  (
  `id` int NOT NULL AUTO_INCREMENT,
  `id_factura_id` int NOT NULL,
  `id_documento_id` int NOT NULL,
  `id_movimiento_venta_id` int NULL DEFAULT NULL,
  PRIMARY KEY (`id`) USING BTREE,
  INDEX `IDX_CCC060C155C5F988`(`id_factura_id`) USING BTREE,
  INDEX `IDX_CCC060C16601BA07`(`id_documento_id`) USING BTREE,
  INDEX `IDX_CCC060C1EC34F77F`(`id_movimiento_venta_id`) USING BTREE,
  CONSTRAINT `FK_CCC060C155C5F988` FOREIGN KEY (`id_factura_id`) REFERENCES `factura` (`id`) ON DELETE RESTRICT ON UPDATE RESTRICT,
  CONSTRAINT `FK_CCC060C16601BA07` FOREIGN KEY (`id_documento_id`) REFERENCES `documento` (`id`) ON DELETE RESTRICT ON UPDATE RESTRICT,
  CONSTRAINT `FK_CCC060C1EC34F77F` FOREIGN KEY (`id_movimiento_venta_id`) REFERENCES `movimiento_venta` (`id`) ON DELETE RESTRICT ON UPDATE RESTRICT
) ENGINE = InnoDB AUTO_INCREMENT = 44 CHARACTER SET = utf8mb4 COLLATE = utf8mb4_unicode_ci ROW_FORMAT = DYNAMIC;

-- ----------------------------
-- Table structure for factura_imposdom
-- ----------------------------
-- DROP TABLE IF EXISTS `factura_imposdom`;
CREATE TABLE `factura_imposdom`  (
  `id` int NOT NULL AUTO_INCREMENT,
  `id_cliente` varchar(255) CHARACTER SET utf8mb4 COLLATE utf8mb4_unicode_ci NOT NULL,
  `cedula` varchar(255) CHARACTER SET utf8mb4 COLLATE utf8mb4_unicode_ci NOT NULL,
  `casillero` varchar(255) CHARACTER SET utf8mb4 COLLATE utf8mb4_unicode_ci NOT NULL,
  `ciudad` varchar(255) CHARACTER SET utf8mb4 COLLATE utf8mb4_unicode_ci NOT NULL,
  `fecha` datetime NOT NULL,
  `sh` varchar(255) CHARACTER SET utf8mb4 COLLATE utf8mb4_unicode_ci NOT NULL,
  `cierre` varchar(255) CHARACTER SET utf8mb4 COLLATE utf8mb4_unicode_ci NOT NULL,
  `pago` varchar(255) CHARACTER SET utf8mb4 COLLATE utf8mb4_unicode_ci NOT NULL,
  `json` varchar(5000) CHARACTER SET utf8mb4 COLLATE utf8mb4_unicode_ci NOT NULL,
  `lb` varchar(255) CHARACTER SET utf8mb4 COLLATE utf8mb4_unicode_ci NOT NULL,
  PRIMARY KEY (`id`) USING BTREE
) ENGINE = InnoDB AUTO_INCREMENT = 1 CHARACTER SET = utf8mb4 COLLATE = utf8mb4_unicode_ci ROW_FORMAT = DYNAMIC;

-- ----------------------------
-- Table structure for factura_no_contable
-- ----------------------------
-- DROP TABLE IF EXISTS `factura_no_contable`;
CREATE TABLE `factura_no_contable`  (
  `id` int NOT NULL AUTO_INCREMENT,
  `json` varchar(10000) CHARACTER SET utf8mb4 COLLATE utf8mb4_unicode_ci NOT NULL,
  `id_moneda` varchar(255) CHARACTER SET utf8mb4 COLLATE utf8mb4_unicode_ci NOT NULL,
  `empleado` varchar(255) CHARACTER SET utf8mb4 COLLATE utf8mb4_unicode_ci NOT NULL,
  `datetime` datetime NOT NULL,
  `total` varchar(255) CHARACTER SET utf8mb4 COLLATE utf8mb4_unicode_ci NOT NULL,
  `id_cliente` varchar(255) CHARACTER SET utf8mb4 COLLATE utf8mb4_unicode_ci NOT NULL,
  `nombre_cliente` varchar(255) CHARACTER SET utf8mb4 COLLATE utf8mb4_unicode_ci NOT NULL,
  PRIMARY KEY (`id`) USING BTREE
) ENGINE = InnoDB AUTO_INCREMENT = 1 CHARACTER SET = utf8mb4 COLLATE = utf8mb4_unicode_ci ROW_FORMAT = DYNAMIC;

-- ----------------------------
-- Table structure for facturas_comprobante
-- ----------------------------
-- DROP TABLE IF EXISTS `facturas_comprobante`;
CREATE TABLE `facturas_comprobante`  (
  `id` int NOT NULL AUTO_INCREMENT,
  `id_factura_id` int NOT NULL,
  `id_comprobante_id` int NOT NULL,
  `id_unidad_id` int NOT NULL,
  `anno` int NOT NULL,
  PRIMARY KEY (`id`) USING BTREE,
  INDEX `IDX_6FD2F19B55C5F988`(`id_factura_id`) USING BTREE,
  INDEX `IDX_6FD2F19B1800963C`(`id_comprobante_id`) USING BTREE,
  INDEX `IDX_6FD2F19B1D34FA6B`(`id_unidad_id`) USING BTREE,
  CONSTRAINT `FK_6FD2F19B1800963C` FOREIGN KEY (`id_comprobante_id`) REFERENCES `registro_comprobantes` (`id`) ON DELETE RESTRICT ON UPDATE RESTRICT,
  CONSTRAINT `FK_6FD2F19B1D34FA6B` FOREIGN KEY (`id_unidad_id`) REFERENCES `unidad` (`id`) ON DELETE RESTRICT ON UPDATE RESTRICT,
  CONSTRAINT `FK_6FD2F19B55C5F988` FOREIGN KEY (`id_factura_id`) REFERENCES `factura` (`id`) ON DELETE RESTRICT ON UPDATE RESTRICT
) ENGINE = InnoDB AUTO_INCREMENT = 1 CHARACTER SET = utf8mb4 COLLATE = utf8mb4_unicode_ci ROW_FORMAT = DYNAMIC;

-- ----------------------------
-- Table structure for grupo_activos
-- ----------------------------
-- DROP TABLE IF EXISTS `grupo_activos`;
CREATE TABLE `grupo_activos`  (
  `id` int NOT NULL AUTO_INCREMENT,
  `porciento_deprecia_anno` double NOT NULL,
  `descripcion` varchar(255) CHARACTER SET utf8mb4 COLLATE utf8mb4_unicode_ci NOT NULL,
  `activo` tinyint(1) NOT NULL,
  `codigo` varchar(255) CHARACTER SET utf8mb4 COLLATE utf8mb4_unicode_ci NOT NULL,
  PRIMARY KEY (`id`) USING BTREE
) ENGINE = InnoDB AUTO_INCREMENT = 1 CHARACTER SET = utf8mb4 COLLATE = utf8mb4_unicode_ci ROW_FORMAT = DYNAMIC;

-- ----------------------------
-- Table structure for habitaciones_hotel
-- ----------------------------
-- DROP TABLE IF EXISTS `habitaciones_hotel`;
CREATE TABLE `habitaciones_hotel`  (
  `id` int NOT NULL AUTO_INCREMENT,
  `id_amenidades_id` int NOT NULL,
  `id_hotel_id` int NOT NULL,
  `nombre` varchar(255) CHARACTER SET utf8mb4 COLLATE utf8mb4_unicode_ci NOT NULL,
  `activo` tinyint(1) NOT NULL,
  PRIMARY KEY (`id`) USING BTREE,
  INDEX `IDX_74F394B091F48FAD`(`id_amenidades_id`) USING BTREE,
  INDEX `IDX_74F394B06298578D`(`id_hotel_id`) USING BTREE,
  CONSTRAINT `FK_74F394B06298578D` FOREIGN KEY (`id_hotel_id`) REFERENCES `hotel` (`id`) ON DELETE RESTRICT ON UPDATE RESTRICT,
  CONSTRAINT `FK_74F394B091F48FAD` FOREIGN KEY (`id_amenidades_id`) REFERENCES `amenidades` (`id`) ON DELETE RESTRICT ON UPDATE RESTRICT
) ENGINE = InnoDB AUTO_INCREMENT = 1 CHARACTER SET = utf8mb4 COLLATE = utf8mb4_unicode_ci ROW_FORMAT = DYNAMIC;

-- ----------------------------
-- Table structure for hotel
-- ----------------------------
-- DROP TABLE IF EXISTS `hotel`;
CREATE TABLE `hotel`  (
  `id` int NOT NULL AUTO_INCREMENT,
  `nombre` varchar(255) CHARACTER SET utf8mb4 COLLATE utf8mb4_unicode_ci NOT NULL,
  `locacion` longtext CHARACTER SET utf8mb4 COLLATE utf8mb4_unicode_ci NULL,
  `telefono` longtext CHARACTER SET utf8mb4 COLLATE utf8mb4_unicode_ci NULL,
  `correo` longtext CHARACTER SET utf8mb4 COLLATE utf8mb4_unicode_ci NULL,
  `check_in` time NOT NULL,
  `check_out` time NOT NULL,
  `facebook` longtext CHARACTER SET utf8mb4 COLLATE utf8mb4_unicode_ci NULL,
  `instagram` longtext CHARACTER SET utf8mb4 COLLATE utf8mb4_unicode_ci NULL,
  `whatsapp` longtext CHARACTER SET utf8mb4 COLLATE utf8mb4_unicode_ci NULL,
  `twitter` longtext CHARACTER SET utf8mb4 COLLATE utf8mb4_unicode_ci NULL,
  `activo` tinyint(1) NOT NULL,
  `descripcion_hotel` longtext CHARACTER SET utf8mb4 COLLATE utf8mb4_unicode_ci NULL,
  `politicas_hotel` longtext CHARACTER SET utf8mb4 COLLATE utf8mb4_unicode_ci NULL,
  PRIMARY KEY (`id`) USING BTREE
) ENGINE = InnoDB AUTO_INCREMENT = 1 CHARACTER SET = utf8mb4 COLLATE = utf8mb4_unicode_ci ROW_FORMAT = DYNAMIC;

-- ----------------------------
-- Table structure for hotel_destino
-- ----------------------------
-- DROP TABLE IF EXISTS `hotel_destino`;
CREATE TABLE `hotel_destino`  (
  `id` int NOT NULL AUTO_INCREMENT,
  `nombre` varchar(255) CHARACTER SET utf8mb4 COLLATE utf8mb4_unicode_ci NOT NULL,
  PRIMARY KEY (`id`) USING BTREE
) ENGINE = InnoDB AUTO_INCREMENT = 1 CHARACTER SET = utf8mb4 COLLATE = utf8mb4_unicode_ci ROW_FORMAT = DYNAMIC;

-- ----------------------------
-- Table structure for hotel_origen
-- ----------------------------
-- DROP TABLE IF EXISTS `hotel_origen`;
CREATE TABLE `hotel_origen`  (
  `id` int NOT NULL AUTO_INCREMENT,
  `nombre` varchar(255) CHARACTER SET utf8mb4 COLLATE utf8mb4_unicode_ci NOT NULL,
  PRIMARY KEY (`id`) USING BTREE
) ENGINE = InnoDB AUTO_INCREMENT = 1 CHARACTER SET = utf8mb4 COLLATE = utf8mb4_unicode_ci ROW_FORMAT = DYNAMIC;

-- ----------------------------
-- Table structure for impuesto
-- ----------------------------
-- DROP TABLE IF EXISTS `impuesto`;
CREATE TABLE `impuesto`  (
  `id` int NOT NULL AUTO_INCREMENT,
  `id_unidad_id` int NOT NULL,
  `nombre` varchar(255) CHARACTER SET utf8mb4 COLLATE utf8mb4_unicode_ci NOT NULL,
  `valor` double NOT NULL,
  `activo` tinyint(1) NOT NULL,
  PRIMARY KEY (`id`) USING BTREE,
  INDEX `IDX_B6E63AA11D34FA6B`(`id_unidad_id`) USING BTREE,
  CONSTRAINT `FK_B6E63AA11D34FA6B` FOREIGN KEY (`id_unidad_id`) REFERENCES `unidad` (`id`) ON DELETE RESTRICT ON UPDATE RESTRICT
) ENGINE = InnoDB AUTO_INCREMENT = 2 CHARACTER SET = utf8mb4 COLLATE = utf8mb4_unicode_ci ROW_FORMAT = DYNAMIC;

-- ----------------------------
-- Table structure for impuesto_sobre_renta
-- ----------------------------
-- DROP TABLE IF EXISTS `impuesto_sobre_renta`;
CREATE TABLE `impuesto_sobre_renta`  (
  `id` int NOT NULL AUTO_INCREMENT,
  `id_empleado_id` int NOT NULL,
  `id_nomina_pago_id` int NOT NULL,
  `id_rango_escala_id` int NOT NULL,
  `seguridad_social_mensual` double NULL DEFAULT NULL,
  `salario_bruto_anual` double NOT NULL,
  `seguridad_social_anual` double NULL DEFAULT NULL,
  `salario_despues_seguridad_social` double NOT NULL,
  `monto_segun_rango` double NULL DEFAULT NULL,
  `monto_segun_rango_escala` double NULL DEFAULT NULL,
  `excedente_segun_rango_escala` double NULL DEFAULT NULL,
  `por_ciento_impuesto_excedente` double NULL DEFAULT NULL,
  `monto_adicional_rango_escala` double NULL DEFAULT NULL,
  `impuesto_renta_pagar_anual` double NULL DEFAULT NULL,
  `impuesto_renta_pagar_mensual` double NULL DEFAULT NULL,
  `fecha` date NOT NULL,
  PRIMARY KEY (`id`) USING BTREE,
  INDEX `IDX_5EF11EF48D392AC7`(`id_empleado_id`) USING BTREE,
  INDEX `IDX_5EF11EF4E9DBC8E8`(`id_nomina_pago_id`) USING BTREE,
  INDEX `IDX_5EF11EF4A9ECE748`(`id_rango_escala_id`) USING BTREE,
  CONSTRAINT `FK_5EF11EF48D392AC7` FOREIGN KEY (`id_empleado_id`) REFERENCES `empleado` (`id`) ON DELETE RESTRICT ON UPDATE RESTRICT,
  CONSTRAINT `FK_5EF11EF4A9ECE748` FOREIGN KEY (`id_rango_escala_id`) REFERENCES `rango_escala_dgii` (`id`) ON DELETE RESTRICT ON UPDATE RESTRICT,
  CONSTRAINT `FK_5EF11EF4E9DBC8E8` FOREIGN KEY (`id_nomina_pago_id`) REFERENCES `nomina_pago` (`id`) ON DELETE RESTRICT ON UPDATE RESTRICT
) ENGINE = InnoDB AUTO_INCREMENT = 15 CHARACTER SET = utf8mb4 COLLATE = utf8mb4_unicode_ci ROW_FORMAT = DYNAMIC;

-- ----------------------------
-- Table structure for impuestos_servicio_cotizacion
-- ----------------------------
-- DROP TABLE IF EXISTS `impuestos_servicio_cotizacion`;
CREATE TABLE `impuestos_servicio_cotizacion`  (
  `id` int NOT NULL AUTO_INCREMENT,
  `id_cotizacion_id` int NOT NULL,
  `id_servicio_id` int NOT NULL,
  `id_impuesto_id` int NOT NULL,
  PRIMARY KEY (`id`) USING BTREE,
  INDEX `IDX_2CA4AD5E8E5841CF`(`id_cotizacion_id`) USING BTREE,
  INDEX `IDX_2CA4AD5E69D86E10`(`id_servicio_id`) USING BTREE,
  INDEX `IDX_2CA4AD5ECA29A612`(`id_impuesto_id`) USING BTREE,
  CONSTRAINT `FK_2CA4AD5E69D86E10` FOREIGN KEY (`id_servicio_id`) REFERENCES `servicios` (`id`) ON DELETE RESTRICT ON UPDATE RESTRICT,
  CONSTRAINT `FK_2CA4AD5E8E5841CF` FOREIGN KEY (`id_cotizacion_id`) REFERENCES `cotizacion` (`id`) ON DELETE RESTRICT ON UPDATE RESTRICT,
  CONSTRAINT `FK_2CA4AD5ECA29A612` FOREIGN KEY (`id_impuesto_id`) REFERENCES `impuesto` (`id`) ON DELETE RESTRICT ON UPDATE RESTRICT
) ENGINE = InnoDB AUTO_INCREMENT = 1 CHARACTER SET = utf8mb4 COLLATE = utf8mb4_unicode_ci ROW_FORMAT = DYNAMIC;

-- ----------------------------
-- Table structure for informe_recepcion
-- ----------------------------
-- DROP TABLE IF EXISTS `informe_recepcion`;
CREATE TABLE `informe_recepcion`  (
  `id` int NOT NULL AUTO_INCREMENT,
  `id_documento_id` int NOT NULL,
  `id_proveedor_id` int NULL DEFAULT NULL,
  `nro_cuenta_inventario` varchar(255) CHARACTER SET utf8mb4 COLLATE utf8mb4_unicode_ci NOT NULL,
  `nro_subcuenta_inventario` varchar(255) CHARACTER SET utf8mb4 COLLATE utf8mb4_unicode_ci NOT NULL,
  `nro_cuenta_acreedora` varchar(255) CHARACTER SET utf8mb4 COLLATE utf8mb4_unicode_ci NOT NULL,
  `nro_subcuenta_acreedora` varchar(255) CHARACTER SET utf8mb4 COLLATE utf8mb4_unicode_ci NOT NULL,
  `nro_concecutivo` varchar(255) CHARACTER SET utf8mb4 COLLATE utf8mb4_unicode_ci NOT NULL,
  `anno` int NOT NULL,
  `codigo_factura` varchar(255) CHARACTER SET utf8mb4 COLLATE utf8mb4_unicode_ci NULL DEFAULT NULL,
  `fecha_factura` date NULL DEFAULT NULL,
  `activo` tinyint(1) NOT NULL,
  `producto` tinyint(1) NULL DEFAULT NULL,
  PRIMARY KEY (`id`) USING BTREE,
  INDEX `IDX_62A4EBD6601BA07`(`id_documento_id`) USING BTREE,
  INDEX `IDX_62A4EBDE8F12801`(`id_proveedor_id`) USING BTREE,
  CONSTRAINT `FK_62A4EBD6601BA07` FOREIGN KEY (`id_documento_id`) REFERENCES `documento` (`id`) ON DELETE RESTRICT ON UPDATE RESTRICT,
  CONSTRAINT `FK_62A4EBDE8F12801` FOREIGN KEY (`id_proveedor_id`) REFERENCES `proveedor` (`id`) ON DELETE RESTRICT ON UPDATE RESTRICT
) ENGINE = InnoDB AUTO_INCREMENT = 4 CHARACTER SET = utf8mb4 COLLATE = utf8mb4_unicode_ci ROW_FORMAT = DYNAMIC;

-- ----------------------------
-- Table structure for instrumento_cobro
-- ----------------------------
-- DROP TABLE IF EXISTS `instrumento_cobro`;
CREATE TABLE `instrumento_cobro`  (
  `id` int NOT NULL AUTO_INCREMENT,
  `nombre` varchar(255) CHARACTER SET utf8mb4 COLLATE utf8mb4_unicode_ci NOT NULL,
  `activo` tinyint(1) NOT NULL,
  PRIMARY KEY (`id`) USING BTREE
) ENGINE = InnoDB AUTO_INCREMENT = 5 CHARACTER SET = utf8mb4 COLLATE = utf8mb4_unicode_ci ROW_FORMAT = DYNAMIC;

-- ----------------------------
-- Table structure for localidades
-- ----------------------------
-- DROP TABLE IF EXISTS `localidades`;
CREATE TABLE `localidades`  (
  `id` int NOT NULL AUTO_INCREMENT,
  `id_minucipio_id` int NOT NULL,
  `nombre` varchar(255) CHARACTER SET utf8mb4 COLLATE utf8mb4_unicode_ci NOT NULL,
  `activo` tinyint(1) NULL DEFAULT NULL,
  PRIMARY KEY (`id`) USING BTREE,
  INDEX `IDX_7A9712DA956589FB`(`id_minucipio_id`) USING BTREE,
  CONSTRAINT `FK_7A9712DA956589FB` FOREIGN KEY (`id_minucipio_id`) REFERENCES `municipios` (`id`) ON DELETE RESTRICT ON UPDATE RESTRICT
) ENGINE = InnoDB AUTO_INCREMENT = 3 CHARACTER SET = utf8mb4 COLLATE = utf8mb4_unicode_ci ROW_FORMAT = DYNAMIC;

-- ----------------------------
-- Table structure for lugares
-- ----------------------------
-- DROP TABLE IF EXISTS `lugares`;
CREATE TABLE `lugares`  (
  `id` int NOT NULL AUTO_INCREMENT,
  `zona_id` int NOT NULL,
  `nombre` varchar(255) CHARACTER SET utf8mb4 COLLATE utf8mb4_unicode_ci NOT NULL,
  `habilitado` tinyint(1) NOT NULL,
  `activo` tinyint(1) NOT NULL,
  PRIMARY KEY (`id`) USING BTREE,
  INDEX `IDX_A4EE5DFC104EA8FC`(`zona_id`) USING BTREE,
  CONSTRAINT `FK_A4EE5DFC104EA8FC` FOREIGN KEY (`zona_id`) REFERENCES `zona` (`id`) ON DELETE RESTRICT ON UPDATE RESTRICT
) ENGINE = InnoDB AUTO_INCREMENT = 4 CHARACTER SET = utf8mb4 COLLATE = utf8mb4_unicode_ci ROW_FORMAT = DYNAMIC;

-- ----------------------------
-- Table structure for mercancia
-- ----------------------------
-- DROP TABLE IF EXISTS `mercancia`;
CREATE TABLE `mercancia`  (
  `id` int NOT NULL AUTO_INCREMENT,
  `id_amlacen_id` int NOT NULL,
  `id_unidad_medida_id` int NOT NULL,
  `codigo` varchar(255) CHARACTER SET utf8mb4 COLLATE utf8mb4_unicode_ci NOT NULL,
  `cuenta` varchar(255) CHARACTER SET utf8mb4 COLLATE utf8mb4_unicode_ci NOT NULL,
  `descripcion` varchar(255) CHARACTER SET utf8mb4 COLLATE utf8mb4_unicode_ci NOT NULL,
  `existencia` double NOT NULL,
  `importe` double NOT NULL,
  `activo` tinyint(1) NOT NULL,
  `nro_subcuenta_inventario` varchar(255) CHARACTER SET utf8mb4 COLLATE utf8mb4_unicode_ci NULL DEFAULT NULL,
  `nro_cuenta_acreedora` varchar(255) CHARACTER SET utf8mb4 COLLATE utf8mb4_unicode_ci NULL DEFAULT NULL,
  `nro_subcuenta_acreedora` varchar(255) CHARACTER SET utf8mb4 COLLATE utf8mb4_unicode_ci NULL DEFAULT NULL,
  `precio_venta` double NULL DEFAULT NULL,
  PRIMARY KEY (`id`) USING BTREE,
  INDEX `IDX_9D094AE0E2C70A62`(`id_amlacen_id`) USING BTREE,
  INDEX `IDX_9D094AE0E16A5625`(`id_unidad_medida_id`) USING BTREE,
  CONSTRAINT `FK_9D094AE0E16A5625` FOREIGN KEY (`id_unidad_medida_id`) REFERENCES `unidad_medida` (`id`) ON DELETE RESTRICT ON UPDATE RESTRICT,
  CONSTRAINT `FK_9D094AE0E2C70A62` FOREIGN KEY (`id_amlacen_id`) REFERENCES `almacen` (`id`) ON DELETE RESTRICT ON UPDATE RESTRICT
) ENGINE = InnoDB AUTO_INCREMENT = 15 CHARACTER SET = utf8mb4 COLLATE = utf8mb4_unicode_ci ROW_FORMAT = DYNAMIC;

-- ----------------------------
-- Table structure for mercancia_categoria_producto
-- ----------------------------
-- DROP TABLE IF EXISTS `mercancia_categoria_producto`;
CREATE TABLE `mercancia_categoria_producto`  (
  `id` int NOT NULL AUTO_INCREMENT,
  `mercancia_id` int NULL DEFAULT NULL,
  `categoria_producto_id` int NULL DEFAULT NULL,
  `activo` tinyint(1) NOT NULL,
  PRIMARY KEY (`id`) USING BTREE,
  INDEX `IDX_BDA242A6BCE90A26`(`mercancia_id`) USING BTREE,
  INDEX `IDX_BDA242A669022511`(`categoria_producto_id`) USING BTREE,
  CONSTRAINT `FK_BDA242A669022511` FOREIGN KEY (`categoria_producto_id`) REFERENCES `categoria_producto` (`id`) ON DELETE RESTRICT ON UPDATE RESTRICT,
  CONSTRAINT `FK_BDA242A6BCE90A26` FOREIGN KEY (`mercancia_id`) REFERENCES `mercancia` (`id`) ON DELETE RESTRICT ON UPDATE RESTRICT
) ENGINE = InnoDB AUTO_INCREMENT = 1 CHARACTER SET = utf8mb4 COLLATE = utf8mb4_unicode_ci ROW_FORMAT = DYNAMIC;

-- ----------------------------
-- Table structure for mercancia_impuesto
-- ----------------------------
-- DROP TABLE IF EXISTS `mercancia_impuesto`;
CREATE TABLE `mercancia_impuesto`  (
  `id` int NOT NULL AUTO_INCREMENT,
  `mercancia_id` int NULL DEFAULT NULL,
  `impuesto_id` int NULL DEFAULT NULL,
  `activo` tinyint(1) NOT NULL,
  PRIMARY KEY (`id`) USING BTREE,
  INDEX `IDX_2E2D6041BCE90A26`(`mercancia_id`) USING BTREE,
  INDEX `IDX_2E2D6041D23B6BE5`(`impuesto_id`) USING BTREE,
  CONSTRAINT `FK_2E2D6041BCE90A26` FOREIGN KEY (`mercancia_id`) REFERENCES `mercancia` (`id`) ON DELETE RESTRICT ON UPDATE RESTRICT,
  CONSTRAINT `FK_2E2D6041D23B6BE5` FOREIGN KEY (`impuesto_id`) REFERENCES `impuesto` (`id`) ON DELETE RESTRICT ON UPDATE RESTRICT
) ENGINE = InnoDB AUTO_INCREMENT = 1 CHARACTER SET = utf8mb4 COLLATE = utf8mb4_unicode_ci ROW_FORMAT = DYNAMIC;

-- ----------------------------
-- Table structure for mercancia_producto
-- ----------------------------
-- DROP TABLE IF EXISTS `mercancia_producto`;
CREATE TABLE `mercancia_producto`  (
  `id` int NOT NULL AUTO_INCREMENT,
  `id_mercancia_id` int NOT NULL,
  `id_producto_id` int NOT NULL,
  PRIMARY KEY (`id`) USING BTREE,
  INDEX `IDX_3F705CF59F287F54`(`id_mercancia_id`) USING BTREE,
  INDEX `IDX_3F705CF56E57A479`(`id_producto_id`) USING BTREE,
  CONSTRAINT `FK_3F705CF56E57A479` FOREIGN KEY (`id_producto_id`) REFERENCES `producto` (`id`) ON DELETE RESTRICT ON UPDATE RESTRICT,
  CONSTRAINT `FK_3F705CF59F287F54` FOREIGN KEY (`id_mercancia_id`) REFERENCES `mercancia` (`id`) ON DELETE RESTRICT ON UPDATE RESTRICT
) ENGINE = InnoDB AUTO_INCREMENT = 1 CHARACTER SET = utf8mb4 COLLATE = utf8mb4_unicode_ci ROW_FORMAT = DYNAMIC;

-- ----------------------------
-- Table structure for modulo
-- ----------------------------
-- DROP TABLE IF EXISTS `modulo`;
CREATE TABLE `modulo`  (
  `id` int NOT NULL,
  `nombre` varchar(255) CHARACTER SET utf8mb4 COLLATE utf8mb4_unicode_ci NOT NULL,
  `activo` tinyint(1) NOT NULL,
  PRIMARY KEY (`id`) USING BTREE
) ENGINE = InnoDB CHARACTER SET = utf8mb4 COLLATE = utf8mb4_unicode_ci ROW_FORMAT = DYNAMIC;

-- ----------------------------
-- Table structure for moneda
-- ----------------------------
-- DROP TABLE IF EXISTS `moneda`;
CREATE TABLE `moneda`  (
  `id` int NOT NULL AUTO_INCREMENT,
  `nombre` varchar(255) CHARACTER SET utf8mb4 COLLATE utf8mb4_unicode_ci NOT NULL,
  `activo` tinyint(1) NOT NULL,
  PRIMARY KEY (`id`) USING BTREE
) ENGINE = InnoDB AUTO_INCREMENT = 5 CHARACTER SET = utf8mb4 COLLATE = utf8mb4_unicode_ci ROW_FORMAT = DYNAMIC;

-- ----------------------------
-- Table structure for moneda_pais
-- ----------------------------
-- DROP TABLE IF EXISTS `moneda_pais`;
CREATE TABLE `moneda_pais`  (
  `id` int NOT NULL AUTO_INCREMENT,
  `id_pais` varchar(255) CHARACTER SET utf8mb4 COLLATE utf8mb4_unicode_ci NOT NULL,
  `id_moneda` varchar(255) CHARACTER SET utf8mb4 COLLATE utf8mb4_unicode_ci NOT NULL,
  `status` varchar(255) CHARACTER SET utf8mb4 COLLATE utf8mb4_unicode_ci NULL DEFAULT NULL,
  PRIMARY KEY (`id`) USING BTREE
) ENGINE = InnoDB AUTO_INCREMENT = 4 CHARACTER SET = utf8mb4 COLLATE = utf8mb4_unicode_ci ROW_FORMAT = DYNAMIC;

-- ----------------------------
-- Table structure for movimiento
-- ----------------------------
-- DROP TABLE IF EXISTS `movimiento`;
CREATE TABLE `movimiento`  (
  `id` int NOT NULL AUTO_INCREMENT,
  `id_tipo_documento_activo_fijo_id` int NOT NULL,
  `id_tipo_movimiento_id` int NOT NULL,
  `id_unidad_origen_id` int NOT NULL,
  `id_unidad_destino_id` int NOT NULL,
  `fecha` date NOT NULL,
  `activo` tinyint(1) NOT NULL,
  PRIMARY KEY (`id`) USING BTREE,
  INDEX `IDX_C8FF107AD1CE493D`(`id_tipo_documento_activo_fijo_id`) USING BTREE,
  INDEX `IDX_C8FF107ADB763453`(`id_tipo_movimiento_id`) USING BTREE,
  INDEX `IDX_C8FF107A873C7FC7`(`id_unidad_origen_id`) USING BTREE,
  INDEX `IDX_C8FF107A4F781EA`(`id_unidad_destino_id`) USING BTREE,
  CONSTRAINT `FK_C8FF107A4F781EA` FOREIGN KEY (`id_unidad_destino_id`) REFERENCES `unidad` (`id`) ON DELETE RESTRICT ON UPDATE RESTRICT,
  CONSTRAINT `FK_C8FF107A873C7FC7` FOREIGN KEY (`id_unidad_origen_id`) REFERENCES `unidad` (`id`) ON DELETE RESTRICT ON UPDATE RESTRICT,
  CONSTRAINT `FK_C8FF107AD1CE493D` FOREIGN KEY (`id_tipo_documento_activo_fijo_id`) REFERENCES `tipo_documento_activo_fijo` (`id`) ON DELETE RESTRICT ON UPDATE RESTRICT,
  CONSTRAINT `FK_C8FF107ADB763453` FOREIGN KEY (`id_tipo_movimiento_id`) REFERENCES `tipo_movimiento` (`id`) ON DELETE RESTRICT ON UPDATE RESTRICT
) ENGINE = InnoDB AUTO_INCREMENT = 1 CHARACTER SET = utf8mb4 COLLATE = utf8mb4_unicode_ci ROW_FORMAT = DYNAMIC;

-- ----------------------------
-- Table structure for movimiento_activo_fijo
-- ----------------------------
-- DROP TABLE IF EXISTS `movimiento_activo_fijo`;
CREATE TABLE `movimiento_activo_fijo`  (
  `id` int NOT NULL AUTO_INCREMENT,
  `id_unidad_id` int NOT NULL,
  `id_activo_fijo_id` int NOT NULL,
  `id_tipo_movimiento_id` int NOT NULL,
  `id_cuenta_id` int NOT NULL,
  `id_subcuenta_id` int NOT NULL,
  `id_usuario_id` int NOT NULL,
  `id_unidad_destino_origen_id` int NULL DEFAULT NULL,
  `id_proveedor_id` int NULL DEFAULT NULL,
  `id_movimiento_cancelado_id` int NULL DEFAULT NULL,
  `fecha` date NOT NULL,
  `fundamentacion` varchar(255) CHARACTER SET utf8mb4 COLLATE utf8mb4_unicode_ci NOT NULL,
  `entrada` tinyint(1) NOT NULL,
  `nro_consecutivo` int NOT NULL,
  `anno` int NOT NULL,
  `activo` tinyint(1) NOT NULL,
  `id_tipo_cliente` int NULL DEFAULT NULL,
  `id_cliente` int NULL DEFAULT NULL,
  `cancelado` tinyint(1) NULL DEFAULT NULL,
  `fecha_factura` date NULL DEFAULT NULL,
  `nro_factura` varchar(255) CHARACTER SET utf8mb4 COLLATE utf8mb4_unicode_ci NULL DEFAULT NULL,
  PRIMARY KEY (`id`) USING BTREE,
  INDEX `IDX_A985A0DA1D34FA6B`(`id_unidad_id`) USING BTREE,
  INDEX `IDX_A985A0DA5832E72E`(`id_activo_fijo_id`) USING BTREE,
  INDEX `IDX_A985A0DADB763453`(`id_tipo_movimiento_id`) USING BTREE,
  INDEX `IDX_A985A0DA1ADA4D3F`(`id_cuenta_id`) USING BTREE,
  INDEX `IDX_A985A0DA2D412F53`(`id_subcuenta_id`) USING BTREE,
  INDEX `IDX_A985A0DA7EB2C349`(`id_usuario_id`) USING BTREE,
  INDEX `IDX_A985A0DA4B1CE99D`(`id_unidad_destino_origen_id`) USING BTREE,
  INDEX `IDX_A985A0DAE8F12801`(`id_proveedor_id`) USING BTREE,
  INDEX `IDX_A985A0DA571159DE`(`id_movimiento_cancelado_id`) USING BTREE,
  CONSTRAINT `FK_A985A0DA1ADA4D3F` FOREIGN KEY (`id_cuenta_id`) REFERENCES `cuenta` (`id`) ON DELETE RESTRICT ON UPDATE RESTRICT,
  CONSTRAINT `FK_A985A0DA1D34FA6B` FOREIGN KEY (`id_unidad_id`) REFERENCES `unidad` (`id`) ON DELETE RESTRICT ON UPDATE RESTRICT,
  CONSTRAINT `FK_A985A0DA2D412F53` FOREIGN KEY (`id_subcuenta_id`) REFERENCES `subcuenta` (`id`) ON DELETE RESTRICT ON UPDATE RESTRICT,
  CONSTRAINT `FK_A985A0DA4B1CE99D` FOREIGN KEY (`id_unidad_destino_origen_id`) REFERENCES `unidad` (`id`) ON DELETE RESTRICT ON UPDATE RESTRICT,
  CONSTRAINT `FK_A985A0DA571159DE` FOREIGN KEY (`id_movimiento_cancelado_id`) REFERENCES `movimiento_activo_fijo` (`id`) ON DELETE RESTRICT ON UPDATE RESTRICT,
  CONSTRAINT `FK_A985A0DA5832E72E` FOREIGN KEY (`id_activo_fijo_id`) REFERENCES `activo_fijo` (`id`) ON DELETE RESTRICT ON UPDATE RESTRICT,
  CONSTRAINT `FK_A985A0DA7EB2C349` FOREIGN KEY (`id_usuario_id`) REFERENCES `user` (`id`) ON DELETE RESTRICT ON UPDATE RESTRICT,
  CONSTRAINT `FK_A985A0DADB763453` FOREIGN KEY (`id_tipo_movimiento_id`) REFERENCES `tipo_movimiento` (`id`) ON DELETE RESTRICT ON UPDATE RESTRICT,
  CONSTRAINT `FK_A985A0DAE8F12801` FOREIGN KEY (`id_proveedor_id`) REFERENCES `proveedor` (`id`) ON DELETE RESTRICT ON UPDATE RESTRICT
) ENGINE = InnoDB AUTO_INCREMENT = 1 CHARACTER SET = utf8mb4 COLLATE = utf8mb4_unicode_ci ROW_FORMAT = DYNAMIC;

-- ----------------------------
-- Table structure for movimiento_mercancia
-- ----------------------------
-- DROP TABLE IF EXISTS `movimiento_mercancia`;
CREATE TABLE `movimiento_mercancia`  (
  `id` int NOT NULL AUTO_INCREMENT,
  `id_mercancia_id` int NOT NULL,
  `id_documento_id` int NOT NULL,
  `id_tipo_documento_id` int NOT NULL,
  `id_usuario_id` int NULL DEFAULT NULL,
  `id_centro_costo_id` int NULL DEFAULT NULL,
  `id_elemento_gasto_id` int NULL DEFAULT NULL,
  `id_almacen_id` int NULL DEFAULT NULL,
  `id_expediente_id` int NULL DEFAULT NULL,
  `id_orden_trabajo_id` int NULL DEFAULT NULL,
  `id_factura_id` int NULL DEFAULT NULL,
  `id_movimiento_cancelado_id` int NULL DEFAULT NULL,
  `cantidad` double NOT NULL,
  `importe` double NOT NULL,
  `existencia` double NOT NULL,
  `fecha` date NOT NULL,
  `activo` tinyint(1) NOT NULL,
  `entrada` tinyint(1) NOT NULL,
  `cuenta` varchar(255) CHARACTER SET utf8mb4 COLLATE utf8mb4_unicode_ci NULL DEFAULT NULL,
  `nro_subcuenta_deudora` varchar(255) CHARACTER SET utf8mb4 COLLATE utf8mb4_unicode_ci NULL DEFAULT NULL,
  PRIMARY KEY (`id`) USING BTREE,
  INDEX `IDX_44876BD79F287F54`(`id_mercancia_id`) USING BTREE,
  INDEX `IDX_44876BD76601BA07`(`id_documento_id`) USING BTREE,
  INDEX `IDX_44876BD77A4F962`(`id_tipo_documento_id`) USING BTREE,
  INDEX `IDX_44876BD77EB2C349`(`id_usuario_id`) USING BTREE,
  INDEX `IDX_44876BD7C59B01FF`(`id_centro_costo_id`) USING BTREE,
  INDEX `IDX_44876BD7F66372E9`(`id_elemento_gasto_id`) USING BTREE,
  INDEX `IDX_44876BD739161EBF`(`id_almacen_id`) USING BTREE,
  INDEX `IDX_44876BD7F5DBAF2B`(`id_expediente_id`) USING BTREE,
  INDEX `IDX_44876BD771381BB3`(`id_orden_trabajo_id`) USING BTREE,
  INDEX `IDX_44876BD755C5F988`(`id_factura_id`) USING BTREE,
  INDEX `IDX_44876BD7571159DE`(`id_movimiento_cancelado_id`) USING BTREE,
  CONSTRAINT `FK_44876BD739161EBF` FOREIGN KEY (`id_almacen_id`) REFERENCES `almacen` (`id`) ON DELETE RESTRICT ON UPDATE RESTRICT,
  CONSTRAINT `FK_44876BD755C5F988` FOREIGN KEY (`id_factura_id`) REFERENCES `factura` (`id`) ON DELETE RESTRICT ON UPDATE RESTRICT,
  CONSTRAINT `FK_44876BD7571159DE` FOREIGN KEY (`id_movimiento_cancelado_id`) REFERENCES `movimiento_mercancia` (`id`) ON DELETE RESTRICT ON UPDATE RESTRICT,
  CONSTRAINT `FK_44876BD76601BA07` FOREIGN KEY (`id_documento_id`) REFERENCES `documento` (`id`) ON DELETE RESTRICT ON UPDATE RESTRICT,
  CONSTRAINT `FK_44876BD771381BB3` FOREIGN KEY (`id_orden_trabajo_id`) REFERENCES `orden_trabajo` (`id`) ON DELETE RESTRICT ON UPDATE RESTRICT,
  CONSTRAINT `FK_44876BD77A4F962` FOREIGN KEY (`id_tipo_documento_id`) REFERENCES `tipo_documento` (`id`) ON DELETE RESTRICT ON UPDATE RESTRICT,
  CONSTRAINT `FK_44876BD77EB2C349` FOREIGN KEY (`id_usuario_id`) REFERENCES `user` (`id`) ON DELETE RESTRICT ON UPDATE RESTRICT,
  CONSTRAINT `FK_44876BD79F287F54` FOREIGN KEY (`id_mercancia_id`) REFERENCES `mercancia` (`id`) ON DELETE RESTRICT ON UPDATE RESTRICT,
  CONSTRAINT `FK_44876BD7C59B01FF` FOREIGN KEY (`id_centro_costo_id`) REFERENCES `centro_costo` (`id`) ON DELETE RESTRICT ON UPDATE RESTRICT,
  CONSTRAINT `FK_44876BD7F5DBAF2B` FOREIGN KEY (`id_expediente_id`) REFERENCES `expediente` (`id`) ON DELETE RESTRICT ON UPDATE RESTRICT,
  CONSTRAINT `FK_44876BD7F66372E9` FOREIGN KEY (`id_elemento_gasto_id`) REFERENCES `elemento_gasto` (`id`) ON DELETE RESTRICT ON UPDATE RESTRICT
) ENGINE = InnoDB AUTO_INCREMENT = 53 CHARACTER SET = utf8mb4 COLLATE = utf8mb4_unicode_ci ROW_FORMAT = DYNAMIC;

-- ----------------------------
-- Table structure for movimiento_producto
-- ----------------------------
-- DROP TABLE IF EXISTS `movimiento_producto`;
CREATE TABLE `movimiento_producto`  (
  `id` int NOT NULL AUTO_INCREMENT,
  `id_producto_id` int NOT NULL,
  `id_documento_id` int NOT NULL,
  `id_tipo_documento_id` int NOT NULL,
  `id_usuario_id` int NULL DEFAULT NULL,
  `id_centro_costo_id` int NULL DEFAULT NULL,
  `id_elemento_gasto_id` int NULL DEFAULT NULL,
  `id_almacen_id` int NULL DEFAULT NULL,
  `id_orden_trabajo_id` int NULL DEFAULT NULL,
  `id_expediente_id` int NULL DEFAULT NULL,
  `id_factura_id` int NULL DEFAULT NULL,
  `id_movimiento_cancelado_id` int NULL DEFAULT NULL,
  `cantidad` double NOT NULL,
  `importe` double NOT NULL,
  `existencia` double NOT NULL,
  `fecha` date NOT NULL,
  `activo` tinyint(1) NOT NULL,
  `entrada` tinyint(1) NOT NULL,
  `cuenta` varchar(255) CHARACTER SET utf8mb4 COLLATE utf8mb4_unicode_ci NULL DEFAULT NULL,
  `nro_subcuenta_deudora` varchar(255) CHARACTER SET utf8mb4 COLLATE utf8mb4_unicode_ci NULL DEFAULT NULL,
  PRIMARY KEY (`id`) USING BTREE,
  INDEX `IDX_FFC0EDFC6E57A479`(`id_producto_id`) USING BTREE,
  INDEX `IDX_FFC0EDFC6601BA07`(`id_documento_id`) USING BTREE,
  INDEX `IDX_FFC0EDFC7A4F962`(`id_tipo_documento_id`) USING BTREE,
  INDEX `IDX_FFC0EDFC7EB2C349`(`id_usuario_id`) USING BTREE,
  INDEX `IDX_FFC0EDFCC59B01FF`(`id_centro_costo_id`) USING BTREE,
  INDEX `IDX_FFC0EDFCF66372E9`(`id_elemento_gasto_id`) USING BTREE,
  INDEX `IDX_FFC0EDFC39161EBF`(`id_almacen_id`) USING BTREE,
  INDEX `IDX_FFC0EDFC71381BB3`(`id_orden_trabajo_id`) USING BTREE,
  INDEX `IDX_FFC0EDFCF5DBAF2B`(`id_expediente_id`) USING BTREE,
  INDEX `IDX_FFC0EDFC55C5F988`(`id_factura_id`) USING BTREE,
  INDEX `IDX_FFC0EDFC571159DE`(`id_movimiento_cancelado_id`) USING BTREE,
  CONSTRAINT `FK_FFC0EDFC39161EBF` FOREIGN KEY (`id_almacen_id`) REFERENCES `almacen` (`id`) ON DELETE RESTRICT ON UPDATE RESTRICT,
  CONSTRAINT `FK_FFC0EDFC55C5F988` FOREIGN KEY (`id_factura_id`) REFERENCES `factura` (`id`) ON DELETE RESTRICT ON UPDATE RESTRICT,
  CONSTRAINT `FK_FFC0EDFC571159DE` FOREIGN KEY (`id_movimiento_cancelado_id`) REFERENCES `movimiento_producto` (`id`) ON DELETE RESTRICT ON UPDATE RESTRICT,
  CONSTRAINT `FK_FFC0EDFC6601BA07` FOREIGN KEY (`id_documento_id`) REFERENCES `documento` (`id`) ON DELETE RESTRICT ON UPDATE RESTRICT,
  CONSTRAINT `FK_FFC0EDFC6E57A479` FOREIGN KEY (`id_producto_id`) REFERENCES `producto` (`id`) ON DELETE RESTRICT ON UPDATE RESTRICT,
  CONSTRAINT `FK_FFC0EDFC71381BB3` FOREIGN KEY (`id_orden_trabajo_id`) REFERENCES `orden_trabajo` (`id`) ON DELETE RESTRICT ON UPDATE RESTRICT,
  CONSTRAINT `FK_FFC0EDFC7A4F962` FOREIGN KEY (`id_tipo_documento_id`) REFERENCES `tipo_documento` (`id`) ON DELETE RESTRICT ON UPDATE RESTRICT,
  CONSTRAINT `FK_FFC0EDFC7EB2C349` FOREIGN KEY (`id_usuario_id`) REFERENCES `user` (`id`) ON DELETE RESTRICT ON UPDATE RESTRICT,
  CONSTRAINT `FK_FFC0EDFCC59B01FF` FOREIGN KEY (`id_centro_costo_id`) REFERENCES `centro_costo` (`id`) ON DELETE RESTRICT ON UPDATE RESTRICT,
  CONSTRAINT `FK_FFC0EDFCF5DBAF2B` FOREIGN KEY (`id_expediente_id`) REFERENCES `expediente` (`id`) ON DELETE RESTRICT ON UPDATE RESTRICT,
  CONSTRAINT `FK_FFC0EDFCF66372E9` FOREIGN KEY (`id_elemento_gasto_id`) REFERENCES `elemento_gasto` (`id`) ON DELETE RESTRICT ON UPDATE RESTRICT
) ENGINE = InnoDB AUTO_INCREMENT = 11 CHARACTER SET = utf8mb4 COLLATE = utf8mb4_unicode_ci ROW_FORMAT = DYNAMIC;

-- ----------------------------
-- Table structure for movimiento_servicio
-- ----------------------------
-- DROP TABLE IF EXISTS `movimiento_servicio`;
CREATE TABLE `movimiento_servicio`  (
  `id` int NOT NULL AUTO_INCREMENT,
  `id_factura_id` int NOT NULL,
  `servicio_id` int NOT NULL,
  `cantidad` double NOT NULL,
  `precio` double NOT NULL,
  `impuesto` double NULL DEFAULT NULL,
  `activo` tinyint(1) NOT NULL,
  `cuenta` varchar(255) CHARACTER SET utf8mb4 COLLATE utf8mb4_unicode_ci NOT NULL,
  `nro_subcuenta_deudora` varchar(255) CHARACTER SET utf8mb4 COLLATE utf8mb4_unicode_ci NOT NULL,
  `cuenta_nominal_acreedora` varchar(255) CHARACTER SET utf8mb4 COLLATE utf8mb4_unicode_ci NOT NULL,
  `subcuenta_nominal_acreedora` varchar(255) CHARACTER SET utf8mb4 COLLATE utf8mb4_unicode_ci NOT NULL,
  `costo` double NULL DEFAULT NULL,
  `anno` int NOT NULL,
  `descripcion` varchar(255) CHARACTER SET utf8mb4 COLLATE utf8mb4_unicode_ci NOT NULL,
  `descuento` double NULL DEFAULT NULL,
  PRIMARY KEY (`id`) USING BTREE,
  INDEX `IDX_93FD19C355C5F988`(`id_factura_id`) USING BTREE,
  INDEX `IDX_93FD19C371CAA3E7`(`servicio_id`) USING BTREE,
  CONSTRAINT `FK_93FD19C355C5F988` FOREIGN KEY (`id_factura_id`) REFERENCES `factura` (`id`) ON DELETE RESTRICT ON UPDATE RESTRICT,
  CONSTRAINT `FK_93FD19C371CAA3E7` FOREIGN KEY (`servicio_id`) REFERENCES `servicios` (`id`) ON DELETE RESTRICT ON UPDATE RESTRICT
) ENGINE = InnoDB AUTO_INCREMENT = 3 CHARACTER SET = utf8mb4 COLLATE = utf8mb4_unicode_ci ROW_FORMAT = DYNAMIC;

-- ----------------------------
-- Table structure for movimiento_venta
-- ----------------------------
-- DROP TABLE IF EXISTS `movimiento_venta`;
CREATE TABLE `movimiento_venta`  (
  `id` int NOT NULL AUTO_INCREMENT,
  `id_factura_id` int NOT NULL,
  `id_almacen_id` int NOT NULL,
  `id_centro_costo_acreedor_id` int NULL DEFAULT NULL,
  `id_orden_trabajo_acreedor_id` int NULL DEFAULT NULL,
  `id_elemento_gasto_acreedor_id` int NULL DEFAULT NULL,
  `id_expediente_acreedor_id` int NULL DEFAULT NULL,
  `mercancia` tinyint(1) NOT NULL,
  `codigo` varchar(255) CHARACTER SET utf8mb4 COLLATE utf8mb4_unicode_ci NOT NULL,
  `cantidad` double NOT NULL,
  `precio` double NOT NULL,
  `descuento_recarga` double NULL DEFAULT NULL,
  `existencia` double NULL DEFAULT NULL,
  `activo` tinyint(1) NOT NULL,
  `cuenta` varchar(255) CHARACTER SET utf8mb4 COLLATE utf8mb4_unicode_ci NOT NULL,
  `nro_subcuenta_deudora` varchar(255) CHARACTER SET utf8mb4 COLLATE utf8mb4_unicode_ci NOT NULL,
  `costo` double NULL DEFAULT NULL,
  `anno` int NULL DEFAULT NULL,
  `cuenta_nominal_acreedora` varchar(255) CHARACTER SET utf8mb4 COLLATE utf8mb4_unicode_ci NULL DEFAULT NULL,
  `subcuenta_nominal_acreedora` varchar(255) CHARACTER SET utf8mb4 COLLATE utf8mb4_unicode_ci NULL DEFAULT NULL,
  `descripcion` varchar(255) CHARACTER SET utf8mb4 COLLATE utf8mb4_unicode_ci NULL DEFAULT NULL,
  `id_mercancia` int NULL DEFAULT NULL,
  `impuesto` double NULL DEFAULT NULL,
  PRIMARY KEY (`id`) USING BTREE,
  INDEX `IDX_8E3F7AE555C5F988`(`id_factura_id`) USING BTREE,
  INDEX `IDX_8E3F7AE539161EBF`(`id_almacen_id`) USING BTREE,
  INDEX `IDX_8E3F7AE5D8F8B0AD`(`id_centro_costo_acreedor_id`) USING BTREE,
  INDEX `IDX_8E3F7AE5FA3DF5CD`(`id_orden_trabajo_acreedor_id`) USING BTREE,
  INDEX `IDX_8E3F7AE5F0821C98`(`id_elemento_gasto_acreedor_id`) USING BTREE,
  INDEX `IDX_8E3F7AE56EA527F2`(`id_expediente_acreedor_id`) USING BTREE,
  CONSTRAINT `FK_8E3F7AE539161EBF` FOREIGN KEY (`id_almacen_id`) REFERENCES `almacen` (`id`) ON DELETE RESTRICT ON UPDATE RESTRICT,
  CONSTRAINT `FK_8E3F7AE555C5F988` FOREIGN KEY (`id_factura_id`) REFERENCES `factura` (`id`) ON DELETE RESTRICT ON UPDATE RESTRICT,
  CONSTRAINT `FK_8E3F7AE56EA527F2` FOREIGN KEY (`id_expediente_acreedor_id`) REFERENCES `expediente` (`id`) ON DELETE RESTRICT ON UPDATE RESTRICT,
  CONSTRAINT `FK_8E3F7AE5D8F8B0AD` FOREIGN KEY (`id_centro_costo_acreedor_id`) REFERENCES `centro_costo` (`id`) ON DELETE RESTRICT ON UPDATE RESTRICT,
  CONSTRAINT `FK_8E3F7AE5F0821C98` FOREIGN KEY (`id_elemento_gasto_acreedor_id`) REFERENCES `elemento_gasto` (`id`) ON DELETE RESTRICT ON UPDATE RESTRICT,
  CONSTRAINT `FK_8E3F7AE5FA3DF5CD` FOREIGN KEY (`id_orden_trabajo_acreedor_id`) REFERENCES `orden_trabajo` (`id`) ON DELETE RESTRICT ON UPDATE RESTRICT
) ENGINE = InnoDB AUTO_INCREMENT = 44 CHARACTER SET = utf8mb4 COLLATE = utf8mb4_unicode_ci ROW_FORMAT = DYNAMIC;

-- ----------------------------
-- Table structure for municipios
-- ----------------------------
-- DROP TABLE IF EXISTS `municipios`;
CREATE TABLE `municipios`  (
  `id` int NOT NULL AUTO_INCREMENT,
  `provincia_id` int NULL DEFAULT NULL,
  `code` varchar(255) CHARACTER SET utf8mb4 COLLATE utf8mb4_unicode_ci NOT NULL,
  `nombre` varchar(255) CHARACTER SET utf8mb4 COLLATE utf8mb4_unicode_ci NOT NULL,
  `activo` tinyint(1) NOT NULL,
  PRIMARY KEY (`id`) USING BTREE,
  INDEX `IDX_BBFAB5864E7121AF`(`provincia_id`) USING BTREE,
  CONSTRAINT `FK_BBFAB5864E7121AF` FOREIGN KEY (`provincia_id`) REFERENCES `provincias` (`id`) ON DELETE RESTRICT ON UPDATE RESTRICT
) ENGINE = InnoDB AUTO_INCREMENT = 176 CHARACTER SET = utf8mb4 COLLATE = utf8mb4_unicode_ci ROW_FORMAT = DYNAMIC;

-- ----------------------------
-- Table structure for nomina_pago
-- ----------------------------
-- DROP TABLE IF EXISTS `nomina_pago`;
CREATE TABLE `nomina_pago`  (
  `id` int NOT NULL AUTO_INCREMENT,
  `id_empleado_id` int NOT NULL,
  `id_usuario_aprueba_id` int NULL DEFAULT NULL,
  `id_unidad_id` int NOT NULL,
  `comision` double NULL DEFAULT NULL,
  `vacaciones` double NULL DEFAULT NULL,
  `horas_extra` double NULL DEFAULT NULL,
  `otros` double NULL DEFAULT NULL,
  `total_ingresos` double NOT NULL,
  `ingresos_cotizables_tss` double NOT NULL,
  `isr` double NULL DEFAULT NULL,
  `ars` double NULL DEFAULT NULL,
  `afp` double NULL DEFAULT NULL,
  `cooperativa` double NULL DEFAULT NULL,
  `plan_medico_complementario` double NULL DEFAULT NULL,
  `restaurant` double NULL DEFAULT NULL,
  `total_deducido` double NULL DEFAULT NULL,
  `sueldo_neto_pagar` double NULL DEFAULT NULL,
  `afp_empleador` double NULL DEFAULT NULL,
  `sfs_empleador` double NULL DEFAULT NULL,
  `srl_empleador` double NULL DEFAULT NULL,
  `infotep_empleador` double NULL DEFAULT NULL,
  `mes` int NOT NULL,
  `anno` int NOT NULL,
  `fecha` date NOT NULL,
  `elaborada` tinyint(1) NULL DEFAULT NULL,
  `aprobada` tinyint(1) NULL DEFAULT NULL,
  `quincena` int NOT NULL,
  `salario_bruto` double NULL DEFAULT NULL,
  `cant_horas_trabajadas` double NULL DEFAULT NULL,
  PRIMARY KEY (`id`) USING BTREE,
  INDEX `IDX_5CB8BD338D392AC7`(`id_empleado_id`) USING BTREE,
  INDEX `IDX_5CB8BD33AC6A6301`(`id_usuario_aprueba_id`) USING BTREE,
  INDEX `IDX_5CB8BD331D34FA6B`(`id_unidad_id`) USING BTREE,
  CONSTRAINT `FK_5CB8BD331D34FA6B` FOREIGN KEY (`id_unidad_id`) REFERENCES `unidad` (`id`) ON DELETE RESTRICT ON UPDATE RESTRICT,
  CONSTRAINT `FK_5CB8BD338D392AC7` FOREIGN KEY (`id_empleado_id`) REFERENCES `empleado` (`id`) ON DELETE RESTRICT ON UPDATE RESTRICT,
  CONSTRAINT `FK_5CB8BD33AC6A6301` FOREIGN KEY (`id_usuario_aprueba_id`) REFERENCES `user` (`id`) ON DELETE RESTRICT ON UPDATE RESTRICT
) ENGINE = InnoDB AUTO_INCREMENT = 18 CHARACTER SET = utf8mb4 COLLATE = utf8mb4_unicode_ci ROW_FORMAT = DYNAMIC;

-- ----------------------------
-- Table structure for nomina_tercero_comprobante
-- ----------------------------
-- DROP TABLE IF EXISTS `nomina_tercero_comprobante`;
CREATE TABLE `nomina_tercero_comprobante`  (
  `id` int NOT NULL AUTO_INCREMENT,
  `id_nomina_id` int NOT NULL,
  `id_unidad_id` int NOT NULL,
  `id_comprobante_id` int NULL DEFAULT NULL,
  `mes` int NOT NULL,
  `anno` int NOT NULL,
  PRIMARY KEY (`id`) USING BTREE,
  INDEX `IDX_D4A77ABF2547677`(`id_nomina_id`) USING BTREE,
  INDEX `IDX_D4A77ABF1D34FA6B`(`id_unidad_id`) USING BTREE,
  INDEX `IDX_D4A77ABF1800963C`(`id_comprobante_id`) USING BTREE,
  CONSTRAINT `FK_D4A77ABF1800963C` FOREIGN KEY (`id_comprobante_id`) REFERENCES `registro_comprobantes` (`id`) ON DELETE RESTRICT ON UPDATE RESTRICT,
  CONSTRAINT `FK_D4A77ABF1D34FA6B` FOREIGN KEY (`id_unidad_id`) REFERENCES `unidad` (`id`) ON DELETE RESTRICT ON UPDATE RESTRICT,
  CONSTRAINT `FK_D4A77ABF2547677` FOREIGN KEY (`id_nomina_id`) REFERENCES `nomina_pago` (`id`) ON DELETE RESTRICT ON UPDATE RESTRICT
) ENGINE = InnoDB AUTO_INCREMENT = 1 CHARACTER SET = utf8mb4 COLLATE = utf8mb4_unicode_ci ROW_FORMAT = DYNAMIC;

-- ----------------------------
-- Table structure for nominas_consecutivos
-- ----------------------------
-- DROP TABLE IF EXISTS `nominas_consecutivos`;
CREATE TABLE `nominas_consecutivos`  (
  `id` int NOT NULL AUTO_INCREMENT,
  `id_unidad_id` int NOT NULL,
  `mes` int NOT NULL,
  `anno` int NOT NULL,
  `nro_consecutivo` int NOT NULL,
  PRIMARY KEY (`id`) USING BTREE,
  INDEX `IDX_9FC8A71A1D34FA6B`(`id_unidad_id`) USING BTREE,
  CONSTRAINT `FK_9FC8A71A1D34FA6B` FOREIGN KEY (`id_unidad_id`) REFERENCES `unidad` (`id`) ON DELETE RESTRICT ON UPDATE RESTRICT
) ENGINE = InnoDB AUTO_INCREMENT = 12 CHARACTER SET = utf8mb4 COLLATE = utf8mb4_unicode_ci ROW_FORMAT = DYNAMIC;

-- ----------------------------
-- Table structure for obligacion_cobro
-- ----------------------------
-- DROP TABLE IF EXISTS `obligacion_cobro`;
CREATE TABLE `obligacion_cobro`  (
  `id` int NOT NULL AUTO_INCREMENT,
  `id_factura_id` int NOT NULL,
  `id_cliente` int NOT NULL,
  `tipo_cliente` int NOT NULL,
  `fecha_factura` date NOT NULL,
  `importe_factura` double NOT NULL,
  `cuenta_obligacion` varchar(255) CHARACTER SET utf8mb4 COLLATE utf8mb4_unicode_ci NOT NULL,
  `subcuenta_obligacion` varchar(255) CHARACTER SET utf8mb4 COLLATE utf8mb4_unicode_ci NULL DEFAULT NULL,
  `resto_pagar` double NOT NULL,
  `liquidada` tinyint(1) NOT NULL,
  `activo` tinyint(1) NOT NULL,
  PRIMARY KEY (`id`) USING BTREE,
  INDEX `IDX_807C726D55C5F988`(`id_factura_id`) USING BTREE,
  CONSTRAINT `FK_807C726D55C5F988` FOREIGN KEY (`id_factura_id`) REFERENCES `factura` (`id`) ON DELETE RESTRICT ON UPDATE RESTRICT
) ENGINE = InnoDB AUTO_INCREMENT = 1 CHARACTER SET = utf8mb4 COLLATE = utf8mb4_unicode_ci ROW_FORMAT = DYNAMIC;

-- ----------------------------
-- Table structure for obligacion_pago
-- ----------------------------
-- DROP TABLE IF EXISTS `obligacion_pago`;
CREATE TABLE `obligacion_pago`  (
  `id` int NOT NULL AUTO_INCREMENT,
  `id_proveedor_id` int NOT NULL,
  `id_documento_id` int NOT NULL,
  `id_unidad_id` int NOT NULL,
  `nro_cuenta` varchar(255) CHARACTER SET utf8mb4 COLLATE utf8mb4_unicode_ci NOT NULL,
  `nro_subcuenta` varchar(255) CHARACTER SET utf8mb4 COLLATE utf8mb4_unicode_ci NOT NULL,
  `valor_pagado` double NULL DEFAULT NULL,
  `resto` double NOT NULL,
  `liquidado` tinyint(1) NOT NULL,
  `activo` tinyint(1) NOT NULL,
  `codigo_factura` varchar(255) CHARACTER SET utf8mb4 COLLATE utf8mb4_unicode_ci NOT NULL,
  `fecha_factura` date NOT NULL,
  PRIMARY KEY (`id`) USING BTREE,
  INDEX `IDX_403C9B3BE8F12801`(`id_proveedor_id`) USING BTREE,
  INDEX `IDX_403C9B3B6601BA07`(`id_documento_id`) USING BTREE,
  INDEX `IDX_403C9B3B1D34FA6B`(`id_unidad_id`) USING BTREE,
  CONSTRAINT `FK_403C9B3B1D34FA6B` FOREIGN KEY (`id_unidad_id`) REFERENCES `unidad` (`id`) ON DELETE RESTRICT ON UPDATE RESTRICT,
  CONSTRAINT `FK_403C9B3B6601BA07` FOREIGN KEY (`id_documento_id`) REFERENCES `documento` (`id`) ON DELETE RESTRICT ON UPDATE RESTRICT,
  CONSTRAINT `FK_403C9B3BE8F12801` FOREIGN KEY (`id_proveedor_id`) REFERENCES `proveedor` (`id`) ON DELETE RESTRICT ON UPDATE RESTRICT
) ENGINE = InnoDB AUTO_INCREMENT = 1 CHARACTER SET = utf8mb4 COLLATE = utf8mb4_unicode_ci ROW_FORMAT = DYNAMIC;

-- ----------------------------
-- Table structure for operaciones_comprobante_operaciones
-- ----------------------------
-- DROP TABLE IF EXISTS `operaciones_comprobante_operaciones`;
CREATE TABLE `operaciones_comprobante_operaciones`  (
  `id` int NOT NULL AUTO_INCREMENT,
  `id_cuenta_id` int NOT NULL,
  `id_subcuenta_id` int NOT NULL,
  `id_centro_costo_id` int NULL DEFAULT NULL,
  `id_orden_trabajo_id` int NULL DEFAULT NULL,
  `id_elemento_gasto_id` int NULL DEFAULT NULL,
  `id_expediente_id` int NULL DEFAULT NULL,
  `id_proveedor_id` int NULL DEFAULT NULL,
  `id_registro_comprobantes_id` int NOT NULL,
  `id_almacen_id` int NULL DEFAULT NULL,
  `id_unidad_id` int NULL DEFAULT NULL,
  `id_instrumento_cobro_id` int NULL DEFAULT NULL,
  `id_cliente` int NULL DEFAULT NULL,
  `id_tipo_cliente` int NULL DEFAULT NULL,
  `credito` double NOT NULL,
  `debito` double NOT NULL,
  `banco` varchar(255) CHARACTER SET utf8mb4 COLLATE utf8mb4_unicode_ci NULL DEFAULT NULL,
  PRIMARY KEY (`id`) USING BTREE,
  INDEX `IDX_E7EA17E1ADA4D3F`(`id_cuenta_id`) USING BTREE,
  INDEX `IDX_E7EA17E2D412F53`(`id_subcuenta_id`) USING BTREE,
  INDEX `IDX_E7EA17EC59B01FF`(`id_centro_costo_id`) USING BTREE,
  INDEX `IDX_E7EA17E71381BB3`(`id_orden_trabajo_id`) USING BTREE,
  INDEX `IDX_E7EA17EF66372E9`(`id_elemento_gasto_id`) USING BTREE,
  INDEX `IDX_E7EA17EF5DBAF2B`(`id_expediente_id`) USING BTREE,
  INDEX `IDX_E7EA17EE8F12801`(`id_proveedor_id`) USING BTREE,
  INDEX `IDX_E7EA17EECB9FBA7`(`id_registro_comprobantes_id`) USING BTREE,
  INDEX `IDX_E7EA17E39161EBF`(`id_almacen_id`) USING BTREE,
  INDEX `IDX_E7EA17E1D34FA6B`(`id_unidad_id`) USING BTREE,
  INDEX `IDX_E7EA17E47B60D7E`(`id_instrumento_cobro_id`) USING BTREE,
  CONSTRAINT `FK_E7EA17E1ADA4D3F` FOREIGN KEY (`id_cuenta_id`) REFERENCES `cuenta` (`id`) ON DELETE RESTRICT ON UPDATE RESTRICT,
  CONSTRAINT `FK_E7EA17E1D34FA6B` FOREIGN KEY (`id_unidad_id`) REFERENCES `unidad` (`id`) ON DELETE RESTRICT ON UPDATE RESTRICT,
  CONSTRAINT `FK_E7EA17E2D412F53` FOREIGN KEY (`id_subcuenta_id`) REFERENCES `subcuenta` (`id`) ON DELETE RESTRICT ON UPDATE RESTRICT,
  CONSTRAINT `FK_E7EA17E39161EBF` FOREIGN KEY (`id_almacen_id`) REFERENCES `almacen` (`id`) ON DELETE RESTRICT ON UPDATE RESTRICT,
  CONSTRAINT `FK_E7EA17E47B60D7E` FOREIGN KEY (`id_instrumento_cobro_id`) REFERENCES `instrumento_cobro` (`id`) ON DELETE RESTRICT ON UPDATE RESTRICT,
  CONSTRAINT `FK_E7EA17E71381BB3` FOREIGN KEY (`id_orden_trabajo_id`) REFERENCES `orden_trabajo` (`id`) ON DELETE RESTRICT ON UPDATE RESTRICT,
  CONSTRAINT `FK_E7EA17EC59B01FF` FOREIGN KEY (`id_centro_costo_id`) REFERENCES `centro_costo` (`id`) ON DELETE RESTRICT ON UPDATE RESTRICT,
  CONSTRAINT `FK_E7EA17EE8F12801` FOREIGN KEY (`id_proveedor_id`) REFERENCES `proveedor` (`id`) ON DELETE RESTRICT ON UPDATE RESTRICT,
  CONSTRAINT `FK_E7EA17EECB9FBA7` FOREIGN KEY (`id_registro_comprobantes_id`) REFERENCES `registro_comprobantes` (`id`) ON DELETE RESTRICT ON UPDATE RESTRICT,
  CONSTRAINT `FK_E7EA17EF5DBAF2B` FOREIGN KEY (`id_expediente_id`) REFERENCES `expediente` (`id`) ON DELETE RESTRICT ON UPDATE RESTRICT,
  CONSTRAINT `FK_E7EA17EF66372E9` FOREIGN KEY (`id_elemento_gasto_id`) REFERENCES `elemento_gasto` (`id`) ON DELETE RESTRICT ON UPDATE RESTRICT
) ENGINE = InnoDB AUTO_INCREMENT = 1 CHARACTER SET = utf8mb4 COLLATE = utf8mb4_unicode_ci ROW_FORMAT = DYNAMIC;

-- ----------------------------
-- Table structure for orden_paquete
-- ----------------------------
-- DROP TABLE IF EXISTS `orden_paquete`;
CREATE TABLE `orden_paquete`  (
  `id` int NOT NULL AUTO_INCREMENT,
  `id_beneficiarios_clientes_id` int NOT NULL,
  `nro_orden` varchar(255) CHARACTER SET utf8mb4 COLLATE utf8mb4_unicode_ci NOT NULL,
  `fecha` date NOT NULL,
  `weight` varchar(255) CHARACTER SET utf8mb4 COLLATE utf8mb4_unicode_ci NOT NULL,
  PRIMARY KEY (`id`) USING BTREE,
  INDEX `IDX_AEE672BBD2000A0`(`id_beneficiarios_clientes_id`) USING BTREE,
  CONSTRAINT `FK_AEE672BBD2000A0` FOREIGN KEY (`id_beneficiarios_clientes_id`) REFERENCES `beneficiarios_clientes` (`id`) ON DELETE RESTRICT ON UPDATE RESTRICT
) ENGINE = InnoDB AUTO_INCREMENT = 133 CHARACTER SET = utf8mb4 COLLATE = utf8mb4_unicode_ci ROW_FORMAT = Dynamic;

-- ----------------------------
-- Table structure for orden_trabajo
-- ----------------------------
-- DROP TABLE IF EXISTS `orden_trabajo`;
CREATE TABLE `orden_trabajo`  (
  `id` int NOT NULL AUTO_INCREMENT,
  `id_unidad_id` int NULL DEFAULT NULL,
  `id_almacen_id` int NULL DEFAULT NULL,
  `codigo` varchar(255) CHARACTER SET utf8mb4 COLLATE utf8mb4_unicode_ci NOT NULL,
  `descripcion` varchar(255) CHARACTER SET utf8mb4 COLLATE utf8mb4_unicode_ci NOT NULL,
  `activo` tinyint(1) NOT NULL,
  `anno` int NOT NULL,
  PRIMARY KEY (`id`) USING BTREE,
  INDEX `IDX_4158A0241D34FA6B`(`id_unidad_id`) USING BTREE,
  INDEX `IDX_4158A02439161EBF`(`id_almacen_id`) USING BTREE,
  CONSTRAINT `FK_4158A0241D34FA6B` FOREIGN KEY (`id_unidad_id`) REFERENCES `unidad` (`id`) ON DELETE RESTRICT ON UPDATE RESTRICT,
  CONSTRAINT `FK_4158A02439161EBF` FOREIGN KEY (`id_almacen_id`) REFERENCES `almacen` (`id`) ON DELETE RESTRICT ON UPDATE RESTRICT
) ENGINE = InnoDB AUTO_INCREMENT = 1 CHARACTER SET = utf8mb4 COLLATE = utf8mb4_unicode_ci ROW_FORMAT = DYNAMIC;

-- ----------------------------
-- Table structure for pagos_cotizacion
-- ----------------------------
-- DROP TABLE IF EXISTS `pagos_cotizacion`;
CREATE TABLE `pagos_cotizacion`  (
  `id` int NOT NULL AUTO_INCREMENT,
  `fecha` datetime NOT NULL,
  `id_empleado` int NOT NULL,
  `monto` double NOT NULL,
  `cambio` double NULL DEFAULT NULL,
  `id_cotizacion` int NOT NULL,
  `id_moneda` int NOT NULL,
  `id_tipo_de_pago` int NOT NULL,
  `id_banco` int NULL DEFAULT NULL,
  `id_cuenta_bancaria` int NULL DEFAULT NULL,
  `numero_confirmacion_deposito` varchar(255) CHARACTER SET utf8mb4 COLLATE utf8mb4_unicode_ci NULL DEFAULT NULL,
  `last4_tarjeta` int NULL DEFAULT NULL,
  `codigo_confirmacion_tarjeta` varchar(255) CHARACTER SET utf8mb4 COLLATE utf8mb4_unicode_ci NULL DEFAULT NULL,
  `tipo_de_tarjeta` varchar(255) CHARACTER SET utf8mb4 COLLATE utf8mb4_unicode_ci NULL DEFAULT NULL,
  `nota` varchar(255) CHARACTER SET utf8mb4 COLLATE utf8mb4_unicode_ci NULL DEFAULT NULL,
  `id_transaccion` int NULL DEFAULT NULL,
  PRIMARY KEY (`id`) USING BTREE
) ENGINE = InnoDB AUTO_INCREMENT = 1 CHARACTER SET = utf8mb4 COLLATE = utf8mb4_unicode_ci ROW_FORMAT = DYNAMIC;

-- ----------------------------
-- Table structure for pagos_venta
-- ----------------------------
-- DROP TABLE IF EXISTS `pagos_venta`;
CREATE TABLE `pagos_venta`  (
  `id` int NOT NULL AUTO_INCREMENT,
  `empleado_id` int NOT NULL,
  `factura_id` int NOT NULL,
  `moneda_id` int NOT NULL,
  `banco_id` int NULL DEFAULT NULL,
  `cuenta_id` int NULL DEFAULT NULL,
  `tipo_pago` int NOT NULL,
  `fecha` datetime NOT NULL,
  `monto` double NOT NULL,
  `cambio` double NULL DEFAULT NULL,
  `datos_deposito` varchar(255) CHARACTER SET utf8mb4 COLLATE utf8mb4_unicode_ci NULL DEFAULT NULL,
  `nota` varchar(255) CHARACTER SET utf8mb4 COLLATE utf8mb4_unicode_ci NULL DEFAULT NULL,
  PRIMARY KEY (`id`) USING BTREE,
  INDEX `IDX_F3D4BBF7952BE730`(`empleado_id`) USING BTREE,
  INDEX `IDX_F3D4BBF7F04F795F`(`factura_id`) USING BTREE,
  INDEX `IDX_F3D4BBF7B77634D2`(`moneda_id`) USING BTREE,
  INDEX `IDX_F3D4BBF7CC04A73E`(`banco_id`) USING BTREE,
  INDEX `IDX_F3D4BBF79AEFF118`(`cuenta_id`) USING BTREE,
  CONSTRAINT `FK_F3D4BBF7952BE730` FOREIGN KEY (`empleado_id`) REFERENCES `user` (`id`) ON DELETE RESTRICT ON UPDATE RESTRICT,
  CONSTRAINT `FK_F3D4BBF79AEFF118` FOREIGN KEY (`cuenta_id`) REFERENCES `cuenta` (`id`) ON DELETE RESTRICT ON UPDATE RESTRICT,
  CONSTRAINT `FK_F3D4BBF7B77634D2` FOREIGN KEY (`moneda_id`) REFERENCES `moneda` (`id`) ON DELETE RESTRICT ON UPDATE RESTRICT,
  CONSTRAINT `FK_F3D4BBF7CC04A73E` FOREIGN KEY (`banco_id`) REFERENCES `banco` (`id`) ON DELETE RESTRICT ON UPDATE RESTRICT,
  CONSTRAINT `FK_F3D4BBF7F04F795F` FOREIGN KEY (`factura_id`) REFERENCES `factura` (`id`) ON DELETE RESTRICT ON UPDATE RESTRICT
) ENGINE = InnoDB AUTO_INCREMENT = 14 CHARACTER SET = utf8mb4 COLLATE = utf8mb4_unicode_ci ROW_FORMAT = DYNAMIC;

-- ----------------------------
-- Table structure for pais
-- ----------------------------
-- DROP TABLE IF EXISTS `pais`;
CREATE TABLE `pais`  (
  `id` int NOT NULL AUTO_INCREMENT,
  `nombre` varchar(255) CHARACTER SET utf8mb4 COLLATE utf8mb4_unicode_ci NOT NULL,
  `activo` tinyint(1) NOT NULL,
  PRIMARY KEY (`id`) USING BTREE
) ENGINE = InnoDB AUTO_INCREMENT = 3 CHARACTER SET = utf8mb4 COLLATE = utf8mb4_unicode_ci ROW_FORMAT = DYNAMIC;

-- ----------------------------
-- Table structure for periodo_sistema
-- ----------------------------
-- DROP TABLE IF EXISTS `periodo_sistema`;
CREATE TABLE `periodo_sistema`  (
  `id` int NOT NULL AUTO_INCREMENT,
  `id_unidad_id` int NOT NULL,
  `id_almacen_id` int NULL DEFAULT NULL,
  `id_usuario_id` int NOT NULL,
  `mes` int NOT NULL,
  `anno` int NOT NULL,
  `tipo` int NOT NULL,
  `fecha` date NOT NULL,
  `cerrado` tinyint(1) NOT NULL,
  PRIMARY KEY (`id`) USING BTREE,
  INDEX `IDX_AEF0BAAD1D34FA6B`(`id_unidad_id`) USING BTREE,
  INDEX `IDX_AEF0BAAD39161EBF`(`id_almacen_id`) USING BTREE,
  INDEX `IDX_AEF0BAAD7EB2C349`(`id_usuario_id`) USING BTREE,
  CONSTRAINT `FK_AEF0BAAD1D34FA6B` FOREIGN KEY (`id_unidad_id`) REFERENCES `unidad` (`id`) ON DELETE RESTRICT ON UPDATE RESTRICT,
  CONSTRAINT `FK_AEF0BAAD39161EBF` FOREIGN KEY (`id_almacen_id`) REFERENCES `almacen` (`id`) ON DELETE RESTRICT ON UPDATE RESTRICT,
  CONSTRAINT `FK_AEF0BAAD7EB2C349` FOREIGN KEY (`id_usuario_id`) REFERENCES `user` (`id`) ON DELETE RESTRICT ON UPDATE RESTRICT
) ENGINE = InnoDB AUTO_INCREMENT = 6 CHARACTER SET = utf8mb4 COLLATE = utf8mb4_unicode_ci ROW_FORMAT = DYNAMIC;

-- ----------------------------
-- Table structure for plan_hotel
-- ----------------------------
-- DROP TABLE IF EXISTS `plan_hotel`;
CREATE TABLE `plan_hotel`  (
  `id` int NOT NULL AUTO_INCREMENT,
  `nombre` varchar(255) CHARACTER SET utf8mb4 COLLATE utf8mb4_unicode_ci NOT NULL,
  `activo` tinyint(1) NOT NULL,
  PRIMARY KEY (`id`) USING BTREE
) ENGINE = InnoDB AUTO_INCREMENT = 1 CHARACTER SET = utf8mb4 COLLATE = utf8mb4_unicode_ci ROW_FORMAT = DYNAMIC;

-- ----------------------------
-- Table structure for plazos_pago_cotizacion
-- ----------------------------
-- DROP TABLE IF EXISTS `plazos_pago_cotizacion`;
CREATE TABLE `plazos_pago_cotizacion`  (
  `id` int NOT NULL AUTO_INCREMENT,
  `id_cotizacion_id` int NOT NULL,
  `fecha` date NOT NULL,
  `cuota` double NOT NULL,
  PRIMARY KEY (`id`) USING BTREE,
  INDEX `IDX_4A1D3ED28E5841CF`(`id_cotizacion_id`) USING BTREE,
  CONSTRAINT `FK_4A1D3ED28E5841CF` FOREIGN KEY (`id_cotizacion_id`) REFERENCES `cotizacion` (`id`) ON DELETE RESTRICT ON UPDATE RESTRICT
) ENGINE = InnoDB AUTO_INCREMENT = 2 CHARACTER SET = utf8mb4 COLLATE = utf8mb4_unicode_ci ROW_FORMAT = DYNAMIC;

-- ----------------------------
-- Table structure for por_ciento_nominas
-- ----------------------------
-- DROP TABLE IF EXISTS `por_ciento_nominas`;
CREATE TABLE `por_ciento_nominas`  (
  `id` int NOT NULL,
  `por_ciento` double NOT NULL,
  `criterio` varchar(255) CHARACTER SET utf8mb4 COLLATE utf8mb4_unicode_ci NOT NULL,
  `denominacion` int NOT NULL,
  `activo` tinyint(1) NOT NULL,
  PRIMARY KEY (`id`) USING BTREE
) ENGINE = InnoDB CHARACTER SET = utf8mb4 COLLATE = utf8mb4_unicode_ci ROW_FORMAT = DYNAMIC;

-- ----------------------------
-- Table structure for precio_venta
-- ----------------------------
-- DROP TABLE IF EXISTS `precio_venta`;
CREATE TABLE `precio_venta`  (
  `id` int NOT NULL AUTO_INCREMENT,
  `tramo` int NULL DEFAULT NULL,
  `poerciento` double NULL DEFAULT NULL,
  `fijo` double NULL DEFAULT NULL,
  `activo` tinyint(1) NOT NULL,
  PRIMARY KEY (`id`) USING BTREE
) ENGINE = InnoDB AUTO_INCREMENT = 1 CHARACTER SET = utf8mb4 COLLATE = utf8mb4_unicode_ci ROW_FORMAT = DYNAMIC;

-- ----------------------------
-- Table structure for producto
-- ----------------------------
-- DROP TABLE IF EXISTS `producto`;
CREATE TABLE `producto`  (
  `id` int NOT NULL AUTO_INCREMENT,
  `id_amlacen_id` int NOT NULL,
  `id_unidad_medida_id` int NOT NULL,
  `codigo` varchar(255) CHARACTER SET utf8mb4 COLLATE utf8mb4_unicode_ci NOT NULL,
  `cuenta` varchar(255) CHARACTER SET utf8mb4 COLLATE utf8mb4_unicode_ci NOT NULL,
  `descripcion` varchar(255) CHARACTER SET utf8mb4 COLLATE utf8mb4_unicode_ci NOT NULL,
  `existencia` double NOT NULL,
  `importe` double NOT NULL,
  `activo` tinyint(1) NOT NULL,
  `nro_subcuenta_inventario` varchar(255) CHARACTER SET utf8mb4 COLLATE utf8mb4_unicode_ci NULL DEFAULT NULL,
  `nro_cuenta_acreedora` varchar(255) CHARACTER SET utf8mb4 COLLATE utf8mb4_unicode_ci NULL DEFAULT NULL,
  `nro_subcuenta_acreedora` varchar(255) CHARACTER SET utf8mb4 COLLATE utf8mb4_unicode_ci NULL DEFAULT NULL,
  `precio_venta` double NULL DEFAULT NULL,
  PRIMARY KEY (`id`) USING BTREE,
  INDEX `IDX_A7BB0615E2C70A62`(`id_amlacen_id`) USING BTREE,
  INDEX `IDX_A7BB0615E16A5625`(`id_unidad_medida_id`) USING BTREE,
  CONSTRAINT `FK_A7BB0615E16A5625` FOREIGN KEY (`id_unidad_medida_id`) REFERENCES `unidad_medida` (`id`) ON DELETE RESTRICT ON UPDATE RESTRICT,
  CONSTRAINT `FK_A7BB0615E2C70A62` FOREIGN KEY (`id_amlacen_id`) REFERENCES `almacen` (`id`) ON DELETE RESTRICT ON UPDATE RESTRICT
) ENGINE = InnoDB AUTO_INCREMENT = 2 CHARACTER SET = utf8mb4 COLLATE = utf8mb4_unicode_ci ROW_FORMAT = DYNAMIC;

-- ----------------------------
-- Table structure for producto_categoria_producto
-- ----------------------------
-- DROP TABLE IF EXISTS `producto_categoria_producto`;
CREATE TABLE `producto_categoria_producto`  (
  `id` int NOT NULL AUTO_INCREMENT,
  `producto_id` int NULL DEFAULT NULL,
  `categoria_producto_id` int NULL DEFAULT NULL,
  `activo` tinyint(1) NOT NULL,
  PRIMARY KEY (`id`) USING BTREE,
  INDEX `IDX_956AB0777645698E`(`producto_id`) USING BTREE,
  INDEX `IDX_956AB07769022511`(`categoria_producto_id`) USING BTREE,
  CONSTRAINT `FK_956AB07769022511` FOREIGN KEY (`categoria_producto_id`) REFERENCES `categoria_producto` (`id`) ON DELETE RESTRICT ON UPDATE RESTRICT,
  CONSTRAINT `FK_956AB0777645698E` FOREIGN KEY (`producto_id`) REFERENCES `producto` (`id`) ON DELETE RESTRICT ON UPDATE RESTRICT
) ENGINE = InnoDB AUTO_INCREMENT = 1 CHARACTER SET = utf8mb4 COLLATE = utf8mb4_unicode_ci ROW_FORMAT = DYNAMIC;

-- ----------------------------
-- Table structure for producto_impuesto
-- ----------------------------
-- DROP TABLE IF EXISTS `producto_impuesto`;
CREATE TABLE `producto_impuesto`  (
  `id` int NOT NULL AUTO_INCREMENT,
  `producto_id` int NULL DEFAULT NULL,
  `impuesto_id` int NULL DEFAULT NULL,
  `activo` tinyint(1) NOT NULL,
  PRIMARY KEY (`id`) USING BTREE,
  INDEX `IDX_9E754B747645698E`(`producto_id`) USING BTREE,
  INDEX `IDX_9E754B74D23B6BE5`(`impuesto_id`) USING BTREE,
  CONSTRAINT `FK_9E754B747645698E` FOREIGN KEY (`producto_id`) REFERENCES `producto` (`id`) ON DELETE RESTRICT ON UPDATE RESTRICT,
  CONSTRAINT `FK_9E754B74D23B6BE5` FOREIGN KEY (`impuesto_id`) REFERENCES `impuesto` (`id`) ON DELETE RESTRICT ON UPDATE RESTRICT
) ENGINE = InnoDB AUTO_INCREMENT = 1 CHARACTER SET = utf8mb4 COLLATE = utf8mb4_unicode_ci ROW_FORMAT = DYNAMIC;

-- ----------------------------
-- Table structure for proveedor
-- ----------------------------
-- DROP TABLE IF EXISTS `proveedor`;
CREATE TABLE `proveedor`  (
  `id` int NOT NULL AUTO_INCREMENT,
  `pais_id` int NULL DEFAULT NULL,
  `nombre` varchar(255) CHARACTER SET utf8mb4 COLLATE utf8mb4_unicode_ci NOT NULL,
  `codigo` varchar(255) CHARACTER SET utf8mb4 COLLATE utf8mb4_unicode_ci NOT NULL,
  `activo` tinyint(1) NULL DEFAULT NULL,
  `email` varchar(255) CHARACTER SET utf8mb4 COLLATE utf8mb4_unicode_ci NULL DEFAULT NULL,
  `celular` varchar(20) CHARACTER SET utf8mb4 COLLATE utf8mb4_unicode_ci NULL DEFAULT NULL,
  `telefono1` varchar(20) CHARACTER SET utf8mb4 COLLATE utf8mb4_unicode_ci NULL DEFAULT NULL,
  `telefono2` varchar(20) CHARACTER SET utf8mb4 COLLATE utf8mb4_unicode_ci NULL DEFAULT NULL,
  PRIMARY KEY (`id`) USING BTREE,
  INDEX `IDX_16C068CEC604D5C6`(`pais_id`) USING BTREE,
  CONSTRAINT `FK_16C068CEC604D5C6` FOREIGN KEY (`pais_id`) REFERENCES `pais` (`id`) ON DELETE RESTRICT ON UPDATE RESTRICT
) ENGINE = InnoDB AUTO_INCREMENT = 9 CHARACTER SET = utf8mb4 COLLATE = utf8mb4_unicode_ci ROW_FORMAT = DYNAMIC;

-- ----------------------------
-- Table structure for proveedor_unidad
-- ----------------------------
-- DROP TABLE IF EXISTS `proveedor_unidad`;
CREATE TABLE `proveedor_unidad`  (
  `id` int NOT NULL AUTO_INCREMENT,
  `proveedor_id` int NULL DEFAULT NULL,
  `unidad_id` int NULL DEFAULT NULL,
  PRIMARY KEY (`id`) USING BTREE,
  INDEX `IDX_EE37BED5CB305D73`(`proveedor_id`) USING BTREE,
  INDEX `IDX_EE37BED59D01464C`(`unidad_id`) USING BTREE,
  CONSTRAINT `FK_EE37BED59D01464C` FOREIGN KEY (`unidad_id`) REFERENCES `unidad` (`id`) ON DELETE RESTRICT ON UPDATE RESTRICT,
  CONSTRAINT `FK_EE37BED5CB305D73` FOREIGN KEY (`proveedor_id`) REFERENCES `proveedor` (`id`) ON DELETE RESTRICT ON UPDATE RESTRICT
) ENGINE = InnoDB AUTO_INCREMENT = 6 CHARACTER SET = utf8mb4 COLLATE = utf8mb4_unicode_ci ROW_FORMAT = DYNAMIC;

-- ----------------------------
-- Table structure for proveedor_unidad_servicios
-- ----------------------------
-- DROP TABLE IF EXISTS `proveedor_unidad_servicios`;
CREATE TABLE `proveedor_unidad_servicios`  (
  `id` int NOT NULL AUTO_INCREMENT,
  `servicio_id` int NULL DEFAULT NULL,
  `proveedor_unidad_id` int NULL DEFAULT NULL,
  `activo` tinyint(1) NULL DEFAULT NULL,
  `id_subservicio_id` int NULL DEFAULT NULL,
  `costo` double NULL DEFAULT NULL,
  PRIMARY KEY (`id`) USING BTREE,
  INDEX `IDX_68EBF91E71CAA3E7`(`servicio_id`) USING BTREE,
  INDEX `IDX_68EBF91E2FF8143C`(`proveedor_unidad_id`) USING BTREE,
  INDEX `IDX_68EBF91E32C7D54`(`id_subservicio_id`) USING BTREE,
  CONSTRAINT `FK_68EBF91E2FF8143C` FOREIGN KEY (`proveedor_unidad_id`) REFERENCES `proveedor_unidad` (`id`) ON DELETE RESTRICT ON UPDATE RESTRICT,
  CONSTRAINT `FK_68EBF91E32C7D54` FOREIGN KEY (`id_subservicio_id`) REFERENCES `subservicio` (`id`) ON DELETE RESTRICT ON UPDATE RESTRICT,
  CONSTRAINT `FK_68EBF91E71CAA3E7` FOREIGN KEY (`servicio_id`) REFERENCES `servicios` (`id`) ON DELETE RESTRICT ON UPDATE RESTRICT
) ENGINE = InnoDB AUTO_INCREMENT = 8 CHARACTER SET = utf8mb4 COLLATE = utf8mb4_unicode_ci ROW_FORMAT = DYNAMIC;

-- ----------------------------
-- Table structure for provincias
-- ----------------------------
-- DROP TABLE IF EXISTS `provincias`;
CREATE TABLE `provincias`  (
  `id` int NOT NULL AUTO_INCREMENT,
  `pais_id` int NULL DEFAULT NULL,
  `code` varchar(255) CHARACTER SET utf8mb4 COLLATE utf8mb4_unicode_ci NOT NULL,
  `nombre` varchar(255) CHARACTER SET utf8mb4 COLLATE utf8mb4_unicode_ci NOT NULL,
  `id_pais` int NULL DEFAULT NULL,
  `activo` tinyint(1) NOT NULL,
  PRIMARY KEY (`id`) USING BTREE,
  INDEX `IDX_9F631427C604D5C6`(`pais_id`) USING BTREE,
  CONSTRAINT `FK_9F631427C604D5C6` FOREIGN KEY (`pais_id`) REFERENCES `pais` (`id`) ON DELETE RESTRICT ON UPDATE RESTRICT
) ENGINE = InnoDB AUTO_INCREMENT = 18 CHARACTER SET = utf8mb4 COLLATE = utf8mb4_unicode_ci ROW_FORMAT = DYNAMIC;

-- ----------------------------
-- Table structure for puesto_trabajo
-- ----------------------------
-- DROP TABLE IF EXISTS `puesto_trabajo`;
CREATE TABLE `puesto_trabajo`  (
  `id` int NOT NULL AUTO_INCREMENT,
  `id_almacen_id` int NULL DEFAULT NULL,
  `id_unidad_id` int NOT NULL,
  `nombre_impresora` varchar(255) CHARACTER SET utf8mb4 COLLATE utf8mb4_unicode_ci NOT NULL,
  `puesto_trabajo` varchar(255) CHARACTER SET utf8mb4 COLLATE utf8mb4_unicode_ci NOT NULL,
  `activo` tinyint(1) NOT NULL,
  `caja_registradora` varchar(255) CHARACTER SET utf8mb4 COLLATE utf8mb4_unicode_ci NOT NULL,
  PRIMARY KEY (`id`) USING BTREE,
  INDEX `IDX_DBFAC77639161EBF`(`id_almacen_id`) USING BTREE,
  INDEX `IDX_DBFAC7761D34FA6B`(`id_unidad_id`) USING BTREE,
  CONSTRAINT `FK_DBFAC7761D34FA6B` FOREIGN KEY (`id_unidad_id`) REFERENCES `unidad` (`id`) ON DELETE RESTRICT ON UPDATE RESTRICT,
  CONSTRAINT `FK_DBFAC77639161EBF` FOREIGN KEY (`id_almacen_id`) REFERENCES `almacen` (`id`) ON DELETE RESTRICT ON UPDATE RESTRICT
) ENGINE = InnoDB AUTO_INCREMENT = 4 CHARACTER SET = utf8mb4 COLLATE = utf8mb4_unicode_ci ROW_FORMAT = DYNAMIC;

-- ----------------------------
-- Table structure for rango_escala_dgii
-- ----------------------------
-- DROP TABLE IF EXISTS `rango_escala_dgii`;
CREATE TABLE `rango_escala_dgii`  (
  `id` int NOT NULL AUTO_INCREMENT,
  `anno` int NOT NULL,
  `escala` varchar(255) CHARACTER SET utf8mb4 COLLATE utf8mb4_unicode_ci NOT NULL,
  `por_ciento` double NOT NULL,
  `minimo` double NULL DEFAULT NULL,
  `maximo` double NOT NULL,
  `activo` tinyint(1) NOT NULL,
  `valor_fijo` double NULL DEFAULT NULL,
  PRIMARY KEY (`id`) USING BTREE
) ENGINE = InnoDB AUTO_INCREMENT = 6 CHARACTER SET = utf8mb4 COLLATE = utf8mb4_unicode_ci ROW_FORMAT = DYNAMIC;

-- ----------------------------
-- Table structure for registro_comprobantes
-- ----------------------------
-- DROP TABLE IF EXISTS `registro_comprobantes`;
CREATE TABLE `registro_comprobantes`  (
  `id` int NOT NULL AUTO_INCREMENT,
  `id_unidad_id` int NOT NULL,
  `id_tipo_comprobante_id` int NOT NULL,
  `id_usuario_id` int NOT NULL,
  `id_almacen_id` int NULL DEFAULT NULL,
  `id_instrumento_cobro_id` int NULL DEFAULT NULL,
  `nro_consecutivo` int NOT NULL,
  `fecha` date NOT NULL,
  `descripcion` varchar(255) CHARACTER SET utf8mb4 COLLATE utf8mb4_unicode_ci NOT NULL,
  `debito` double NOT NULL,
  `credito` double NOT NULL,
  `anno` int NOT NULL,
  `tipo` int NULL DEFAULT NULL,
  `documento` varchar(255) CHARACTER SET utf8mb4 COLLATE utf8mb4_unicode_ci NULL DEFAULT NULL,
  PRIMARY KEY (`id`) USING BTREE,
  INDEX `IDX_B2D1B2B21D34FA6B`(`id_unidad_id`) USING BTREE,
  INDEX `IDX_B2D1B2B2EF5F7851`(`id_tipo_comprobante_id`) USING BTREE,
  INDEX `IDX_B2D1B2B27EB2C349`(`id_usuario_id`) USING BTREE,
  INDEX `IDX_B2D1B2B239161EBF`(`id_almacen_id`) USING BTREE,
  INDEX `IDX_B2D1B2B247B60D7E`(`id_instrumento_cobro_id`) USING BTREE,
  CONSTRAINT `FK_B2D1B2B21D34FA6B` FOREIGN KEY (`id_unidad_id`) REFERENCES `unidad` (`id`) ON DELETE RESTRICT ON UPDATE RESTRICT,
  CONSTRAINT `FK_B2D1B2B239161EBF` FOREIGN KEY (`id_almacen_id`) REFERENCES `almacen` (`id`) ON DELETE RESTRICT ON UPDATE RESTRICT,
  CONSTRAINT `FK_B2D1B2B247B60D7E` FOREIGN KEY (`id_instrumento_cobro_id`) REFERENCES `instrumento_cobro` (`id`) ON DELETE RESTRICT ON UPDATE RESTRICT,
  CONSTRAINT `FK_B2D1B2B27EB2C349` FOREIGN KEY (`id_usuario_id`) REFERENCES `user` (`id`) ON DELETE RESTRICT ON UPDATE RESTRICT,
  CONSTRAINT `FK_B2D1B2B2EF5F7851` FOREIGN KEY (`id_tipo_comprobante_id`) REFERENCES `tipo_comprobante` (`id`) ON DELETE RESTRICT ON UPDATE RESTRICT
) ENGINE = InnoDB AUTO_INCREMENT = 22 CHARACTER SET = utf8mb4 COLLATE = utf8mb4_unicode_ci ROW_FORMAT = DYNAMIC;

-- ----------------------------
-- Table structure for reglas_remesas
-- ----------------------------
-- DROP TABLE IF EXISTS `reglas_remesas`;
CREATE TABLE `reglas_remesas`  (
  `id` int NOT NULL AUTO_INCREMENT,
  `id_moneda_pais` varchar(255) CHARACTER SET utf8mb4 COLLATE utf8mb4_unicode_ci NOT NULL,
  `desde` varchar(255) CHARACTER SET utf8mb4 COLLATE utf8mb4_unicode_ci NOT NULL,
  `hasta` varchar(255) CHARACTER SET utf8mb4 COLLATE utf8mb4_unicode_ci NOT NULL,
  `tarifa` varchar(255) CHARACTER SET utf8mb4 COLLATE utf8mb4_unicode_ci NOT NULL,
  `valor` varchar(255) CHARACTER SET utf8mb4 COLLATE utf8mb4_unicode_ci NOT NULL,
  `estado` varchar(255) CHARACTER SET utf8mb4 COLLATE utf8mb4_unicode_ci NOT NULL,
  PRIMARY KEY (`id`) USING BTREE
) ENGINE = InnoDB AUTO_INCREMENT = 1 CHARACTER SET = utf8mb4 COLLATE = utf8mb4_unicode_ci ROW_FORMAT = DYNAMIC;

-- ----------------------------
-- Table structure for rent_entrega
-- ----------------------------
-- DROP TABLE IF EXISTS `rent_entrega`;
CREATE TABLE `rent_entrega`  (
  `id` int NOT NULL AUTO_INCREMENT,
  `nombre` varchar(255) CHARACTER SET utf8mb4 COLLATE utf8mb4_unicode_ci NOT NULL,
  PRIMARY KEY (`id`) USING BTREE
) ENGINE = InnoDB AUTO_INCREMENT = 1 CHARACTER SET = utf8mb4 COLLATE = utf8mb4_unicode_ci ROW_FORMAT = DYNAMIC;

-- ----------------------------
-- Table structure for rent_recogida
-- ----------------------------
-- DROP TABLE IF EXISTS `rent_recogida`;
CREATE TABLE `rent_recogida`  (
  `id` int NOT NULL AUTO_INCREMENT,
  `nombre` varchar(255) CHARACTER SET utf8mb4 COLLATE utf8mb4_unicode_ci NOT NULL,
  PRIMARY KEY (`id`) USING BTREE
) ENGINE = InnoDB AUTO_INCREMENT = 1 CHARACTER SET = utf8mb4 COLLATE = utf8mb4_unicode_ci ROW_FORMAT = DYNAMIC;

-- ----------------------------
-- Table structure for reporte_efectivo
-- ----------------------------
-- DROP TABLE IF EXISTS `reporte_efectivo`;
CREATE TABLE `reporte_efectivo`  (
  `id` int NOT NULL AUTO_INCREMENT,
  `fecha` datetime NOT NULL,
  `empleado` varchar(255) CHARACTER SET utf8mb4 COLLATE utf8mb4_unicode_ci NOT NULL,
  `monto` varchar(255) CHARACTER SET utf8mb4 COLLATE utf8mb4_unicode_ci NOT NULL,
  `cambio` varchar(255) CHARACTER SET utf8mb4 COLLATE utf8mb4_unicode_ci NULL DEFAULT NULL,
  `id_cotizacion` varchar(255) CHARACTER SET utf8mb4 COLLATE utf8mb4_unicode_ci NULL DEFAULT NULL,
  `moneda` varchar(255) CHARACTER SET utf8mb4 COLLATE utf8mb4_unicode_ci NOT NULL,
  PRIMARY KEY (`id`) USING BTREE
) ENGINE = InnoDB AUTO_INCREMENT = 1 CHARACTER SET = utf8mb4 COLLATE = utf8mb4_unicode_ci ROW_FORMAT = DYNAMIC;

-- ----------------------------
-- Table structure for saldo_cuentas
-- ----------------------------
-- DROP TABLE IF EXISTS `saldo_cuentas`;
CREATE TABLE `saldo_cuentas`  (
  `id` int NOT NULL AUTO_INCREMENT,
  `id_cuenta_id` int NOT NULL,
  `id_subcuenta_id` int NOT NULL,
  `id_centro_costo_id` int NULL DEFAULT NULL,
  `id_elemento_gasto_id` int NULL DEFAULT NULL,
  `id_almacen_id` int NULL DEFAULT NULL,
  `id_unidad_id` int NOT NULL,
  `id_proveedor_id` int NULL DEFAULT NULL,
  `id_expediente_id` int NULL DEFAULT NULL,
  `id_orden_trabajo_id` int NULL DEFAULT NULL,
  `mes` int NOT NULL,
  `anno` int NOT NULL,
  `saldo` double NOT NULL,
  `tipo_cliente` int NULL DEFAULT NULL,
  `id_cliente` int NULL DEFAULT NULL,
  PRIMARY KEY (`id`) USING BTREE,
  INDEX `IDX_BB2B71AE1ADA4D3F`(`id_cuenta_id`) USING BTREE,
  INDEX `IDX_BB2B71AE2D412F53`(`id_subcuenta_id`) USING BTREE,
  INDEX `IDX_BB2B71AEC59B01FF`(`id_centro_costo_id`) USING BTREE,
  INDEX `IDX_BB2B71AEF66372E9`(`id_elemento_gasto_id`) USING BTREE,
  INDEX `IDX_BB2B71AE39161EBF`(`id_almacen_id`) USING BTREE,
  INDEX `IDX_BB2B71AE1D34FA6B`(`id_unidad_id`) USING BTREE,
  INDEX `IDX_BB2B71AEE8F12801`(`id_proveedor_id`) USING BTREE,
  INDEX `IDX_BB2B71AEF5DBAF2B`(`id_expediente_id`) USING BTREE,
  INDEX `IDX_BB2B71AE71381BB3`(`id_orden_trabajo_id`) USING BTREE,
  CONSTRAINT `FK_BB2B71AE1ADA4D3F` FOREIGN KEY (`id_cuenta_id`) REFERENCES `cuenta` (`id`) ON DELETE RESTRICT ON UPDATE RESTRICT,
  CONSTRAINT `FK_BB2B71AE1D34FA6B` FOREIGN KEY (`id_unidad_id`) REFERENCES `unidad` (`id`) ON DELETE RESTRICT ON UPDATE RESTRICT,
  CONSTRAINT `FK_BB2B71AE2D412F53` FOREIGN KEY (`id_subcuenta_id`) REFERENCES `subcuenta` (`id`) ON DELETE RESTRICT ON UPDATE RESTRICT,
  CONSTRAINT `FK_BB2B71AE39161EBF` FOREIGN KEY (`id_almacen_id`) REFERENCES `almacen` (`id`) ON DELETE RESTRICT ON UPDATE RESTRICT,
  CONSTRAINT `FK_BB2B71AE71381BB3` FOREIGN KEY (`id_orden_trabajo_id`) REFERENCES `orden_trabajo` (`id`) ON DELETE RESTRICT ON UPDATE RESTRICT,
  CONSTRAINT `FK_BB2B71AEC59B01FF` FOREIGN KEY (`id_centro_costo_id`) REFERENCES `centro_costo` (`id`) ON DELETE RESTRICT ON UPDATE RESTRICT,
  CONSTRAINT `FK_BB2B71AEE8F12801` FOREIGN KEY (`id_proveedor_id`) REFERENCES `proveedor` (`id`) ON DELETE RESTRICT ON UPDATE RESTRICT,
  CONSTRAINT `FK_BB2B71AEF5DBAF2B` FOREIGN KEY (`id_expediente_id`) REFERENCES `expediente` (`id`) ON DELETE RESTRICT ON UPDATE RESTRICT,
  CONSTRAINT `FK_BB2B71AEF66372E9` FOREIGN KEY (`id_elemento_gasto_id`) REFERENCES `elemento_gasto` (`id`) ON DELETE RESTRICT ON UPDATE RESTRICT
) ENGINE = InnoDB AUTO_INCREMENT = 1 CHARACTER SET = utf8mb4 COLLATE = utf8mb4_unicode_ci ROW_FORMAT = DYNAMIC;

-- ----------------------------
-- Table structure for servicios
-- ----------------------------
-- DROP TABLE IF EXISTS `servicios`;
CREATE TABLE `servicios`  (
  `id` int NOT NULL,
  `nombre` varchar(255) CHARACTER SET utf8mb4 COLLATE utf8mb4_unicode_ci NOT NULL,
  `codigo` varchar(255) CHARACTER SET utf8mb4 COLLATE utf8mb4_unicode_ci NOT NULL,
  `abreviatura` varchar(20) CHARACTER SET utf8mb4 COLLATE utf8mb4_unicode_ci NULL DEFAULT NULL,
  `activo` tinyint(1) NULL DEFAULT NULL,
  PRIMARY KEY (`id`) USING BTREE
) ENGINE = InnoDB CHARACTER SET = utf8mb4 COLLATE = utf8mb4_unicode_ci ROW_FORMAT = DYNAMIC;

-- ----------------------------
-- Table structure for solicitud
-- ----------------------------
-- DROP TABLE IF EXISTS `solicitud`;
CREATE TABLE `solicitud`  (
  `id` int NOT NULL AUTO_INCREMENT,
  `id_unidad_id` int NULL DEFAULT NULL,
  `nombre` varchar(255) CHARACTER SET utf8mb4 COLLATE utf8mb4_unicode_ci NOT NULL,
  `primer_apellido` varchar(255) CHARACTER SET utf8mb4 COLLATE utf8mb4_unicode_ci NOT NULL,
  `segundo_apellido` varchar(255) CHARACTER SET utf8mb4 COLLATE utf8mb4_unicode_ci NOT NULL,
  `telefono_fijo` varchar(255) CHARACTER SET utf8mb4 COLLATE utf8mb4_unicode_ci NULL DEFAULT NULL,
  `telefono_celular` varchar(255) CHARACTER SET utf8mb4 COLLATE utf8mb4_unicode_ci NULL DEFAULT NULL,
  PRIMARY KEY (`id`) USING BTREE,
  INDEX `IDX_96D27CC01D34FA6B`(`id_unidad_id`) USING BTREE,
  CONSTRAINT `FK_96D27CC01D34FA6B` FOREIGN KEY (`id_unidad_id`) REFERENCES `unidad` (`id`) ON DELETE RESTRICT ON UPDATE RESTRICT
) ENGINE = InnoDB AUTO_INCREMENT = 1 CHARACTER SET = utf8mb4 COLLATE = utf8mb4_unicode_ci ROW_FORMAT = DYNAMIC;

-- ----------------------------
-- Table structure for solicitud_turismo
-- ----------------------------
-- DROP TABLE IF EXISTS `solicitud_turismo`;
CREATE TABLE `solicitud_turismo`  (
  `id` int NOT NULL AUTO_INCREMENT,
  `vuelo_cantidad_adultos` varchar(255) CHARACTER SET utf8mb4 COLLATE utf8mb4_unicode_ci NULL DEFAULT NULL,
  `vuelo_cantidad_ninos` varchar(255) CHARACTER SET utf8mb4 COLLATE utf8mb4_unicode_ci NULL DEFAULT NULL,
  `vuelo_origen` varchar(255) CHARACTER SET utf8mb4 COLLATE utf8mb4_unicode_ci NULL DEFAULT NULL,
  `vuelo_destino` varchar(255) CHARACTER SET utf8mb4 COLLATE utf8mb4_unicode_ci NULL DEFAULT NULL,
  `vuelo_ida` varchar(255) CHARACTER SET utf8mb4 COLLATE utf8mb4_unicode_ci NULL DEFAULT NULL,
  `vuelo_vuelta` varchar(255) CHARACTER SET utf8mb4 COLLATE utf8mb4_unicode_ci NULL DEFAULT NULL,
  `vuelo_comentario` varchar(255) CHARACTER SET utf8mb4 COLLATE utf8mb4_unicode_ci NULL DEFAULT NULL,
  `hotel_destino` varchar(255) CHARACTER SET utf8mb4 COLLATE utf8mb4_unicode_ci NULL DEFAULT NULL,
  `hotel_nombre` varchar(255) CHARACTER SET utf8mb4 COLLATE utf8mb4_unicode_ci NULL DEFAULT NULL,
  `hotel_categoria` varchar(255) CHARACTER SET utf8mb4 COLLATE utf8mb4_unicode_ci NULL DEFAULT NULL,
  `hotel_plan` varchar(255) CHARACTER SET utf8mb4 COLLATE utf8mb4_unicode_ci NULL DEFAULT NULL,
  `hotel_comentario` varchar(255) CHARACTER SET utf8mb4 COLLATE utf8mb4_unicode_ci NULL DEFAULT NULL,
  `tranfer_llegada` varchar(255) CHARACTER SET utf8mb4 COLLATE utf8mb4_unicode_ci NULL DEFAULT NULL,
  `tramfer_salida` varchar(255) CHARACTER SET utf8mb4 COLLATE utf8mb4_unicode_ci NULL DEFAULT NULL,
  `tramfer_lugar` varchar(255) CHARACTER SET utf8mb4 COLLATE utf8mb4_unicode_ci NULL DEFAULT NULL,
  `tramfer_destino` varchar(255) CHARACTER SET utf8mb4 COLLATE utf8mb4_unicode_ci NULL DEFAULT NULL,
  `tramfer_vehiculo` varchar(255) CHARACTER SET utf8mb4 COLLATE utf8mb4_unicode_ci NULL DEFAULT NULL,
  `tramfer_comentario` varchar(255) CHARACTER SET utf8mb4 COLLATE utf8mb4_unicode_ci NULL DEFAULT NULL,
  `tour_nombre` varchar(255) CHARACTER SET utf8mb4 COLLATE utf8mb4_unicode_ci NULL DEFAULT NULL,
  `tour_fecha` varchar(255) CHARACTER SET utf8mb4 COLLATE utf8mb4_unicode_ci NULL DEFAULT NULL,
  `tour_comentario` varchar(255) CHARACTER SET utf8mb4 COLLATE utf8mb4_unicode_ci NULL DEFAULT NULL,
  `rent_tipo_vehiculo` varchar(255) CHARACTER SET utf8mb4 COLLATE utf8mb4_unicode_ci NULL DEFAULT NULL,
  `rent_lugar_recogida` varchar(255) CHARACTER SET utf8mb4 COLLATE utf8mb4_unicode_ci NULL DEFAULT NULL,
  `rent_lugar_entrega` varchar(255) CHARACTER SET utf8mb4 COLLATE utf8mb4_unicode_ci NULL DEFAULT NULL,
  `rent_comentario` varchar(255) CHARACTER SET utf8mb4 COLLATE utf8mb4_unicode_ci NULL DEFAULT NULL,
  `rent_fecha_desde` varchar(255) CHARACTER SET utf8mb4 COLLATE utf8mb4_unicode_ci NULL DEFAULT NULL,
  `hotel_desde` varchar(255) CHARACTER SET utf8mb4 COLLATE utf8mb4_unicode_ci NULL DEFAULT NULL,
  `hotel_hasta` varchar(255) CHARACTER SET utf8mb4 COLLATE utf8mb4_unicode_ci NULL DEFAULT NULL,
  `rent_fecha_hasta` varchar(255) CHARACTER SET utf8mb4 COLLATE utf8mb4_unicode_ci NULL DEFAULT NULL,
  `empleado` varchar(255) CHARACTER SET utf8mb4 COLLATE utf8mb4_unicode_ci NULL DEFAULT NULL,
  `id_cliente` varchar(255) CHARACTER SET utf8mb4 COLLATE utf8mb4_unicode_ci NULL DEFAULT NULL,
  `fecha_solicitud` datetime NULL DEFAULT NULL,
  `stado` varchar(255) CHARACTER SET utf8mb4 COLLATE utf8mb4_unicode_ci NULL DEFAULT NULL,
  `nombre_cliente` varchar(255) CHARACTER SET utf8mb4 COLLATE utf8mb4_unicode_ci NULL DEFAULT NULL,
  `hotel_adultos` varchar(255) CHARACTER SET utf8mb4 COLLATE utf8mb4_unicode_ci NULL DEFAULT NULL,
  `hotel_ninos` varchar(255) CHARACTER SET utf8mb4 COLLATE utf8mb4_unicode_ci NULL DEFAULT NULL,
  `tramfer_adultos` varchar(255) CHARACTER SET utf8mb4 COLLATE utf8mb4_unicode_ci NULL DEFAULT NULL,
  `tramfer_ninos` varchar(255) CHARACTER SET utf8mb4 COLLATE utf8mb4_unicode_ci NULL DEFAULT NULL,
  `tramfer_ida_vuelta` varchar(255) CHARACTER SET utf8mb4 COLLATE utf8mb4_unicode_ci NULL DEFAULT NULL,
  `tour_ninos` varchar(255) CHARACTER SET utf8mb4 COLLATE utf8mb4_unicode_ci NULL DEFAULT NULL,
  `tour_adultos` varchar(255) CHARACTER SET utf8mb4 COLLATE utf8mb4_unicode_ci NULL DEFAULT NULL,
  `rent_cantidad_personas` varchar(255) CHARACTER SET utf8mb4 COLLATE utf8mb4_unicode_ci NULL DEFAULT NULL,
  `empleado_status` varchar(255) CHARACTER SET utf8mb4 COLLATE utf8mb4_unicode_ci NULL DEFAULT NULL,
  `urgente` varchar(255) CHARACTER SET utf8mb4 COLLATE utf8mb4_unicode_ci NULL DEFAULT NULL,
  PRIMARY KEY (`id`) USING BTREE
) ENGINE = InnoDB AUTO_INCREMENT = 1 CHARACTER SET = utf8mb4 COLLATE = utf8mb4_unicode_ci ROW_FORMAT = DYNAMIC;

-- ----------------------------
-- Table structure for solicitud_turismo_comentario
-- ----------------------------
-- DROP TABLE IF EXISTS `solicitud_turismo_comentario`;
CREATE TABLE `solicitud_turismo_comentario`  (
  `id` int NOT NULL AUTO_INCREMENT,
  `id_solicitud_turismo` varchar(255) CHARACTER SET utf8mb4 COLLATE utf8mb4_unicode_ci NOT NULL,
  `fecha` datetime NOT NULL,
  `comentario` varchar(255) CHARACTER SET utf8mb4 COLLATE utf8mb4_unicode_ci NOT NULL,
  `empleado` varchar(255) CHARACTER SET utf8mb4 COLLATE utf8mb4_unicode_ci NOT NULL,
  PRIMARY KEY (`id`) USING BTREE
) ENGINE = InnoDB AUTO_INCREMENT = 1 CHARACTER SET = utf8mb4 COLLATE = utf8mb4_unicode_ci ROW_FORMAT = DYNAMIC;

-- ----------------------------
-- Table structure for stripe_factura
-- ----------------------------
-- DROP TABLE IF EXISTS `stripe_factura`;
CREATE TABLE `stripe_factura`  (
  `id` int NOT NULL AUTO_INCREMENT,
  `auth` varchar(255) CHARACTER SET utf8mb4 COLLATE utf8mb4_unicode_ci NOT NULL,
  `estatus` varchar(255) CHARACTER SET utf8mb4 COLLATE utf8mb4_unicode_ci NOT NULL,
  `cliente_id` varchar(255) CHARACTER SET utf8mb4 COLLATE utf8mb4_unicode_ci NOT NULL,
  `id_empleado` varchar(255) CHARACTER SET utf8mb4 COLLATE utf8mb4_unicode_ci NOT NULL,
  `monto` varchar(255) CHARACTER SET utf8mb4 COLLATE utf8mb4_unicode_ci NOT NULL,
  `fecha` datetime NOT NULL,
  PRIMARY KEY (`id`) USING BTREE
) ENGINE = InnoDB AUTO_INCREMENT = 1 CHARACTER SET = utf8mb4 COLLATE = utf8mb4_unicode_ci ROW_FORMAT = DYNAMIC;

-- ----------------------------
-- Table structure for subcuenta
-- ----------------------------
-- DROP TABLE IF EXISTS `subcuenta`;
CREATE TABLE `subcuenta`  (
  `id` int NOT NULL AUTO_INCREMENT,
  `id_cuenta_id` int NOT NULL,
  `nro_subcuenta` varchar(255) CHARACTER SET utf8mb4 COLLATE utf8mb4_unicode_ci NOT NULL,
  `elemento_gasto` tinyint(1) NOT NULL,
  `descripcion` varchar(255) CHARACTER SET utf8mb4 COLLATE utf8mb4_unicode_ci NOT NULL,
  `deudora` tinyint(1) NOT NULL,
  `activo` tinyint(1) NOT NULL,
  PRIMARY KEY (`id`) USING BTREE,
  INDEX `IDX_57BB37EA1ADA4D3F`(`id_cuenta_id`) USING BTREE,
  CONSTRAINT `FK_57BB37EA1ADA4D3F` FOREIGN KEY (`id_cuenta_id`) REFERENCES `cuenta` (`id`) ON DELETE RESTRICT ON UPDATE RESTRICT
) ENGINE = InnoDB AUTO_INCREMENT = 169 CHARACTER SET = utf8mb4 COLLATE = utf8mb4_unicode_ci ROW_FORMAT = DYNAMIC;

-- ----------------------------
-- Table structure for subcuenta_criterio_analisis
-- ----------------------------
-- DROP TABLE IF EXISTS `subcuenta_criterio_analisis`;
CREATE TABLE `subcuenta_criterio_analisis`  (
  `id` int NOT NULL AUTO_INCREMENT,
  `id_subcuenta_id` int NOT NULL,
  `id_criterio_analisis_id` int NOT NULL,
  PRIMARY KEY (`id`) USING BTREE,
  INDEX `IDX_52A4A7682D412F53`(`id_subcuenta_id`) USING BTREE,
  INDEX `IDX_52A4A7685ABBE5F6`(`id_criterio_analisis_id`) USING BTREE,
  CONSTRAINT `FK_52A4A7682D412F53` FOREIGN KEY (`id_subcuenta_id`) REFERENCES `subcuenta` (`id`) ON DELETE RESTRICT ON UPDATE RESTRICT,
  CONSTRAINT `FK_52A4A7685ABBE5F6` FOREIGN KEY (`id_criterio_analisis_id`) REFERENCES `criterio_analisis` (`id`) ON DELETE RESTRICT ON UPDATE RESTRICT
) ENGINE = InnoDB AUTO_INCREMENT = 103 CHARACTER SET = utf8mb4 COLLATE = utf8mb4_unicode_ci ROW_FORMAT = DYNAMIC;

-- ----------------------------
-- Table structure for subcuenta_proveedor
-- ----------------------------
-- DROP TABLE IF EXISTS `subcuenta_proveedor`;
CREATE TABLE `subcuenta_proveedor`  (
  `id` int NOT NULL AUTO_INCREMENT,
  `id_subcuenta_id` int NOT NULL,
  `id_proveedor_id` int NOT NULL,
  PRIMARY KEY (`id`) USING BTREE,
  INDEX `IDX_5C22E4B82D412F53`(`id_subcuenta_id`) USING BTREE,
  INDEX `IDX_5C22E4B8E8F12801`(`id_proveedor_id`) USING BTREE,
  CONSTRAINT `FK_5C22E4B82D412F53` FOREIGN KEY (`id_subcuenta_id`) REFERENCES `subcuenta` (`id`) ON DELETE RESTRICT ON UPDATE RESTRICT,
  CONSTRAINT `FK_5C22E4B8E8F12801` FOREIGN KEY (`id_proveedor_id`) REFERENCES `proveedor` (`id`) ON DELETE RESTRICT ON UPDATE RESTRICT
) ENGINE = InnoDB AUTO_INCREMENT = 4 CHARACTER SET = utf8mb4 COLLATE = utf8mb4_unicode_ci ROW_FORMAT = DYNAMIC;

-- ----------------------------
-- Table structure for subservicio
-- ----------------------------
-- DROP TABLE IF EXISTS `subservicio`;
CREATE TABLE `subservicio`  (
  `id` int NOT NULL AUTO_INCREMENT,
  `id_servicio_id` int NOT NULL,
  `descripcion` varchar(255) CHARACTER SET utf8mb4 COLLATE utf8mb4_unicode_ci NOT NULL,
  `activo` tinyint(1) NOT NULL,
  PRIMARY KEY (`id`) USING BTREE,
  INDEX `IDX_C0164FA369D86E10`(`id_servicio_id`) USING BTREE,
  CONSTRAINT `FK_C0164FA369D86E10` FOREIGN KEY (`id_servicio_id`) REFERENCES `servicios` (`id`) ON DELETE RESTRICT ON UPDATE RESTRICT
) ENGINE = InnoDB AUTO_INCREMENT = 7 CHARACTER SET = utf8mb4 COLLATE = utf8mb4_unicode_ci ROW_FORMAT = DYNAMIC;

-- ----------------------------
-- Table structure for tasa_cambio
-- ----------------------------
-- DROP TABLE IF EXISTS `tasa_cambio`;
CREATE TABLE `tasa_cambio`  (
  `id` int NOT NULL AUTO_INCREMENT,
  `id_moneda_origen_id` int NOT NULL,
  `id_moneda_destino_id` int NOT NULL,
  `anno` int NOT NULL,
  `mes` int NOT NULL,
  `valor` double NOT NULL,
  `activo` tinyint(1) NOT NULL,
  PRIMARY KEY (`id`) USING BTREE,
  INDEX `IDX_DAB48606FA5CADE9`(`id_moneda_origen_id`) USING BTREE,
  INDEX `IDX_DAB48606D85CECF7`(`id_moneda_destino_id`) USING BTREE,
  CONSTRAINT `FK_DAB48606D85CECF7` FOREIGN KEY (`id_moneda_destino_id`) REFERENCES `moneda` (`id`) ON DELETE RESTRICT ON UPDATE RESTRICT,
  CONSTRAINT `FK_DAB48606FA5CADE9` FOREIGN KEY (`id_moneda_origen_id`) REFERENCES `moneda` (`id`) ON DELETE RESTRICT ON UPDATE RESTRICT
) ENGINE = InnoDB AUTO_INCREMENT = 3 CHARACTER SET = utf8mb4 COLLATE = utf8mb4_unicode_ci ROW_FORMAT = DYNAMIC;

-- ----------------------------
-- Table structure for tasa_de_cambio
-- ----------------------------
-- DROP TABLE IF EXISTS `tasa_de_cambio`;
CREATE TABLE `tasa_de_cambio`  (
  `id` int NOT NULL AUTO_INCREMENT,
  `id_moneda` varchar(255) CHARACTER SET utf8mb4 COLLATE utf8mb4_unicode_ci NOT NULL,
  `tasa` varchar(255) CHARACTER SET utf8mb4 COLLATE utf8mb4_unicode_ci NULL DEFAULT NULL,
  `tasa_sugerida` varchar(255) CHARACTER SET utf8mb4 COLLATE utf8mb4_unicode_ci NULL DEFAULT NULL,
  PRIMARY KEY (`id`) USING BTREE
) ENGINE = InnoDB AUTO_INCREMENT = 1 CHARACTER SET = utf8mb4 COLLATE = utf8mb4_unicode_ci ROW_FORMAT = DYNAMIC;

-- ----------------------------
-- Table structure for termino_pago
-- ----------------------------
-- DROP TABLE IF EXISTS `termino_pago`;
CREATE TABLE `termino_pago`  (
  `id` int NOT NULL,
  `nombre` varchar(255) CHARACTER SET utf8mb4 COLLATE utf8mb4_unicode_ci NOT NULL,
  PRIMARY KEY (`id`) USING BTREE
) ENGINE = InnoDB CHARACTER SET = utf8mb4 COLLATE = utf8mb4_unicode_ci ROW_FORMAT = DYNAMIC;

-- ----------------------------
-- Table structure for tipo_comprobante
-- ----------------------------
-- DROP TABLE IF EXISTS `tipo_comprobante`;
CREATE TABLE `tipo_comprobante`  (
  `id` int NOT NULL,
  `descripcion` varchar(255) CHARACTER SET utf8mb4 COLLATE utf8mb4_unicode_ci NOT NULL,
  `activo` tinyint(1) NOT NULL,
  `abreviatura` varchar(255) CHARACTER SET utf8mb4 COLLATE utf8mb4_unicode_ci NOT NULL,
  PRIMARY KEY (`id`) USING BTREE
) ENGINE = InnoDB CHARACTER SET = utf8mb4 COLLATE = utf8mb4_unicode_ci ROW_FORMAT = DYNAMIC;

-- ----------------------------
-- Table structure for tipo_cuenta
-- ----------------------------
-- DROP TABLE IF EXISTS `tipo_cuenta`;
CREATE TABLE `tipo_cuenta`  (
  `id` int NOT NULL AUTO_INCREMENT,
  `nombre` varchar(255) CHARACTER SET utf8mb4 COLLATE utf8mb4_unicode_ci NOT NULL,
  `activo` tinyint(1) NOT NULL,
  PRIMARY KEY (`id`) USING BTREE
) ENGINE = InnoDB AUTO_INCREMENT = 16 CHARACTER SET = utf8mb4 COLLATE = utf8mb4_unicode_ci ROW_FORMAT = DYNAMIC;

-- ----------------------------
-- Table structure for tipo_documento
-- ----------------------------
-- DROP TABLE IF EXISTS `tipo_documento`;
CREATE TABLE `tipo_documento`  (
  `id` int NOT NULL,
  `nombre` varchar(255) CHARACTER SET utf8mb4 COLLATE utf8mb4_unicode_ci NOT NULL,
  `activo` tinyint(1) NOT NULL,
  PRIMARY KEY (`id`) USING BTREE
) ENGINE = InnoDB CHARACTER SET = utf8mb4 COLLATE = utf8mb4_unicode_ci ROW_FORMAT = DYNAMIC;

-- ----------------------------
-- Table structure for tipo_documento_activo_fijo
-- ----------------------------
-- DROP TABLE IF EXISTS `tipo_documento_activo_fijo`;
CREATE TABLE `tipo_documento_activo_fijo`  (
  `id` int NOT NULL AUTO_INCREMENT,
  `descripcion` varchar(255) CHARACTER SET utf8mb4 COLLATE utf8mb4_unicode_ci NOT NULL,
  `activo` tinyint(1) NOT NULL,
  PRIMARY KEY (`id`) USING BTREE
) ENGINE = InnoDB AUTO_INCREMENT = 1 CHARACTER SET = utf8mb4 COLLATE = utf8mb4_unicode_ci ROW_FORMAT = DYNAMIC;

-- ----------------------------
-- Table structure for tipo_movimiento
-- ----------------------------
-- DROP TABLE IF EXISTS `tipo_movimiento`;
CREATE TABLE `tipo_movimiento`  (
  `id` int NOT NULL,
  `descripcion` varchar(255) CHARACTER SET utf8mb4 COLLATE utf8mb4_unicode_ci NOT NULL,
  `activo` tinyint(1) NOT NULL,
  `codigo` varchar(255) CHARACTER SET utf8mb4 COLLATE utf8mb4_unicode_ci NOT NULL,
  PRIMARY KEY (`id`) USING BTREE
) ENGINE = InnoDB CHARACTER SET = utf8mb4 COLLATE = utf8mb4_unicode_ci ROW_FORMAT = DYNAMIC;

-- ----------------------------
-- Table structure for tipo_traslado
-- ----------------------------
-- DROP TABLE IF EXISTS `tipo_traslado`;
CREATE TABLE `tipo_traslado`  (
  `id` int NOT NULL AUTO_INCREMENT,
  `nombre` varchar(255) CHARACTER SET utf8mb4 COLLATE utf8mb4_unicode_ci NOT NULL,
  `activo` tinyint(1) NOT NULL,
  PRIMARY KEY (`id`) USING BTREE
) ENGINE = InnoDB AUTO_INCREMENT = 3 CHARACTER SET = utf8mb4 COLLATE = utf8mb4_unicode_ci ROW_FORMAT = DYNAMIC;

-- ----------------------------
-- Table structure for tipo_vehiculo
-- ----------------------------
-- DROP TABLE IF EXISTS `tipo_vehiculo`;
CREATE TABLE `tipo_vehiculo`  (
  `id` int NOT NULL AUTO_INCREMENT,
  `nombre` varchar(255) CHARACTER SET utf8mb4 COLLATE utf8mb4_unicode_ci NOT NULL,
  `cantidad_ini_persona` int NOT NULL,
  `cantidad_fin_persona` int NOT NULL,
  `activo` tinyint(1) NOT NULL,
  `picture` varchar(255) CHARACTER SET utf8mb4 COLLATE utf8mb4_unicode_ci NOT NULL,
  PRIMARY KEY (`id`) USING BTREE
) ENGINE = InnoDB AUTO_INCREMENT = 4 CHARACTER SET = utf8mb4 COLLATE = utf8mb4_unicode_ci ROW_FORMAT = DYNAMIC;

-- ----------------------------
-- Table structure for tour_nombre
-- ----------------------------
-- DROP TABLE IF EXISTS `tour_nombre`;
CREATE TABLE `tour_nombre`  (
  `id` int NOT NULL AUTO_INCREMENT,
  `nombre` varchar(255) CHARACTER SET utf8mb4 COLLATE utf8mb4_unicode_ci NOT NULL,
  PRIMARY KEY (`id`) USING BTREE
) ENGINE = InnoDB AUTO_INCREMENT = 1 CHARACTER SET = utf8mb4 COLLATE = utf8mb4_unicode_ci ROW_FORMAT = DYNAMIC;

-- ----------------------------
-- Table structure for tramo
-- ----------------------------
-- DROP TABLE IF EXISTS `tramo`;
CREATE TABLE `tramo`  (
  `id` int NOT NULL AUTO_INCREMENT,
  `proveedor` int NOT NULL,
  `origen` int NOT NULL,
  `destino` int NOT NULL,
  `ida_vuelta` tinyint(1) NOT NULL,
  `vehiculo` int NOT NULL,
  `precio` double NOT NULL,
  `activo` tinyint(1) NOT NULL,
  `traslado` int NOT NULL,
  PRIMARY KEY (`id`) USING BTREE
) ENGINE = InnoDB AUTO_INCREMENT = 1 CHARACTER SET = utf8mb4 COLLATE = utf8mb4_unicode_ci ROW_FORMAT = DYNAMIC;

-- ----------------------------
-- Table structure for transfer_destino
-- ----------------------------
-- DROP TABLE IF EXISTS `transfer_destino`;
CREATE TABLE `transfer_destino`  (
  `id` int NOT NULL AUTO_INCREMENT,
  `nombre` varchar(255) CHARACTER SET utf8mb4 COLLATE utf8mb4_unicode_ci NOT NULL,
  PRIMARY KEY (`id`) USING BTREE
) ENGINE = InnoDB AUTO_INCREMENT = 1 CHARACTER SET = utf8mb4 COLLATE = utf8mb4_unicode_ci ROW_FORMAT = DYNAMIC;

-- ----------------------------
-- Table structure for transfer_origen
-- ----------------------------
-- DROP TABLE IF EXISTS `transfer_origen`;
CREATE TABLE `transfer_origen`  (
  `id` int NOT NULL AUTO_INCREMENT,
  `nombre` varchar(255) CHARACTER SET utf8mb4 COLLATE utf8mb4_unicode_ci NOT NULL,
  PRIMARY KEY (`id`) USING BTREE
) ENGINE = InnoDB AUTO_INCREMENT = 1 CHARACTER SET = utf8mb4 COLLATE = utf8mb4_unicode_ci ROW_FORMAT = DYNAMIC;

-- ----------------------------
-- Table structure for transferencia
-- ----------------------------
-- DROP TABLE IF EXISTS `transferencia`;
CREATE TABLE `transferencia`  (
  `id` int NOT NULL AUTO_INCREMENT,
  `id_documento_id` int NOT NULL,
  `id_unidad_id` int NULL DEFAULT NULL,
  `id_almacen_id` int NULL DEFAULT NULL,
  `nro_cuenta_inventario` varchar(255) CHARACTER SET utf8mb4 COLLATE utf8mb4_unicode_ci NOT NULL,
  `nro_subcuenta_inventario` varchar(255) CHARACTER SET utf8mb4 COLLATE utf8mb4_unicode_ci NOT NULL,
  `nro_cuenta_acreedora` varchar(255) CHARACTER SET utf8mb4 COLLATE utf8mb4_unicode_ci NOT NULL,
  `nro_subcuenta_acreedora` varchar(255) CHARACTER SET utf8mb4 COLLATE utf8mb4_unicode_ci NOT NULL,
  `nro_concecutivo` varchar(255) CHARACTER SET utf8mb4 COLLATE utf8mb4_unicode_ci NOT NULL,
  `anno` int NOT NULL,
  `activo` tinyint(1) NOT NULL,
  `entrada` tinyint(1) NOT NULL,
  PRIMARY KEY (`id`) USING BTREE,
  INDEX `IDX_EDC227306601BA07`(`id_documento_id`) USING BTREE,
  INDEX `IDX_EDC227301D34FA6B`(`id_unidad_id`) USING BTREE,
  INDEX `IDX_EDC2273039161EBF`(`id_almacen_id`) USING BTREE,
  CONSTRAINT `FK_EDC227301D34FA6B` FOREIGN KEY (`id_unidad_id`) REFERENCES `unidad` (`id`) ON DELETE RESTRICT ON UPDATE RESTRICT,
  CONSTRAINT `FK_EDC2273039161EBF` FOREIGN KEY (`id_almacen_id`) REFERENCES `almacen` (`id`) ON DELETE RESTRICT ON UPDATE RESTRICT,
  CONSTRAINT `FK_EDC227306601BA07` FOREIGN KEY (`id_documento_id`) REFERENCES `documento` (`id`) ON DELETE RESTRICT ON UPDATE RESTRICT
) ENGINE = InnoDB AUTO_INCREMENT = 4 CHARACTER SET = utf8mb4 COLLATE = utf8mb4_unicode_ci ROW_FORMAT = DYNAMIC;

-- ----------------------------
-- Table structure for trasacciones
-- ----------------------------
-- DROP TABLE IF EXISTS `trasacciones`;
CREATE TABLE `trasacciones`  (
  `id` int NOT NULL AUTO_INCREMENT,
  `transaccion` varchar(255) CHARACTER SET utf8mb4 COLLATE utf8mb4_unicode_ci NOT NULL,
  `id_cotizacion` varchar(255) CHARACTER SET utf8mb4 COLLATE utf8mb4_unicode_ci NOT NULL,
  `monto` varchar(255) CHARACTER SET utf8mb4 COLLATE utf8mb4_unicode_ci NOT NULL,
  `banco` varchar(255) CHARACTER SET utf8mb4 COLLATE utf8mb4_unicode_ci NOT NULL,
  `empleado` varchar(255) CHARACTER SET utf8mb4 COLLATE utf8mb4_unicode_ci NOT NULL,
  `fecha` datetime NOT NULL,
  `cuenta` varchar(255) CHARACTER SET utf8mb4 COLLATE utf8mb4_unicode_ci NULL DEFAULT NULL,
  `moneda` varchar(255) CHARACTER SET utf8mb4 COLLATE utf8mb4_unicode_ci NOT NULL,
  `no_transaccion` varchar(255) CHARACTER SET utf8mb4 COLLATE utf8mb4_unicode_ci NOT NULL,
  `nota` varchar(255) CHARACTER SET utf8mb4 COLLATE utf8mb4_unicode_ci NULL DEFAULT NULL,
  PRIMARY KEY (`id`) USING BTREE
) ENGINE = InnoDB AUTO_INCREMENT = 1 CHARACTER SET = utf8mb4 COLLATE = utf8mb4_unicode_ci ROW_FORMAT = DYNAMIC;

-- ----------------------------
-- Table structure for turno_trabajo
-- ----------------------------
-- DROP TABLE IF EXISTS `turno_trabajo`;
CREATE TABLE `turno_trabajo`  (
  `id` int NOT NULL AUTO_INCREMENT,
  `id_puesto_trabajo_id` int NULL DEFAULT NULL,
  `id_usuario_id` int NOT NULL,
  `fecha` date NOT NULL,
  `cerrado` tinyint(1) NOT NULL,
  `id_unidad_id` int NOT NULL,
  PRIMARY KEY (`id`) USING BTREE,
  INDEX `IDX_CFD6B1EE1ED9E395`(`id_puesto_trabajo_id`) USING BTREE,
  INDEX `IDX_CFD6B1EE7EB2C349`(`id_usuario_id`) USING BTREE,
  INDEX `IDX_CFD6B1EE1D34FA6B`(`id_unidad_id`) USING BTREE,
  CONSTRAINT `FK_CFD6B1EE1D34FA6B` FOREIGN KEY (`id_unidad_id`) REFERENCES `unidad` (`id`) ON DELETE RESTRICT ON UPDATE RESTRICT,
  CONSTRAINT `FK_CFD6B1EE1ED9E395` FOREIGN KEY (`id_puesto_trabajo_id`) REFERENCES `puesto_trabajo` (`id`) ON DELETE RESTRICT ON UPDATE RESTRICT,
  CONSTRAINT `FK_CFD6B1EE7EB2C349` FOREIGN KEY (`id_usuario_id`) REFERENCES `user` (`id`) ON DELETE RESTRICT ON UPDATE RESTRICT
) ENGINE = InnoDB AUTO_INCREMENT = 8 CHARACTER SET = utf8mb4 COLLATE = utf8mb4_unicode_ci ROW_FORMAT = DYNAMIC;

-- ----------------------------
-- Table structure for unidad
-- ----------------------------
-- DROP TABLE IF EXISTS `unidad`;
CREATE TABLE `unidad`  (
  `id` int NOT NULL AUTO_INCREMENT,
  `id_padre_id` int NULL DEFAULT NULL,
  `id_moneda_id` int NULL DEFAULT NULL,
  `nombre` varchar(255) CHARACTER SET utf8mb4 COLLATE utf8mb4_unicode_ci NOT NULL,
  `activo` tinyint(1) NOT NULL,
  `codigo` varchar(255) CHARACTER SET utf8mb4 COLLATE utf8mb4_unicode_ci NULL DEFAULT NULL,
  `direccion` varchar(255) CHARACTER SET utf8mb4 COLLATE utf8mb4_unicode_ci NULL DEFAULT NULL,
  `telefono` varchar(255) CHARACTER SET utf8mb4 COLLATE utf8mb4_unicode_ci NULL DEFAULT NULL,
  `correo` varchar(255) CHARACTER SET utf8mb4 COLLATE utf8mb4_unicode_ci NULL DEFAULT NULL,
  `rnc` varchar(255) CHARACTER SET utf8mb4 COLLATE utf8mb4_unicode_ci NULL DEFAULT NULL,
  `url` varchar(255) CHARACTER SET utf8mb4 COLLATE utf8mb4_unicode_ci NULL DEFAULT NULL,
  PRIMARY KEY (`id`) USING BTREE,
  UNIQUE INDEX `UNIQ_F3E6D02F3A909126`(`nombre`) USING BTREE,
  UNIQUE INDEX `UNIQ_F3E6D02F20332D99`(`codigo`) USING BTREE,
  INDEX `IDX_F3E6D02F31E700CD`(`id_padre_id`) USING BTREE,
  INDEX `IDX_F3E6D02F374388F5`(`id_moneda_id`) USING BTREE,
  CONSTRAINT `FK_F3E6D02F31E700CD` FOREIGN KEY (`id_padre_id`) REFERENCES `unidad` (`id`) ON DELETE RESTRICT ON UPDATE RESTRICT,
  CONSTRAINT `FK_F3E6D02F374388F5` FOREIGN KEY (`id_moneda_id`) REFERENCES `moneda` (`id`) ON DELETE RESTRICT ON UPDATE RESTRICT
) ENGINE = InnoDB AUTO_INCREMENT = 3 CHARACTER SET = utf8mb4 COLLATE = utf8mb4_unicode_ci ROW_FORMAT = DYNAMIC;

-- ----------------------------
-- Table structure for unidad_medida
-- ----------------------------
-- DROP TABLE IF EXISTS `unidad_medida`;
CREATE TABLE `unidad_medida`  (
  `id` int NOT NULL,
  `nombre` varchar(255) CHARACTER SET utf8mb4 COLLATE utf8mb4_unicode_ci NOT NULL,
  `abreviatura` varchar(255) CHARACTER SET utf8mb4 COLLATE utf8mb4_unicode_ci NOT NULL,
  `activo` tinyint(1) NOT NULL,
  PRIMARY KEY (`id`) USING BTREE
) ENGINE = InnoDB CHARACTER SET = utf8mb4 COLLATE = utf8mb4_unicode_ci ROW_FORMAT = DYNAMIC;

-- ----------------------------
-- Table structure for user
-- ----------------------------
-- DROP TABLE IF EXISTS `user`;
CREATE TABLE `user`  (
  `id` int NOT NULL AUTO_INCREMENT,
  `username` varchar(180) CHARACTER SET utf8mb4 COLLATE utf8mb4_unicode_ci NOT NULL,
  `roles` longtext CHARACTER SET utf8mb4 COLLATE utf8mb4_unicode_ci NOT NULL COMMENT '(DC2Type:json)',
  `status` tinyint(1) NOT NULL,
  `id_moneda` varchar(255) CHARACTER SET utf8mb4 COLLATE utf8mb4_unicode_ci NULL DEFAULT NULL,
  `name` varchar(255) CHARACTER SET utf8mb4 COLLATE utf8mb4_unicode_ci NULL DEFAULT NULL,
  `password` varchar(255) CHARACTER SET utf8mb4 COLLATE utf8mb4_unicode_ci NOT NULL,
  `id_agencia_id` int NULL DEFAULT NULL,
  PRIMARY KEY (`id`) USING BTREE,
  UNIQUE INDEX `UNIQ_8D93D649F85E0677`(`username`) USING BTREE,
  INDEX `IDX_8D93D64937D1669`(`id_agencia_id`) USING BTREE,
  CONSTRAINT `FK_8D93D64937D1669` FOREIGN KEY (`id_agencia_id`) REFERENCES `unidad` (`id`) ON DELETE RESTRICT ON UPDATE RESTRICT
) ENGINE = InnoDB AUTO_INCREMENT = 15 CHARACTER SET = utf8mb4 COLLATE = utf8mb4_unicode_ci ROW_FORMAT = DYNAMIC;

-- ----------------------------
-- Table structure for user_client_tmp
-- ----------------------------
-- DROP TABLE IF EXISTS `user_client_tmp`;
CREATE TABLE `user_client_tmp`  (
  `id` int NOT NULL AUTO_INCREMENT,
  `id_usuario_id` int NOT NULL,
  `id_cliente_id` int NOT NULL,
  PRIMARY KEY (`id`) USING BTREE,
  INDEX `IDX_AC2C28007EB2C349`(`id_usuario_id`) USING BTREE,
  INDEX `IDX_AC2C28007BF9CE86`(`id_cliente_id`) USING BTREE,
  CONSTRAINT `FK_AC2C28007BF9CE86` FOREIGN KEY (`id_cliente_id`) REFERENCES `cliente` (`id`) ON DELETE RESTRICT ON UPDATE RESTRICT,
  CONSTRAINT `FK_AC2C28007EB2C349` FOREIGN KEY (`id_usuario_id`) REFERENCES `user` (`id`) ON DELETE RESTRICT ON UPDATE RESTRICT
) ENGINE = InnoDB AUTO_INCREMENT = 2 CHARACTER SET = utf8mb4 COLLATE = utf8mb4_unicode_ci ROW_FORMAT = DYNAMIC;

-- ----------------------------
-- Table structure for vacaciones_disfrutadas
-- ----------------------------
-- DROP TABLE IF EXISTS `vacaciones_disfrutadas`;
CREATE TABLE `vacaciones_disfrutadas`  (
  `id` int NOT NULL AUTO_INCREMENT,
  `id_empleado_id` int NOT NULL,
  `cantidad_dias` int NOT NULL,
  `cantidad_pagada` double NOT NULL,
  `fecha_inicio` date NULL DEFAULT NULL,
  `fecha_fin` date NULL DEFAULT NULL,
  PRIMARY KEY (`id`) USING BTREE,
  INDEX `IDX_F02817318D392AC7`(`id_empleado_id`) USING BTREE,
  CONSTRAINT `FK_F02817318D392AC7` FOREIGN KEY (`id_empleado_id`) REFERENCES `empleado` (`id`) ON DELETE RESTRICT ON UPDATE RESTRICT
) ENGINE = InnoDB AUTO_INCREMENT = 1 CHARACTER SET = utf8mb4 COLLATE = utf8mb4_unicode_ci ROW_FORMAT = DYNAMIC;

-- ----------------------------
-- Table structure for vale_salida
-- ----------------------------
-- DROP TABLE IF EXISTS `vale_salida`;
CREATE TABLE `vale_salida`  (
  `id` int NOT NULL AUTO_INCREMENT,
  `id_documento_id` int NOT NULL,
  `activo` tinyint(1) NOT NULL,
  `producto` tinyint(1) NOT NULL,
  `nro_consecutivo` varchar(255) CHARACTER SET utf8mb4 COLLATE utf8mb4_unicode_ci NOT NULL,
  `anno` int NOT NULL,
  `fecha_solicitud` date NOT NULL,
  `nro_solicitud` varchar(255) CHARACTER SET utf8mb4 COLLATE utf8mb4_unicode_ci NOT NULL,
  `nro_cuenta_deudora` varchar(255) CHARACTER SET utf8mb4 COLLATE utf8mb4_unicode_ci NOT NULL,
  `nro_subcuenta_deudora` varchar(255) CHARACTER SET utf8mb4 COLLATE utf8mb4_unicode_ci NOT NULL,
  PRIMARY KEY (`id`) USING BTREE,
  UNIQUE INDEX `UNIQ_90C265C86601BA07`(`id_documento_id`) USING BTREE,
  CONSTRAINT `FK_90C265C86601BA07` FOREIGN KEY (`id_documento_id`) REFERENCES `documento` (`id`) ON DELETE RESTRICT ON UPDATE RESTRICT
) ENGINE = InnoDB AUTO_INCREMENT = 1 CHARACTER SET = utf8mb4 COLLATE = utf8mb4_unicode_ci ROW_FORMAT = DYNAMIC;

-- ----------------------------
-- Table structure for vuelo_destino
-- ----------------------------
-- DROP TABLE IF EXISTS `vuelo_destino`;
CREATE TABLE `vuelo_destino`  (
  `id` int NOT NULL AUTO_INCREMENT,
  `nombre` varchar(255) CHARACTER SET utf8mb4 COLLATE utf8mb4_unicode_ci NOT NULL,
  PRIMARY KEY (`id`) USING BTREE
) ENGINE = InnoDB AUTO_INCREMENT = 1 CHARACTER SET = utf8mb4 COLLATE = utf8mb4_unicode_ci ROW_FORMAT = DYNAMIC;

-- ----------------------------
-- Table structure for vuelo_origen
-- ----------------------------
-- DROP TABLE IF EXISTS `vuelo_origen`;
CREATE TABLE `vuelo_origen`  (
  `id` int NOT NULL AUTO_INCREMENT,
  `nombre` varchar(255) CHARACTER SET utf8mb4 COLLATE utf8mb4_unicode_ci NOT NULL,
  PRIMARY KEY (`id`) USING BTREE
) ENGINE = InnoDB AUTO_INCREMENT = 1 CHARACTER SET = utf8mb4 COLLATE = utf8mb4_unicode_ci ROW_FORMAT = DYNAMIC;

-- ----------------------------
-- Table structure for zona
-- ----------------------------
-- DROP TABLE IF EXISTS `zona`;
CREATE TABLE `zona`  (
  `id` int NOT NULL AUTO_INCREMENT,
  `nombre` varchar(255) CHARACTER SET utf8mb4 COLLATE utf8mb4_unicode_ci NOT NULL,
  `activo` tinyint(1) NOT NULL,
  PRIMARY KEY (`id`) USING BTREE
) ENGINE = InnoDB AUTO_INCREMENT = 4 CHARACTER SET = utf8mb4 COLLATE = utf8mb4_unicode_ci ROW_FORMAT = DYNAMIC;

-- ----------------------------
-- Table structure for zona_remesas
-- ----------------------------
-- DROP TABLE IF EXISTS `zona_remesas`;
CREATE TABLE `zona_remesas`  (
  `id` int NOT NULL AUTO_INCREMENT,
  `pais_id` int NULL DEFAULT NULL,
  `provincia_id` int NULL DEFAULT NULL,
  `municipio_id` int NULL DEFAULT NULL,
  `nombre` varchar(255) CHARACTER SET utf8mb4 COLLATE utf8mb4_unicode_ci NOT NULL,
  `activo` tinyint(1) NOT NULL,
  PRIMARY KEY (`id`) USING BTREE,
  INDEX `IDX_D37DCA05C604D5C6`(`pais_id`) USING BTREE,
  INDEX `IDX_D37DCA054E7121AF`(`provincia_id`) USING BTREE,
  INDEX `IDX_D37DCA0558BC1BE0`(`municipio_id`) USING BTREE,
  CONSTRAINT `FK_D37DCA054E7121AF` FOREIGN KEY (`provincia_id`) REFERENCES `provincias` (`id`) ON DELETE RESTRICT ON UPDATE RESTRICT,
  CONSTRAINT `FK_D37DCA0558BC1BE0` FOREIGN KEY (`municipio_id`) REFERENCES `municipios` (`id`) ON DELETE RESTRICT ON UPDATE RESTRICT,
  CONSTRAINT `FK_D37DCA05C604D5C6` FOREIGN KEY (`pais_id`) REFERENCES `pais` (`id`) ON DELETE RESTRICT ON UPDATE RESTRICT
) ENGINE = InnoDB AUTO_INCREMENT = 12 CHARACTER SET = utf8mb4 COLLATE = utf8mb4_unicode_ci ROW_FORMAT = DYNAMIC;

SET FOREIGN_KEY_CHECKS = 1;



-----------------------------------------------------------------------
-- DATA INSERT
-----------------------------------------------------------------------


--
-- Volcado de datos para la tabla `almacen`
--

INSERT INTO `almacen` (`id`, `id_unidad_id`, `descripcion`, `activo`, `codigo`) VALUES
(1, 1, 'Almacn de Materiales y Mercancias', 1, '01'),
(2, 1, 'Almacn Mercancias para la Venta', 1, '02'),
(3, 1, 'Almacn de Productos Terminados', 1, '03');

INSERT INTO `cargo` (`id`, `nombre`, `activo`) VALUES
(1, 'Administrador del Sistema', 1);

INSERT INTO `categoria_cliente` (`id`, `nombre`, `prefijo`) VALUES
(1, 'Factura de Crdito Fiscal', 'B01'),
(2, 'Factura de Consumo', 'B02'),
(3, 'Nota de Dbito', 'B03'),
(4, 'Nota de Crdito', 'B04'),
(5, 'Comprobante de Compra', 'B11'),
(6, 'Registro nico de Ingreso', 'B12'),
(7, 'Comprobante para Gastos Menor', 'B13'),
(8, 'Comprobante para Regmen Especial', 'B14'),
(9, 'Comprobante Gubernamental', 'B15'),
(10, 'Comprobante para Exportacin', 'B16'),
(11, 'Comprobante de Pago al Exterior', 'B17');


INSERT INTO `centro_costo` (`id`, `id_unidad_id`, `activo`, `codigo`, `nombre`) VALUES
(22, 1, 1, '0150', 'Combo de aseo'),
(23, 1, 1, '0160', 'Combo de Medicamento'),
(24, 1, 1, '0170', 'Combo de Alimento'),
(25, 1, 1, '0180', 'Otros');



INSERT INTO `cliente` (`id`, `nombre`, `apellidos`, `correo`, `direccion`, `token`, `fecha`, `usuario`, `comentario`, `telefono`, `identificacion_empresa`) VALUES
(1, 'Adrian', 'Gonzalez', 'adrian@solyag.com', NULL, NULL, NULL, NULL, NULL, '8295540346', NULL),
(2, 'Adrian', 'Gonzalez', NULL, 'John F kEENDY', NULL, NULL, NULL, NULL, '829554046', NULL),
(3, 'jesus', 'sole', 'horizontes86@gmail.com', 'sarasota', NULL, NULL, NULL, NULL, '8492690312', NULL);



INSERT INTO `criterio_analisis` (`id`, `nombre`, `abreviatura`, `activo`) VALUES
(1, 'ALMACN', 'ALM', 1),
(2, 'UNIDADES', 'UNID', 1),
(3, 'CENTROS DE COSTO', 'CCT', 1),
(4, 'OBJETOS DE OBRAS', 'OBO', 1),
(5, 'ELEMENTOS DE GASTOS', 'EG', 1),
(6, 'CLIENTES Y PROVEEDORES', 'CLIPRO', 1),
(7, 'TARJETAS MAGNETICAS', 'TM', 1),
(8, 'TRABAJADORES', 'TRAB', 1),
(9, 'PROYECTOS', 'PRO', 1),
(10, 'ORDEN DE TRABAJO', 'OT', 1),
(11, 'EXPEDIENTE', 'EXP', 1),
(12, 'AREAS DE RESPONSABILIDAD', 'AR', 1),
(13, 'GRUPOS DE ACTIVOS FIJOS', 'GA', 1),
(14, 'CREDITOS  BANCARIOS', 'CRB', 1),
(15, 'ACCIONISTAS', 'ACC', 1),
(16, 'CUENTAS DE INGRESOS', 'ING', 1),
(17, 'CUENTAS DE GASTOS', 'GAT', 1);



INSERT INTO `cuenta` (`id`, `id_tipo_cuenta_id`, `nro_cuenta`, `nombre`, `deudora`, `mixta`, `obligacion_deudora`, `obligacion_acreedora`, `activo`, `produccion`) VALUES
(1, 1, 103, 'Efectivo en Caja', 1, 0, 0, 0, 1, 0),
(2, 1, 109, 'Efectivo en Banco', 1, 0, 0, 0, 1, 0),
(3, 1, 131, 'Efectos por Cobrar a Corto Plazo', 1, 0, 1, 0, 1, 0),
(4, 1, 134, 'Cuenta en Participacion', 1, 0, 1, 0, 1, 0),
(5, 1, 142, 'Prestamos y Otras Operaciones Crediticias', 1, 0, 0, 0, 1, 0),
(6, 1, 146, 'Pagos Anticipados a Suministradores', 1, 0, 0, 0, 1, 0),
(7, 1, 160, 'Anticipos a Justificar', 1, 0, 0, 0, 1, 0),
(8, 1, 135, 'Cuentas por Cobrar', 1, 0, 1, 0, 1, 0),
(9, 1, 164, 'Adeudos con el  Estado', 1, 0, 0, 0, 1, 0),
(10, 1, 183, 'Materias Primas y Materiales', 1, 0, 0, 0, 1, 0),
(11, 1, 184, 'Combustible  Lubricantes', 1, 0, 0, 0, 1, 0),
(12, 1, 185, 'Partes  y  Piezas de  Repuesto', 1, 0, 0, 0, 1, 0),
(13, 1, 187, 'Utiles y Herramientas', 1, 0, 0, 0, 1, 0),
(14, 1, 188, 'Produccion Terminada', 1, 0, 0, 0, 1, 0),
(15, 1, 189, 'Mercancias para la Venta', 1, 0, 0, 0, 1, 0),
(16, 1, 190, 'Medicamentos', 1, 0, 0, 0, 1, 0),
(17, 1, 193, 'Alimentos', 1, 0, 0, 0, 1, 0),
(18, 2, 216, 'Efectos por Cobrar a Largo Plazo', 1, 0, 1, 0, 1, 0),
(19, 2, 220, 'Cuentas por Cobrar a Largo Plazo', 1, 0, 1, 0, 1, 0),
(20, 2, 225, 'Prestamos Concedidos a Largo Plazo', 1, 0, 1, 0, 1, 0),
(21, 2, 227, 'Inversiones a Largo Plazo', 1, 0, 0, 0, 1, 0),
(22, 3, 240, 'Activos Fijos', 1, 0, 0, 0, 1, 0),
(23, 3, 255, 'Activos Fijos Intangibles', 1, 0, 0, 0, 1, 0),
(24, 3, 265, 'Inversiones en Proceso', 1, 0, 0, 0, 1, 0),
(25, 3, 290, 'Compra de Activos Fijos', 1, 0, 1, 0, 1, 0),
(26, 3, 292, 'Compra de Activos Fijos Intangibles', 1, 0, 1, 0, 1, 0),
(27, 4, 300, 'Gastos de Produccion y Servicios Diferidos', 1, 0, 0, 0, 1, 0),
(28, 4, 306, 'Gastos Financieros Diferidos', 1, 0, 0, 0, 1, 0),
(29, 5, 330, 'Perdida en Investigacion', 1, 0, 0, 0, 1, 0),
(30, 5, 332, 'Faltantes de Bienes', 1, 0, 0, 0, 1, 0),
(31, 2, 335, 'Cuentas por Cobrar Diversas', 1, 0, 1, 0, 1, 0),
(32, 6, 373, 'Desgaste de Utiles y Herramientas', 0, 0, 0, 0, 1, 0),
(33, 6, 375, 'Depreciacion de Activos Fijos Tangibles', 0, 0, 0, 0, 1, 0),
(34, 6, 390, 'Amortizacion de Activos Fijos Intangibles', 0, 0, 0, 0, 1, 0),
(35, 7, 401, 'Efectos por pagar a Corto Plazo', 0, 0, 0, 1, 1, 0),
(36, 7, 405, 'Cuentas por pagar a Corto Plazo', 0, 0, 0, 1, 1, 0),
(37, 7, 421, 'Cuentas por Pagar - Activos Fijos', 0, 0, 0, 1, 1, 0),
(38, 7, 425, 'Cuentas por Pagar del Proceso Inversionista', 0, 0, 0, 1, 1, 0),
(39, 7, 430, 'Cobros Anticipados', 0, 0, 0, 1, 1, 0),
(40, 7, 435, 'Depositos Recibidos', 0, 0, 0, 1, 1, 0),
(41, 7, 440, 'Obligacion con el Estado', 0, 0, 0, 1, 1, 0),
(42, 7, 455, 'Nominas por Pagar', 0, 0, 0, 1, 1, 0),
(43, 7, 470, 'Prestamos Recibidos', 0, 0, 0, 1, 1, 0),
(44, 7, 492, 'Provision para Vacaciones', 0, 0, 0, 0, 1, 0),
(45, 8, 510, 'Efectos por pagar a largo plazo', 0, 0, 0, 1, 1, 0),
(46, 8, 515, 'Cuentas por Pagar a Largo Plazo', 0, 0, 0, 1, 1, 0),
(47, 8, 520, 'Prestamos Recibidos a Largo Plazo', 0, 0, 0, 1, 1, 0),
(48, 8, 540, 'Bonos por Pagar', 0, 0, 0, 1, 1, 0),
(49, 9, 545, 'Ingresos Diferidos', 0, 0, 0, 0, 1, 0),
(50, 10, 555, 'Sobrantes en Investigacion', 0, 0, 0, 0, 1, 0),
(51, 10, 565, 'Cuentas por Pagar Diversas', 0, 0, 0, 0, 1, 0),
(52, 10, 569, 'Cuentas por Pagar Compra de Monedas', 0, 0, 0, 0, 1, 0),
(53, 10, 570, 'Ingresos de Periodos Futuros', 0, 0, 0, 0, 1, 0),
(54, 11, 600, 'Capital Contable', 0, 0, 0, 0, 1, 0),
(55, 11, 605, 'Acciones por Emitir', 1, 0, 0, 0, 1, 0),
(56, 11, 608, 'Acciones Suscritas', 0, 0, 0, 0, 1, 0),
(57, 11, 615, 'Revalorizacion de Activos Fijos Tangibles', 1, 0, 0, 0, 1, 0),
(58, 11, 620, 'Donaciones Recibidas', 0, 0, 0, 0, 1, 0),
(59, 11, 630, 'Utilidades Retenidas', 0, 0, 0, 0, 1, 0),
(60, 11, 640, 'Perdidas', 1, 0, 0, 0, 1, 0),
(61, 11, 696, 'Operaciones entre Dependencias Activos', 1, 0, 0, 0, 1, 0),
(62, 11, 697, 'Operaciones entre Dependencia Pasivo', 0, 0, 0, 0, 1, 0),
(63, 2, 700, 'Producciones en Proceso', 1, 0, 0, 0, 1, 1),
(64, 12, 730, 'Reparaciones Capitales con Medios Propios', 1, 0, 0, 0, 1, 0),
(65, 13, 800, 'Devoluciones en Ventas', 1, 0, 0, 0, 1, 0),
(66, 13, 806, 'Impuestos por las Ventas', 1, 0, 0, 0, 1, 0),
(67, 13, 810, 'Costo de Ventas de Produccion', 1, 0, 0, 0, 1, 0),
(68, 13, 815, 'Costo de Ventas de Mercancias', 1, 0, 0, 0, 1, 0),
(69, 13, 823, 'Gastos de Administracion', 1, 0, 0, 0, 1, 0),
(70, 13, 819, 'Gastos de Distribucion y Ventas', 1, 0, 0, 0, 1, 0),
(71, 13, 839, 'Gastos por Perdidas en Tasas de Cambio', 1, 0, 0, 0, 1, 0),
(72, 13, 845, 'Gastos por Perdidas', 1, 0, 0, 0, 1, 0),
(73, 13, 850, 'Gastos por Faltantes', 1, 0, 0, 0, 1, 0),
(74, 13, 855, 'Otros Impuestos y Contribuciones', 1, 0, 0, 0, 1, 0),
(75, 14, 901, 'Ventas de Mercancias', 0, 0, 0, 0, 1, 0),
(76, 14, 900, 'Ventas de Produccion', 0, 0, 0, 0, 1, 0),
(77, 14, 920, 'Ingresos Financieros', 0, 0, 0, 0, 1, 0),
(78, 14, 924, 'Ingresos por Variacion de Tasas de Cambio', 0, 0, 0, 0, 1, 0),
(79, 14, 930, 'Ingresos por Sobrantes de Bienes', 0, 0, 0, 0, 1, 0),
(80, 14, 950, 'Otros Ingresos', 0, 0, 0, 0, 1, 0),
(81, 14, 953, 'Ingresos por Donaciones Recibidas', 0, 0, 0, 0, 1, 0),
(82, 15, 999, 'Resultados', 0, 1, 0, 0, 1, 0),
(83, 14, 903, 'Venta de Servicios Prestados', 0, 0, 0, 0, 1, 0),
(84, 13, 816, 'Costo de Venta de Servicios Prestados', 1, 0, 0, 0, 1, 0),
(85, 11, 646, 'Reservas para Inversiones', 0, 0, 0, 0, 1, 0),
(86, 8, 526, 'Obligaciones a Largo Plazo', 0, 0, 0, 1, 1, 0);


INSERT INTO `cuenta_criterio_analisis` (`id`, `id_cuenta_id`, `id_criterio_analisis_id`, `orden`) VALUES
(10, 3, 6, NULL),
(11, 5, 14, NULL),
(13, 6, 6, NULL),
(14, 4, 15, NULL),
(15, 7, 8, NULL),
(16, 8, 6, NULL),
(18, 10, 1, NULL),
(19, 11, 1, NULL),
(21, 13, 1, NULL),
(23, 12, 1, NULL),
(26, 14, 1, NULL),
(28, 16, 1, NULL),
(29, 17, 1, NULL),
(30, 18, 6, NULL),
(31, 19, 6, NULL),
(32, 20, 6, NULL),
(33, 21, 4, NULL),
(36, 23, 2, NULL),
(37, 24, 4, NULL),
(38, 25, 6, NULL),
(39, 26, 6, NULL),
(43, 35, 6, NULL),
(48, 38, 6, NULL),
(51, 36, 6, NULL),
(52, 37, 6, NULL),
(54, 39, 6, NULL),
(55, 40, 6, NULL),
(57, 43, 6, NULL),
(58, 44, 8, NULL),
(59, 45, 6, NULL),
(60, 46, 6, NULL),
(65, 48, 6, NULL),
(66, 50, 11, NULL),
(67, 51, 6, NULL),
(68, 52, 6, NULL),
(69, 55, 15, NULL),
(74, 15, 1, NULL),
(79, 27, 5, NULL),
(80, 28, 11, NULL),
(81, 29, 11, NULL),
(82, 30, 11, NULL),
(83, 31, 6, NULL),
(84, 31, 8, NULL),
(85, 56, 15, NULL),
(96, 64, 4, NULL),
(97, 64, 5, NULL),
(136, 61, 2, 1),
(137, 61, 1, 2),
(138, 63, 3, 1),
(139, 63, 10, 2),
(140, 63, 5, 3),
(141, 62, 2, 1),
(142, 62, 1, 2),
(148, 70, 3, 1),
(149, 70, 5, 2),
(155, 69, 3, 1),
(156, 69, 5, 2),
(160, 22, 12, 2),
(161, 22, 3, 3),
(162, 86, 6, 1),
(164, 42, 8, 1);


INSERT INTO `distribuidor` (`id`, `pais_id`, `moneda_id`, `nombre`, `telefono`, `email`, `identificacion`, `activo`) VALUES
(1, 1, 4, 'Camilo Alberto', '55816826', 'kahveahd@gmail.com', '89102815009', 0),
(2, 1, 4, 'Maikel Exposito Martinez', '54730685', 'maikelexpmartinez@gmail.com', '92092928189', 1),
(3, 1, 4, 'gkhjgn yfhjg ylhgjk', '54824547', 'horizontes86@gmail.com', '45784754845', 0),
(4, 1, 4, 'jb', '1424', 'no.@gmail.com', 'no', 0),
(5, 1, 4, 'Elizardo Ros Morales', '52714739', 'no@gmail.com', 'no', 1),
(6, 1, 4, 'Mario Martin Pages', '55776339', 'no@gmail.com', 'no', 1),
(7, 1, 4, 'Jos Carlos Prez Moreno', '54602465', 'no@gmail.com', 'no', 1),
(8, 1, 4, 'Ramon Martnez Vidal', '52538840', 'no@gmail.com', 'no', 1),
(9, 1, 4, 'Lzaro Lpez Hernndez', '53693714', 'no@gmail.com', 'no', 1),
(10, 1, 4, 'Jessica Morales Paradela', '53519871', 'no@gmail.com', 'no', 1),
(11, 1, 4, 'Saidel Quintana Charbonier', '54545233', 'no@gmail.com', 'no', 1),
(12, 1, 4, 'Daymara Molina Gomez', '58031968', 'no@gmail.com', 'no', 1),
(13, 1, 4, 'Yordanka Fagundo Borrego', '58407584', 'no@gmail.com', 'no', 1),
(14, 1, 4, 'Marisvel Orozco Betancourt', '54763181', 'no@gmail.com', 'no', 1),
(15, 1, 4, 'Katerin Alonso Arencibia', '58117743', 'no@gmail.com', 'no', 1),
(16, 1, 4, 'Sergio Aguila Guerra', '52837250', 'no@gmail.com', 'no', 1),
(17, 1, 4, 'Javier Alejandro Ferrer Prado', '58527495', 'no@gmail.com', 'no', 1),
(18, 1, 4, 'Antonio Luis Valdivia Valdivis', '53068957', 'no@gmail.com', 'no', 1),
(19, 1, 4, 'Miriulky Oliva Bastida', '54474687', 'no@gmail.com', 'no', 1),
(20, 1, 4, 'Orisbel Fuentes Gonzalez', '54476870', 'no@gmail.com', 'no', 1),
(21, 1, 4, 'Iris Morales Buchillon', '58918362', 'no@gmail.com', 'no', 1),
(22, 1, 4, 'Karen Caceres Gomez', '53936639', 'no@gmail.com', 'no', 1),
(23, 1, 4, 'Sergio Gonzalez Castro', '58252628', 'no@gmail.com', 'no', 1),
(24, 1, 4, 'Marcos Omelio Sanchez Roldan', '58636944', 'no@gmail.com', 'no', 1),
(25, 1, 4, 'Reinaldo Rivero Marrero', '52614104', 'no@gmail.com', 'no', 1),
(26, 1, 4, 'Karina Pupo Quiala', '55047677', 'no@gmail.com', 'no', 1),
(27, 1, 4, 'Miriela Perez Silva', '52046412', 'no@gmail.com', 'no', 1),
(28, 1, 4, 'Marisol Socarras Sariol', '58222778', 'no@gmail.com', 'no', 1),
(29, 1, 4, 'Yordan Carcases Cedeno', '58552369', 'no@gmail.com', 'no', 1),
(30, 1, 4, 'Jose Luis Sensat De La Paz', '53088577', 'no@gmail.com', 'no', 1),
(31, 1, 4, 'Pedro Jose Sanchez Rodriguez', '52152017', 'no@gmail.com', 'no', 1),
(32, 1, 4, 'Lourdes Calvo Garcia', '58289967', 'no@gmail.com', 'NO', 1),
(33, 1, 4, 'Senia Almaguer Cuenca', '54558908', 'no@gmail.com', 'NO', 1),
(34, 1, 4, 'Milagros Marteatus Guerra', '55791157', 'no@gmail.com', 'no', 1),
(35, 1, 4, 'saddsada', 'dasadds', 'asdassd@gmail.com', 'ssada', 0);



INSERT INTO `distribuidor_provincias` (`id`, `distribuidor_id`, `provincias_id`, `activo`) VALUES
(1, 1, 2, 1),
(2, 1, 3, 0),
(3, 2, 6, 0),
(4, 2, 7, 1),
(5, 2, 8, 0),
(6, 3, 2, 1),
(7, 4, 5, 1),
(8, 5, 2, 1),
(9, 6, 2, 1),
(10, 7, 2, 1),
(11, 8, 2, 1),
(12, 9, 2, 1),
(13, 10, 6, 1),
(14, 11, 6, 1),
(15, 12, 8, 1),
(16, 13, 3, 1),
(17, 14, 3, 1),
(18, 15, 3, 1),
(19, 16, 5, 1),
(20, 17, 5, 1),
(21, 18, 10, 1),
(22, 19, 10, 1),
(23, 20, 10, 1),
(24, 21, 11, 1),
(25, 22, 9, 1),
(26, 23, 9, 1),
(27, 24, 12, 1),
(28, 25, 14, 1),
(29, 26, 14, 1),
(30, 27, 13, 1),
(31, 28, 15, 1),
(32, 29, 4, 1),
(33, 30, 4, 1),
(34, 31, 16, 1),
(35, 32, 2, 1),
(36, 33, 3, 1),
(37, 34, 3, 1),
(38, 35, 2, 1);


INSERT INTO `distribuidor_saldo` (`id`, `distribuidor_id`, `moneda_id`, `saldo`) VALUES
(1, 1, 4, 0),
(2, 2, 4, 0),
(3, 3, 4, 0),
(4, 4, 4, 0),
(5, 5, 4, 0),
(6, 6, 4, 0),
(7, 7, 4, 0),
(8, 8, 4, 0),
(9, 9, 4, 0),
(10, 10, 4, 0),
(11, 11, 4, 0),
(12, 12, 4, 0),
(13, 13, 4, 0),
(14, 14, 4, 0),
(15, 15, 4, 0),
(16, 16, 4, 0),
(17, 17, 4, 0),
(18, 18, 4, 0),
(19, 19, 4, 0),
(20, 20, 4, 0),
(21, 21, 4, 0),
(22, 22, 4, 0),
(23, 23, 4, 0),
(24, 24, 4, 0),
(25, 25, 4, 0),
(26, 26, 4, 0),
(27, 27, 4, 0),
(28, 28, 4, 0),
(29, 29, 4, 0),
(30, 30, 4, 0),
(31, 31, 4, 0),
(32, 32, 4, 0),
(33, 33, 4, 0),
(34, 34, 4, 0),
(35, 34, 1, 0),
(36, 35, 4, 0),
(37, 35, 1, 0);



INSERT INTO `distribuidor_zona` (`id`, `zona_id`, `distribuidor_id`, `comision`, `activo`) VALUES
(1, 1, 1, 2, 1),
(2, 2, 18, 3, 0),
(3, 3, 18, 2, 0),
(4, 4, 18, 3, 0),
(5, 3, 7, 50, 1),
(6, 2, 7, 75, 1),
(7, 4, 7, 75, 1),
(8, 5, 7, 75, 1),
(9, 6, 7, 1000, 1);


INSERT INTO `elemento_gasto` (`id`, `codigo`, `descripcion`, `activo`) VALUES
(1, '1001', 'Materiales de Oficina', 1),
(2, '1002', 'Materiales y Productos de Aseo', 1),
(3, '1003', 'Alimentos', 1),
(4, '1004', 'Materiales de Limpieza', 1),
(5, '1005', 'Desgaste de Utiles y Herramientas', 1),
(6, '1006', 'Piezas de Repuestos', 1),
(7, '1007', 'Otros Materiales', 1),
(8, '3001', 'Gasolina', 1),
(9, '3002', 'Diesel', 1),
(10, '3003', 'Grasas y Lubricantes', 1),
(11, '3004', 'Otros Combustibles', 1),
(12, '4001', 'Energia Electrica', 1),
(13, '5001', 'Gasto de Sueldo', 1),
(14, '5002', 'Seguridad Social', 1),
(15, '5003', 'Vacaciones', 1),
(16, '6001', 'Impuestos Utilizacion Fuerza de Trabajo', 1),
(17, '7001', 'Depreciacion de Activos Fijos', 1),
(18, '7002', 'Amortizacion de Gastos Diferidos', 1),
(19, '8001', 'Servicios de Reparacion y Mantenimiento', 1),
(20, '8002', 'Servicios de Comunicaciones', 1),
(21, '8003', 'Servicios de Transportacion', 1),
(22, '8004', 'Viaticos', 1),
(23, '8005', 'Otros Servicios', 1),
(24, 'Traspasos de Gastos Indirectos', '9000', 1);


INSERT INTO `empleado` (`id`, `id_unidad_id`, `id_cargo_id`, `id_usuario_id`, `nombre`, `correo`, `fecha_alta`, `baja`, `fecha_baja`, `direccion_particular`, `telefono`, `rol`, `activo`, `identificacion`, `sueldo_bruto_mensual`, `salario_x_hora`) VALUES
(1, 1, 1, 1, 'root@solyag.com', 'admin@solyag.com', '2020-10-28', 0, NULL, 'Calle A', '555555555', 'ROLE_ADMIN', 1, '89102815009', NULL, NULL);


INSERT INTO `estado` (`id`, `nombre`, `orden`, `activo`, `color`) VALUES
(1, 'Pendiente', 1, 1, '#DDDBDB'),
(2, 'Asignada', 2, 1, '#0C2EC0'),
(3, 'En Proceso', 3, 1, '#84C0F7'),
(4, 'Distribucin', 4, 1, '#18B437'),
(5, 'Entregada', 5, 1, '#9A710A'),
(6, 'Cancelada', 6, 1, '#F10000');


INSERT INTO `impresora` (`id`, `id_unidad_id`, `nombre_impresora`, `puesto_trabajo`, `activo`) VALUES
(1, 1, 'PS-80', 'Puesto de Trabajo 1', 1),
(2, 1, 'PS-81', 'Puesto de Trabajo 2', 1);

INSERT INTO `instrumento_cobro` (`id`, `nombre`, `activo`) VALUES
(1, 'Cheque', 1),
(2, 'Transferencia', 1),
(3, 'Efectivo', 1);


INSERT INTO `lugares` (`id`, `zona_id`, `nombre`, `habilitado`, `activo`) VALUES
(1, 1, 'Zona Colonial', 1, 1),
(2, 2, 'Bavaro Palace', 1, 1);


INSERT INTO `moneda` (`id`, `nombre`, `activo`) VALUES
(1, 'USD', 1),
(2, 'EUR', 1),
(3, 'RD$', 1),
(4, 'CUP', 1);

INSERT INTO `moneda_pais` (`id`, `id_pais`, `id_moneda`, `status`) VALUES
(1, '1', '4', '1'),
(2, '1', '1', '1');


INSERT INTO `municipios` (`id`, `provincia_id`, `code`, `nombre`, `activo`) VALUES
(1, 1, 'Habana', 'Playa', 1),
(2, 1, 'Habana', 'Marianao', 1),
(3, 1, 'Habana', 'La Lisa', 1),
(4, 2, 'Pinar del Rio', 'Consolacin del Sur', 1),
(5, 2, 'Pinar del Rio', 'Guane', 1),
(6, 2, 'Pinar del Rio', 'La Palma', 1),
(7, 2, 'Pinar del Rio', 'Los Palacios', 1),
(8, 2, 'Pinar del Rio', 'Mantua', 1),
(9, 2, 'Pinar del Rio', 'Minas de Matahambre', 1),
(10, 2, 'Pinar del Rio', 'Pinar del Ro', 1),
(11, 2, 'Pinar del Rio', 'San Juan y Martnez', 1),
(12, 2, 'Pinar del Rio', 'San Luis', 1),
(13, 2, 'Pinar del Rio', 'Sandino', 1),
(14, 2, 'Pinar del Rio', 'Viales', 1),
(15, 6, 'Artemisa', 'Alquzar', 1),
(16, 6, 'Artemisa', 'Artemisa', 1),
(17, 6, 'Artemisa', 'Baha Honda', 1),
(18, 6, 'Artemisa', 'Bauta', 1),
(19, 6, 'Artemisa', 'Caimito', 1),
(20, 6, 'Artemisa', 'Candelaria', 1),
(21, 6, 'Artemisa', 'Guanajay', 1),
(22, 6, 'Artemisa', 'Gira de Melena', 1),
(23, 6, 'Artemisa', 'Mariel', 1),
(24, 6, 'Artemisa', 'San Antonio de los Baos', 1),
(25, 6, 'Artemisa', 'San Cristbal', 1),
(26, 7, 'La Habana', 'Arroyo Naranjo', 1),
(27, 7, 'La Habana', 'Boyeros', 1),
(28, 7, 'La Habana', 'Centro Habana', 1),
(29, 7, 'La Habana', 'Cerro', 1),
(30, 7, 'La Habana', 'Cotorro', 1),
(31, 7, 'La Habana', 'Diez de Octubre', 1),
(32, 7, 'La Habana', 'Guanabacoa', 1),
(33, 7, 'La Habana', 'La Habana del Este', 1),
(34, 7, 'La Habana', 'La Habana Vieja', 1),
(35, 7, 'La Habana', 'La Lisa', 1),
(36, 7, 'La Habana', 'Marianao', 1),
(37, 7, 'La Habana', 'Playa', 1),
(38, 7, 'La Habana', 'Plaza de la Revolucin', 1),
(39, 7, 'La Habana', 'Regla', 1),
(40, 7, 'La Habana', 'San Miguel del Padrn', 1),
(41, 8, 'Mayabeque', 'Bataban', 1),
(42, 8, 'Mayabeque', 'Bejucal', 1),
(43, 8, 'Mayabeque', 'Gines', 1),
(44, 8, 'Mayabeque', 'Jaruco', 1),
(45, 8, 'Mayabeque', 'Madruga', 1),
(46, 8, 'Mayabeque', 'Melena del Sur', 1),
(47, 8, 'Mayabeque', 'Nueva Paz', 1),
(48, 8, 'Mayabeque', 'Quivicn', 1),
(49, 8, 'Mayabeque', 'San Jos de las Lajas', 1),
(50, 8, 'Mayabeque', 'San Nicols', 1),
(51, 8, 'Mayabeque', 'Santa Cruz del Norte', 1),
(52, 3, 'Matanzas', 'Calimete', 1),
(53, 3, 'Matanzas', 'Crdenas', 1),
(54, 3, 'Matanzas', 'Varadero', 1),
(55, 3, 'Matanzas', 'Cinaga de Zapata', 1),
(56, 3, 'Matanzas', 'Coln', 1),
(57, 3, 'Matanzas', 'Jagey Grande', 1),
(58, 3, 'Matanzas', 'Jovellanos', 1),
(59, 3, 'Matanzas', 'Limonar', 1),
(60, 3, 'Matanzas', 'Los Arabos', 1),
(61, 3, 'Matanzas', 'Mart', 1),
(62, 3, 'Matanzas', 'Matanzas', 1),
(63, 3, 'Matanzas', 'Pedro Betancourt', 1),
(64, 3, 'Matanzas', 'Perico', 1),
(65, 3, 'Matanzas', 'Unin de Reyes', 1),
(66, 5, 'Cienfuegos', 'Abreus', 1),
(67, 5, 'Cienfuegos', 'Aguada de Pasajeros', 1),
(68, 5, 'Cienfuegos', 'Cruces', 1),
(69, 5, 'Cienfuegos', 'Cumanayagua', 1),
(70, 5, 'Cienfuegos', 'Lajas', 1),
(71, 5, 'Cienfuegos', 'Palmira', 1),
(72, 5, 'Cienfuegos', 'Rodas', 1),
(73, 5, 'Cienfuegos', 'Cienfuegos', 1),
(74, 5, 'Cienfuegos', 'Santa Isabel de las Lajas', 1),
(75, 9, 'Villa Clara', 'Caibarin', 1),
(76, 9, 'Villa Clara', 'Cayo Santa Mara', 1),
(77, 9, 'Villa Clara', 'Camajuan', 1),
(78, 9, 'Villa Clara', 'Cifuentes', 1),
(79, 9, 'Villa Clara', 'Corralillo', 1),
(80, 9, 'Villa Clara', 'Encrucijada', 1),
(81, 9, 'Villa Clara', 'Manicaragua', 1),
(82, 9, 'Villa Clara', 'Placetas', 1),
(83, 9, 'Villa Clara', 'Quemado de Gines', 1),
(84, 9, 'Villa Clara', 'Ranchuelo', 1),
(85, 9, 'Villa Clara', 'Remedios', 1),
(86, 9, 'Villa Clara', 'Sagua la Grande', 1),
(87, 9, 'Villa Clara', 'Santa Clara', 1),
(88, 9, 'Villa Clara', 'Santo Domingo', 1),
(89, 10, 'Sancti Spritus', 'Cabaigun', 1),
(90, 10, 'Sancti Spritus', 'Fomento', 1),
(91, 10, 'Sancti Spritus', 'Jatibonico', 1),
(92, 10, 'Sancti Spritus', 'La Sierpe', 1),
(93, 10, 'Sancti Spritus', 'Sancti Spritus', 1),
(94, 10, 'Sancti Spritus', 'Taguasco', 1),
(95, 10, 'Sancti Spritus', 'Trinidad', 1),
(96, 10, 'Sancti Spritus', 'Yaguajay', 1),
(97, 11, 'Ciego de vila', 'Baragu', 1),
(98, 11, 'Ciego de vila', 'Bolivia', 1),
(99, 11, 'Ciego de vila', 'Chambas', 1),
(100, 11, 'Ciego de vila', 'Ciego de vila', 1),
(101, 11, 'Ciego de vila', 'Ciro Redondo', 1),
(102, 11, 'Ciego de vila', 'Majagua', 1),
(103, 11, 'Ciego de vila', 'Florencia', 1),
(104, 11, 'Ciego de vila', 'Morn', 1),
(105, 11, 'Ciego de vila', 'Primero de Enero', 1),
(106, 11, 'Ciego de vila', 'Venezuela', 1),
(107, 12, 'Camagey', 'Camagey', 1),
(108, 12, 'Camagey', 'Carlos M. de Cspedes', 1),
(109, 12, 'Camagey', 'Esmeralda', 1),
(110, 12, 'Camagey', 'Florida', 1),
(111, 12, 'Camagey', 'Guimaro', 1),
(112, 12, 'Camagey', 'Jimaguay', 1),
(113, 12, 'Camagey', 'Minas', 1),
(114, 12, 'Camagey', 'Najasa', 1),
(115, 12, 'Camagey', 'Nuevitas', 1),
(116, 12, 'Camagey', 'Santa Cruz del Sur', 1),
(117, 12, 'Camagey', 'Sibanic', 1),
(118, 12, 'Camagey', 'Sierra de Cubitas', 1),
(119, 12, 'Camagey', 'Vertientes', 1),
(120, 13, 'Las Tunas', 'Amancio', 1),
(121, 13, 'Las Tunas', 'Colombia', 1),
(122, 13, 'Las Tunas', 'Jess Menndez', 1),
(123, 13, 'Las Tunas', 'Las Tunas', 1),
(124, 13, 'Las Tunas', 'Jobabo', 1),
(125, 13, 'Las Tunas', 'Majibacoa', 1),
(126, 13, 'Las Tunas', 'Manat', 1),
(127, 13, 'Las Tunas', 'Puerto Padre', 1),
(128, 14, 'Holgun', 'Antilla', 1),
(129, 14, 'Holgun', 'Bguanos', 1),
(130, 14, 'Holgun', 'Banes', 1),
(131, 14, 'Holgun', 'Guardalavaca', 1),
(132, 14, 'Holgun', 'Cacocum', 1),
(133, 14, 'Holgun', 'Calixto Garca', 1),
(134, 14, 'Holgun', 'Frank Pas', 1),
(135, 14, 'Holgun', 'Cueto', 1),
(136, 14, 'Holgun', 'Gibara', 1),
(137, 14, 'Holgun', 'Holgun', 1),
(138, 14, 'Holgun', 'Mayar', 1),
(139, 14, 'Holgun', 'Rafael Freyre', 1),
(140, 14, 'Holgun', 'Moa', 1),
(141, 14, 'Holgun', 'Sagua de Tnamo', 1),
(142, 14, 'Holgun', 'Urbano Noris', 1),
(143, 15, 'Granma', 'Bartolom Mas', 1),
(144, 15, 'Granma', 'Bayamo', 1),
(145, 15, 'Granma', 'Buey Arriba', 1),
(146, 15, 'Granma', 'Campechuela', 1),
(147, 15, 'Granma', 'Cauto Cristo', 1),
(148, 15, 'Granma', 'Guisa', 1),
(149, 15, 'Granma', 'Jiguan', 1),
(150, 15, 'Granma', 'Manzanillo', 1),
(151, 15, 'Granma', 'Media Luna', 1),
(152, 15, 'Granma', 'Niquero', 1),
(153, 15, 'Granma', 'Piln', 1),
(154, 15, 'Granma', 'Ro Cauto', 1),
(155, 15, 'Granma', 'Yara', 1),
(156, 4, 'Santiago de Cuba', 'Contramaestre', 1),
(157, 4, 'Santiago de Cuba', 'Guam', 1),
(158, 4, 'Santiago de Cuba', 'Mella', 1),
(159, 4, 'Santiago de Cuba', 'Palma Soriano', 1),
(160, 4, 'Santiago de Cuba', 'San Luis', 1),
(161, 4, 'Santiago de Cuba', 'Santiago de Cuba', 1),
(162, 4, 'Santiago de Cuba', 'Segundo Frente', 1),
(163, 4, 'Santiago de Cuba', 'Songo-La Maya', 1),
(164, 4, 'Santiago de Cuba', 'Tercer Frente', 1),
(165, 16, 'Guantnamo', 'Baracoa', 1),
(166, 16, 'Guantnamo', 'Caimanera', 1),
(167, 16, 'Guantnamo', 'El Salvador', 1),
(168, 16, 'Guantnamo', 'Guantnamo', 1),
(169, 16, 'Guantnamo', 'Imas', 1),
(170, 16, 'Guantnamo', 'Mais', 1),
(171, 16, 'Guantnamo', 'Manuel Tames', 1),
(172, 16, 'Guantnamo', 'Niceto Prez', 1),
(173, 16, 'Guantnamo', 'San Antonio del Sur', 1),
(174, 16, 'Guantnamo', 'Yateras', 1),
(175, 17, 'Isla de la Juventud', 'Nueva Gerona', 1);


INSERT INTO `pais` (`id`, `nombre`, `activo`) VALUES
(1, 'Cuba', 1);



INSERT INTO `provincias` (`id`, `pais_id`, `code`, `nombre`, `id_pais`, `activo`) VALUES
(1, 1, 'Habana', 'Habana', 1, 0),
(2, 1, 'Pinar del Rio', 'Pinar del Rio', 1, 1),
(3, 1, 'Matanzas', 'Matanzas', 1, 1),
(4, 1, 'Santiago de Cuba', 'Santiago de Cuba', 1, 1),
(5, 1, 'Cienfuegos', 'Cienfuegos', 1, 1),
(6, 1, 'Artemisa', 'Artemisa', 1, 1),
(7, 1, 'La Habana', 'La Habana', 1, 1),
(8, 1, 'Mayabeque', 'Mayabeque', 1, 1),
(9, 1, 'Villa Clara', 'Villa Clara', 1, 1),
(10, 1, 'Sancti Spritus', 'Sancti Spritus', 1, 1),
(11, 1, 'Ciego de vila', 'Ciego de vila', 1, 1),
(12, 1, 'Camagey', 'Camagey', 1, 1),
(13, 1, 'Las Tunas', 'Las Tunas', 1, 1),
(14, 1, 'Holgun', 'Holgun', 1, 1),
(15, 1, 'Granma', 'Granma', 1, 1),
(16, 1, 'Guantnamo', 'Guantnamo', 1, 1),
(17, 1, 'Isla de la Juventud', 'Isla de la Juventud', 1, 1);



INSERT INTO `servicios` (`id`, `nombre`, `codigo`, `abreviatura`) VALUES
(1, 'Recarga Cubacell', '0010', 'RC'),
(2, 'Recarga Nauta', '0020', 'RN'),
(3, 'Larga Distancia', '0030', 'LD'),
(4, 'Envio de Remesas', '0040', 'ER'),
(5, 'Boletos Areos', '0050', 'BA'),
(6, 'Renta de Hoteles', '0060', 'RH'),
(7, 'Renta de Autos', '0070', 'RA'),
(8, 'Excursiones', '0080', 'E'),
(9, 'Envio de paquetes', '0090', 'EP'),
(10, 'Paquetes Tursticos', '0100', 'PT'),
(11, 'Paquete Turstico Bsico', '0110', 'PTB'),
(12, 'Desarrollo de Software', '0120', 'DS'),
(13, 'Diseo', '0130', 'D'),
(14, 'Marketing y redes Sociales', '0140', 'MRS');


INSERT INTO `subcuenta` (`id`, `id_cuenta_id`, `nro_subcuenta`, `elemento_gasto`, `descripcion`, `deudora`, `activo`) VALUES
(1, 1, '0001', 0, 'Efectivo', 1, 1),
(2, 13, '00001', 0, 'En Almacen', 1, 1),
(3, 13, '0002', 0, 'En Uso', 1, 1),
(4, 14, '0020', 0, 'Produccion', 1, 1),
(5, 14, '0030', 0, 'Ventas', 0, 1),
(6, 14, '0040', 0, 'Otros Aumentos', 1, 1),
(7, 14, '0050', 0, 'Otras Disminuciones', 0, 1),
(8, 24, '01', 0, 'Saldo de Inico', 1, 1),
(9, 24, '0010', 0, 'Construccion y Montaje', 1, 1),
(10, 24, '00020', 0, 'Equipos', 1, 1),
(11, 24, '00030', 0, 'Otros Gastos', 1, 1),
(12, 24, '0999', 0, 'Traspaso a Activos Fijos', 0, 1),
(13, 25, '0100', 0, 'Compras del Periodo', 1, 1),
(14, 25, '0300', 0, 'Adquisicion del Periodo por Donaciones', 1, 1),
(15, 25, '0999', 0, 'Traspaso a Activos Fijos Tangibles', 0, 1),
(16, 2, '001', 0, 'fkldjskfljdslkf', 1, 0),
(17, 9, '0001', 0, 'Impuesto sobre las ventas', 1, 1),
(18, 9, '0002', 0, 'Aranceles de Aduana', 1, 1),
(19, 9, '0004', 0, 'Impuesto sobre Utilidades', 1, 1),
(20, 26, '0100', 0, 'Compras del Periodo', 1, 1),
(21, 26, '0999', 0, 'Traspaso a activos fijos intangibles', 0, 1),
(22, 27, '0010', 0, 'Saldo al Incio', 1, 1),
(23, 27, '0020', 1, 'Gastos por Elementos del Periodo', 1, 1),
(24, 27, '0030', 0, 'Amortizacion de Gastos', 0, 1),
(25, 28, '0010', 0, 'Saldo al Inicio', 1, 1),
(26, 28, '0020', 0, 'Gastos del Periodo', 1, 1),
(27, 28, '0030', 0, 'Amortizacion de Gastos', 0, 1),
(28, 29, '0010', 0, 'Perdidas por Deterioros', 1, 1),
(29, 29, '0020', 0, 'Perdidas de Cuentas por Cobrar', 1, 1),
(30, 30, '0010', 0, 'Medios Monetarios', 1, 1),
(31, 30, '0020', 0, 'Medios  Materiales', 1, 1),
(32, 31, '0010', 0, 'Ventas a Entidades', 1, 1),
(33, 31, '0020', 0, 'Ventas a Trabajadores', 1, 1),
(34, 41, '0001', 0, 'Impuesto sobre Ventas', 0, 1),
(35, 41, '0003', 0, 'Aranceles de Aduana', 0, 1),
(36, 41, '0004', 0, 'Impuesto sobre Utilidades', 0, 1),
(37, 41, '0005', 0, 'Impuesto Sobre la Renta', 0, 1),
(38, 54, '0010', 0, 'Compra o Adquisicin de Activos Fijos', 0, 1),
(39, 54, '0020', 0, 'Activos Fijos Intangibles', 0, 1),
(40, 54, '0030', 0, 'Recursos Monetarios', 0, 1),
(41, 54, '0040', 0, 'Recursos Materiales-Inventarios', 0, 1),
(42, 47, '0010', 0, 'Prestamos Recibidos de Entidades', 0, 1),
(43, 47, '0020', 0, 'Prestamos Recibidos de Bancos', 0, 1),
(44, 61, '0010', 0, 'Transferencias Recibidas de Unidades', 1, 1),
(45, 61, '0020', 0, 'Transferencias entre Almacenes', 1, 1),
(46, 61, '0099', 0, 'Operaciones de Ajustes en Inventarios', 1, 1),
(47, 62, '0010', 0, 'Transferencias entre Unidades', 0, 1),
(48, 62, '0020', 0, 'Transferencias de Inventarios entre almacenes', 0, 1),
(49, 62, '0099', 0, 'Operaciones de Ajustes de Inventarios', 0, 1),
(50, 63, '0010', 0, 'Saldo Inicio', 1, 1),
(51, 63, '0020', 1, 'Gastos del Periodo', 1, 1),
(52, 63, '0030', 0, 'Aumentos', 1, 1),
(53, 63, '0040', 0, 'Disminuciones', 0, 1),
(54, 63, '0050', 0, 'Traspaso a Produccion Terminada', 0, 1),
(55, 64, '0010', 0, 'Con Terceros', 1, 1),
(56, 64, '0020', 1, 'Con Medios Propios', 1, 1),
(57, 65, '0010', 0, 'Produccion', 1, 1),
(58, 65, '0020', 0, 'Mercancias', 1, 1),
(59, 15, '0010', 0, 'Recargas', 1, 1),
(60, 15, '0020', 0, 'Productos de Aseo y Perfumeria', 1, 1),
(61, 15, '0030', 0, 'Productos Alimenticios', 1, 1),
(62, 15, '0040', 0, 'Otros Productos', 1, 1),
(63, 36, '0010', 0, 'Proveedores Principales', 0, 1),
(64, 36, '0020', 0, 'Otros Proveedores', 0, 1),
(65, 10, '0010', 0, 'Materiales y Productos Aseo', 1, 1),
(66, 10, '0020', 0, 'Materiales y Produtos de Alimentos', 1, 1),
(67, 10, '0030', 0, 'Materiales y Productos de Medicamentos', 1, 1),
(68, 10, '0999', 0, 'Otros Materiales', 1, 1),
(69, 50, '0010', 0, 'Medios Monetarios', 0, 1),
(70, 50, '0020', 0, 'Recursos Materiales', 0, 1),
(71, 8, '0030', 0, 'Clientes Externos', 1, 1),
(72, 8, '0010', 0, 'Personas Naturales', 1, 1),
(73, 67, '0150', 0, 'Combo de Aseo', 1, 1),
(74, 67, '0170', 0, 'Combo de Alimentos', 1, 1),
(75, 67, '0160', 0, 'Combo de Medicamentos', 1, 1),
(76, 76, '0020', 0, 'Combo de Alimento', 1, 0),
(77, 76, '0010', 0, 'Combo de Aseo', 1, 0),
(78, 76, '0030', 0, 'Combo de Medicamentos', 1, 0),
(79, 76, '0150', 0, 'Combo de Aseo', 0, 1),
(80, 76, '0160', 0, 'Combo de Medicamento', 0, 1),
(81, 76, '0170', 0, 'Combo de Alimento', 0, 1),
(82, 75, '0010', 0, 'Recargas', 0, 1),
(83, 75, '0020', 0, 'Produccin', 0, 1),
(84, 75, '0030', 0, 'Alimento', 0, 1),
(85, 75, '0040', 0, 'Otros Productos', 0, 1),
(86, 75, '0050', 0, 'Medicamentos', 0, 0),
(87, 68, '0010', 0, 'Recargas', 1, 1),
(88, 68, '0020', 0, 'Produccin', 1, 1),
(89, 68, '0030', 0, 'Alimento', 1, 1),
(90, 68, '0040', 0, 'Otros Productos', 1, 1),
(91, 68, '0050', 0, 'Medicamentos', 1, 0),
(92, 66, '0010', 0, 'Mercancias', 1, 1),
(93, 66, '0020', 0, 'Produccion', 1, 1),
(94, 70, '0010', 0, '0010 Distribucion', 1, 0),
(95, 70, '0010', 1, 'Ventas', 1, 1),
(96, 70, '0020', 1, 'Distribucion', 1, 1),
(97, 69, '0010', 1, 'Agencia Horizontes', 1, 1),
(98, 83, '0010', 0, 'Venta de boletos de avion', 0, 0),
(99, 83, '0020', 0, 'Servicio de Remesas', 0, 0),
(100, 83, '0030', 0, 'Servicio de paqueteria', 0, 0),
(101, 84, '0010', 0, 'Costo de Venta de Boletos de Avion', 1, 0),
(102, 84, '0020', 0, 'Costo de Servicios de Remesa', 1, 0),
(103, 84, '0030', 0, 'Costo de Paqueteria', 1, 0),
(104, 8, '0020', 0, 'Clientes Internos', 1, 1),
(105, 84, '0010', 0, 'Recarga Cubacell', 1, 1),
(106, 84, '0020', 0, 'Recarga Nauta', 1, 1),
(107, 84, '0030', 0, 'Larga Distancia', 1, 1),
(108, 84, '0040', 0, 'Envio de Remesas', 1, 1),
(109, 84, '0050', 0, 'Boletos Areos', 1, 1),
(110, 84, '0060', 0, 'Renta de Hoteles', 1, 1),
(111, 84, '0070', 0, 'Renta de Autos', 1, 1),
(112, 84, '0080', 0, 'Excursiones', 1, 1),
(113, 84, '0090', 0, 'Envio de paquetes', 1, 1),
(114, 84, '0100', 0, 'Paquetes Tursticos', 1, 1),
(115, 84, '0110', 0, 'Trmites Migratorios', 1, 1),
(116, 84, '0120', 0, 'Desarrollo de Software', 1, 1),
(117, 84, '0130', 0, 'Diseo', 1, 1),
(118, 84, '0140', 0, 'Marketing y redes Sociales', 1, 1),
(119, 83, '0010', 0, 'Recarga Cubacell', 0, 1),
(120, 83, '0020', 0, 'Recarga Nauta', 0, 1),
(121, 83, '0030', 0, 'Larga Distancia', 0, 1),
(122, 83, '0040', 0, 'Envio de Remesas', 0, 1),
(123, 83, '0050', 0, 'Boletos Areos', 0, 1),
(124, 83, '0060', 0, 'Renta de Hoteles', 0, 1),
(125, 83, '0070', 0, 'Renta de Autos', 0, 1),
(126, 83, '0080', 0, 'Excursiones', 0, 1),
(127, 83, '0090', 0, 'Envio de paquetes', 0, 1),
(128, 83, '0100', 0, 'Paquetes Tursticos', 0, 1),
(129, 83, '0110', 0, 'Trmites Migratorios', 0, 1),
(130, 83, '0120', 0, 'Desarrollo de Software', 0, 1),
(131, 83, '0130', 0, 'Diseo', 0, 1),
(132, 83, '0140', 0, 'Marketing y redes Sociales', 0, 1),
(133, 2, '0001', 0, 'Efectivo', 1, 1),
(134, 33, '0010', 0, 'Depreciacion de Activos Fijos Tangibles', 0, 1),
(135, 80, '0010', 0, 'Otros ingresos', 1, 1),
(136, 85, '0010', 0, 'Compra de Activo Fijo', 0, 1),
(137, 54, '0050', 0, 'Entrega o Vaja de Activos Fijos', 1, 1),
(138, 22, '0010', 0, 'Activo Fijos', 1, 1),
(139, 74, '0010', 0, 'Gastos de ARS Patrimonial', 1, 1),
(140, 74, '0020', 0, 'Gastos AFP Patrimonial', 1, 1),
(141, 74, '0030', 0, 'Gastos  SRL-1.1%', 1, 1),
(142, 74, '0040', 0, 'Gastos Infotep-1%', 1, 1),
(143, 41, '0006', 0, 'ARS por Pagar', 0, 1),
(144, 41, '0007', 0, 'AFP por Pagar', 0, 1),
(145, 41, '0008', 0, 'Cooperativa por Pagar', 0, 1),
(146, 41, '0009', 0, 'Plan Mdico Adicional  por Pagar', 0, 1),
(147, 41, '0010', 0, 'Restaurant por Pagar', 0, 1),
(148, 41, '0011', 0, 'ARS Patrimonial por Pagar', 0, 1),
(149, 41, '0012', 0, 'AFP Patrimonial por Pagar', 0, 1),
(150, 41, '0013', 0, 'SRL-1.1% por Pagar', 0, 1),
(151, 41, '0014', 0, 'Infotep-1.1% por Pagar', 0, 1),
(152, 42, '0010', 0, 'Nominas por Pagar', 0, 1),
(153, 86, '0010', 0, 'Recarga Cubacell', 0, 1),
(154, 86, '0020', 0, 'Recarga Nauta', 0, 1),
(155, 86, '0030', 0, 'Larga Distancia', 0, 1),
(156, 86, '0040', 0, 'Envio de Remesas', 0, 1),
(157, 86, '0050', 0, 'Boletos Areos', 0, 1),
(158, 86, '0060', 0, 'Renta de Hoteles', 0, 1),
(159, 86, '0070', 0, 'Renta de Autos', 0, 1),
(160, 86, '0080', 0, 'Excursiones', 0, 1),
(161, 86, '0090', 0, 'Envio de paquetes', 0, 1),
(162, 86, '0100', 0, 'Paquetes Tursticos', 0, 1),
(163, 86, '0110', 0, 'Trmites Migratorios', 0, 1),
(164, 86, '0120', 0, 'Desarrollo de Software', 0, 1),
(165, 86, '0130', 0, 'Diseo', 0, 1),
(166, 86, '0140', 0, 'Marketing y redes Sociales', 0, 1),
(167, 39, '0010', 0, 'Cobros Anticipados', 0, 1),
(168, 66, '0030', 0, 'Servicios', 1, 1);


INSERT INTO `subcuenta_criterio_analisis` (`id`, `id_subcuenta_id`, `id_criterio_analisis_id`) VALUES
(1, 16, 2),
(2, 16, 3),
(3, 16, 4),
(4, 16, 5),
(5, 22, 11),
(7, 24, 11),
(8, 27, 11),
(9, 25, 11),
(10, 26, 11),
(11, 28, 11),
(12, 29, 11),
(13, 30, 11),
(14, 31, 11),
(15, 32, 6),
(16, 33, 8),
(17, 23, 11),
(24, 42, 6),
(25, 43, 14),
(26, 44, 2),
(27, 45, 1),
(28, 46, 1),
(29, 47, 2),
(30, 48, 1),
(31, 49, 1),
(38, 52, 11),
(39, 53, 11),
(41, 55, 4),
(42, 55, 6),
(43, 56, 4),
(44, 59, 1),
(45, 60, 1),
(46, 61, 1),
(47, 62, 1),
(50, 63, 6),
(51, 64, 6),
(54, 66, 1),
(55, 67, 1),
(56, 68, 1),
(57, 65, 1),
(58, 50, 3),
(59, 50, 10),
(64, 69, 11),
(65, 70, 11),
(66, 51, 3),
(67, 51, 5),
(68, 51, 10),
(69, 54, 3),
(70, 54, 10),
(73, 95, 3),
(74, 95, 5),
(75, 96, 3),
(76, 96, 5),
(77, 97, 3),
(78, 97, 5),
(81, 72, 6),
(82, 104, 6),
(83, 71, 6),
(88, 153, 6),
(89, 154, 6),
(91, 155, 6),
(92, 156, 6),
(93, 157, 6),
(94, 158, 6),
(95, 159, 6),
(96, 160, 6),
(97, 161, 6),
(98, 162, 6),
(99, 163, 6),
(100, 164, 6),
(101, 165, 6),
(102, 166, 6);



INSERT INTO `tasa_cambio` (`id`, `id_moneda_origen_id`, `id_moneda_destino_id`, `anno`, `mes`, `valor`, `activo`) VALUES
(1, 1, 4, 2021, 5, 30, 1),
(2, 4, 1, 2021, 5, 0.033333333333333, 1);


INSERT INTO `termino_pago` (`id`, `nombre`) VALUES
(1, 'Contra servicio'),
(2, 'A 7 das'),
(3, 'A 15 das'),
(4, 'A 30 das'),
(5, 'A 45 das');

INSERT INTO `tipo_comprobante` (`id`, `descripcion`, `activo`, `abreviatura`) VALUES
(1, 'COMPROBANTE DE APERTURA', 1, 'AP'),
(2, 'COMPROBANTE DE OPERACIONES', 1, '00');

INSERT INTO `tipo_cuenta` (`id`, `nombre`, `activo`) VALUES
(1, 'Activos Circulantes', 1),
(2, 'Activos a Largo Plazo', 1),
(3, 'Activos Fijos', 1),
(4, 'Activos Diferidos', 1),
(5, 'Otros Activos', 1),
(6, 'Cuentas Reguladoras de Activos', 1),
(7, 'Pasivos Circulantes', 1),
(8, 'Pasivos a Largo Plazo', 1),
(9, 'Pasivos Diferidos', 1),
(10, 'Otros Pasivos', 1),
(11, 'Capital Contable', 1),
(12, 'Gastos de Produccion', 1),
(13, 'Cuentas Nominales Deudoras', 1),
(14, 'Cuentas Nominales Acreedoras', 1),
(15, 'Cuenta de Resultado', 1);

INSERT INTO `tipo_documento` (`id`, `nombre`, `activo`) VALUES
(1, 'INFORME DE RECECIN MERCANCIA', 1),
(2, 'INFORME DE RECECIN PRODUCTO', 1),
(3, 'AJUSTE DE ENTRADA', 1),
(4, 'AJUSTE DE SALIDA', 1),
(5, 'TRANSFERENCIA DE ENTRADA', 1),
(6, 'TRANSFERENCIA DE SALIDA', 1),
(7, 'VALE DE SALIDA MERCANCIA', 1),
(8, 'VALE DE SALIDA PRODUCTO', 1),
(9, 'DEVOLUCION', 1),
(10, 'VENTA', 1),
(11, 'DEVOLUCION VENTA', 1),
(12, 'APERTURA', 1),
(13, 'APERTURA PRODUCTO', 1);

INSERT INTO `tipo_movimiento` (`id`, `descripcion`, `activo`, `codigo`) VALUES
(1, 'APERTURA', 1, 'AP'),
(2, 'COMPRA', 1, 'A'),
(3, 'TRASLADO INTERNO', 1, 'TI'),
(4, 'TRASLADOS ENVIADOS', 1, 'TE'),
(5, 'TRASLADOS RECIBIDOS', 1, 'TR'),
(6, 'BAJAS DE ACTIVOS', 1, 'BA'),
(7, 'VENTA DE ACTIVOS', 1, 'VA');

INSERT INTO `tipo_traslado` (`id`, `nombre`, `activo`) VALUES
(1, 'Privado', 1),
(2, 'Colectivo', 1);

INSERT INTO `unidad` (`id`, `id_padre_id`, `id_moneda_id`, `nombre`, `activo`, `codigo`, `direccion`, `telefono`, `correo`, `rnc`, `url`) VALUES
(1, NULL, NULL, 'Grupo Horizontes Admin', 1, NULL, 'Calle Juan Sanchez Ramirez esq Wenceslao Alvarez  #52 local B1 Zona Universitaria, Santo  Domingo , Repblica Dominicana', NULL, NULL, NULL, NULL);


INSERT INTO `unidad_medida` (`id`, `nombre`, `abreviatura`, `activo`) VALUES
(1, 'Centmetro', 'cm', 1),
(2, 'Metro', 'm', 1),
(3, 'Milmetro', 'mm', 1),
(4, 'Kilmetro', 'km', 1),
(5, 'Gramo', 'g', 1),
(6, 'Miligramo', 'mg', 1),
(7, 'Libra', 'lb', 1),
(8, 'Kilogramo', 'kg', 1),
(9, 'Mililitro', 'ml', 1),
(10, 'Litro', 'l', 1),
(11, 'Metro cuadrado', 'm', 1),
(12, 'Metro cbico', 'm', 1),
(13, 'Unidad', 'u', 1),
(14, 'Blister', 'Blister', 1);


INSERT INTO `user` (`id`, `username`, `roles`, `status`, `id_moneda`, `id_agencia`, `password`) VALUES
(1, 'root@solyag.com', '[\"ROLE_ADMIN\"]', 1, '1', NULL, '$argon2id$v=19$m=65536,t=4,p=1$b0tTTFd2OTEwZ1pMZXpoYw$4vh7/DGIgA6QKXFZiapxgmhv/OeSfs6ki30/FTLSOx4');



INSERT INTO `zona` (`id`, `nombre`, `activo`) VALUES
(1, 'Santo domingo', 1),
(2, 'Punta Cana', 1);


INSERT INTO `zona_remesas` (`id`, `pais_id`, `provincia_id`, `municipio_id`, `nombre`, `activo`) VALUES
(1, 1, 2, 10, 'mismi pinar', 0),
(2, 1, 2, 11, 'Rio Seco', 1),
(3, 1, 2, 11, 'San Juan y Martinez', 1),
(4, 1, 2, 11, 'Punta de Carta', 1),
(5, 1, 2, 11, 'San Juan y Martinez (periferia)', 1),
(6, 1, 7, 32, 'Guanabacoa', 1),
(7, 1, 7, 32, 'La Gallega', 1),
(8, 1, 7, 33, 'Campo Florido', 1),
(9, 1, 2, 5, 'Guane', 1),
(10, 1, 7, 37, 'Jaimanitas', 1);